2026-04-07 11:26:38 [INFO] [task_scheduler.cc:166] Initializing Task #0: "main"
2026-04-07 11:26:38 [INFO] [task_scheduler.cc:41] 
# from tvm.script import ir as I
# from tvm.script import tir as T

@I.ir_module
class Module:
    @T.prim_func
    def main(A: T.Buffer((16, 768), "float32"), B: T.Buffer((768, 768), "float32"), C: T.Buffer((16, 768), "float32")):
        T.func_attr({"tir.noalias": True})
        # with T.block("root"):
        for i, j, k in T.grid(16, 768, 768):
            with T.block("C"):
                vi, vj, vk = T.axis.remap("SSR", [i, j, k])
                T.reads(A[vi, vk], B[vk, vj])
                T.writes(C[vi, vj])
                with T.init():
                    C[vi, vj] = T.float32(0.0)
                C[vi, vj] = C[vi, vj] + A[vi, vk] * B[vk, vj]
2026-04-07 11:26:38 [INFO] [task_scheduler.cc:170] Total 3 design space(s) generated
2026-04-07 11:26:38 [INFO] [task_scheduler.cc:176] Design space #0:
# from tvm.script import ir as I
# from tvm.script import tir as T

@I.ir_module
class Module:
    @T.prim_func
    def main(A: T.Buffer((16, 768), "float32"), B: T.Buffer((768, 768), "float32"), C: T.Buffer((16, 768), "float32")):
        T.func_attr({"tir.noalias": True})
        with T.block("root"):
            T.reads()
            T.writes()
            T.block_attr({"meta_schedule.parallel": 128, "meta_schedule.unroll_explicit": 0, "meta_schedule.vectorize": 64})
            C_global = T.alloc_buffer((16, 768))
            for i_0, j_0, i_1, j_1 in T.grid(1, 64, 8, 6):
                for k_0, i_2, j_2, k_1, i_3, j_3 in T.grid(24, 1, 2, 32, 2, 1):
                    with T.block("C"):
                        vi = T.axis.spatial(16, i_0 * 16 + i_1 * 2 + i_2 * 2 + i_3)
                        vj = T.axis.spatial(768, j_0 * 12 + j_1 * 2 + j_2 + j_3)
                        vk = T.axis.reduce(768, k_0 * 32 + k_1)
                        T.reads(A[vi, vk], B[vk, vj])
                        T.writes(C_global[vi, vj])
                        T.block_attr({"meta_schedule.tiling_structure": "SSRSRS"})
                        with T.init():
                            C_global[vi, vj] = T.float32(0.0)
                        C_global[vi, vj] = C_global[vi, vj] + A[vi, vk] * B[vk, vj]
                for ax0, ax1 in T.grid(2, 2):
                    with T.block("C_global"):
                        v0 = T.axis.spatial(16, i_1 * 2 + ax0)
                        v1 = T.axis.spatial(768, j_0 * 12 + j_1 * 2 + ax1)
                        T.reads(C_global[v0, v1])
                        T.writes(C[v0, v1])
                        C[v0, v1] = C_global[v0, v1]
b0 = sch.get_block(name="C", func_name="main")
b1 = sch.get_block(name="root", func_name="main")
sch.annotate(block_or_loop=b0, ann_key="meta_schedule.tiling_structure", ann_val="SSRSRS")
l2, l3, l4 = sch.get_loops(block=b0)
v5, v6, v7, v8 = sch.sample_perfect_tile(loop=l2, n=4, max_innermost_factor=64, decision=[1, 8, 1, 2])
l9, l10, l11, l12 = sch.split(loop=l2, factors=[v5, v6, v7, v8], preserve_unit_iters=True, disable_predication=False)
v13, v14, v15, v16 = sch.sample_perfect_tile(loop=l3, n=4, max_innermost_factor=64, decision=[64, 6, 2, 1])
l17, l18, l19, l20 = sch.split(loop=l3, factors=[v13, v14, v15, v16], preserve_unit_iters=True, disable_predication=False)
v21, v22 = sch.sample_perfect_tile(loop=l4, n=2, max_innermost_factor=64, decision=[24, 32])
l23, l24 = sch.split(loop=l4, factors=[v21, v22], preserve_unit_iters=True, disable_predication=False)
sch.reorder(l9, l17, l10, l18, l23, l11, l19, l24, l12, l20)
b25 = sch.cache_write(block=b0, write_buffer_index=0, storage_scope="global")
sch.reverse_compute_at(block=b25, loop=l18, preserve_unit_loops=True, index=-1)
sch.annotate(block_or_loop=b1, ann_key="meta_schedule.parallel", ann_val=128)
sch.annotate(block_or_loop=b1, ann_key="meta_schedule.vectorize", ann_val=64)
v26 = sch.sample_categorical(candidates=[0, 16, 64, 512], probs=[0.25, 0.25, 0.25, 0.25], decision=0)
sch.annotate(block_or_loop=b1, ann_key="meta_schedule.unroll_explicit", ann_val=v26)
2026-04-07 11:26:38 [INFO] [task_scheduler.cc:176] Design space #1:
# from tvm.script import ir as I
# from tvm.script import tir as T

@I.ir_module
class Module:
    @T.prim_func
    def main(A: T.Buffer((16, 768), "float32"), B: T.Buffer((768, 768), "float32"), C: T.Buffer((16, 768), "float32")):
        T.func_attr({"tir.noalias": True})
        with T.block("root"):
            T.reads()
            T.writes()
            T.block_attr({"meta_schedule.parallel": 128, "meta_schedule.unroll_explicit": 512, "meta_schedule.vectorize": 64})
            C_global = T.alloc_buffer((16, 768))
            for i_0, j_0 in T.grid(1, 64):
                for i_1, j_1, k_0, i_2, j_2, k_1, i_3, j_3 in T.grid(8, 6, 24, 1, 2, 32, 2, 1):
                    with T.block("C"):
                        vi = T.axis.spatial(16, i_0 * 16 + i_1 * 2 + i_2 * 2 + i_3)
                        vj = T.axis.spatial(768, j_0 * 12 + j_1 * 2 + j_2 + j_3)
                        vk = T.axis.reduce(768, k_0 * 32 + k_1)
                        T.reads(A[vi, vk], B[vk, vj])
                        T.writes(C_global[vi, vj])
                        T.block_attr({"meta_schedule.tiling_structure": "SSRSRS"})
                        with T.init():
                            C_global[vi, vj] = T.float32(0.0)
                        C_global[vi, vj] = C_global[vi, vj] + A[vi, vk] * B[vk, vj]
                for ax0, ax1 in T.grid(16, 12):
                    with T.block("C_global"):
                        v0 = T.axis.spatial(16, ax0)
                        v1 = T.axis.spatial(768, j_0 * 12 + ax1)
                        T.reads(C_global[v0, v1])
                        T.writes(C[v0, v1])
                        C[v0, v1] = C_global[v0, v1]
b0 = sch.get_block(name="C", func_name="main")
b1 = sch.get_block(name="root", func_name="main")
sch.annotate(block_or_loop=b0, ann_key="meta_schedule.tiling_structure", ann_val="SSRSRS")
l2, l3, l4 = sch.get_loops(block=b0)
v5, v6, v7, v8 = sch.sample_perfect_tile(loop=l2, n=4, max_innermost_factor=64, decision=[1, 8, 1, 2])
l9, l10, l11, l12 = sch.split(loop=l2, factors=[v5, v6, v7, v8], preserve_unit_iters=True, disable_predication=False)
v13, v14, v15, v16 = sch.sample_perfect_tile(loop=l3, n=4, max_innermost_factor=64, decision=[64, 6, 2, 1])
l17, l18, l19, l20 = sch.split(loop=l3, factors=[v13, v14, v15, v16], preserve_unit_iters=True, disable_predication=False)
v21, v22 = sch.sample_perfect_tile(loop=l4, n=2, max_innermost_factor=64, decision=[24, 32])
l23, l24 = sch.split(loop=l4, factors=[v21, v22], preserve_unit_iters=True, disable_predication=False)
sch.reorder(l9, l17, l10, l18, l23, l11, l19, l24, l12, l20)
b25 = sch.cache_write(block=b0, write_buffer_index=0, storage_scope="global")
sch.reverse_compute_at(block=b25, loop=l17, preserve_unit_loops=True, index=-1)
sch.annotate(block_or_loop=b1, ann_key="meta_schedule.parallel", ann_val=128)
sch.annotate(block_or_loop=b1, ann_key="meta_schedule.vectorize", ann_val=64)
v26 = sch.sample_categorical(candidates=[0, 16, 64, 512], probs=[0.25, 0.25, 0.25, 0.25], decision=3)
sch.annotate(block_or_loop=b1, ann_key="meta_schedule.unroll_explicit", ann_val=v26)
2026-04-07 11:26:38 [INFO] [task_scheduler.cc:176] Design space #2:
# from tvm.script import ir as I
# from tvm.script import tir as T

@I.ir_module
class Module:
    @T.prim_func
    def main(A: T.Buffer((16, 768), "float32"), B: T.Buffer((768, 768), "float32"), C: T.Buffer((16, 768), "float32")):
        T.func_attr({"tir.noalias": True})
        with T.block("root"):
            T.reads()
            T.writes()
            T.block_attr({"meta_schedule.parallel": 128, "meta_schedule.unroll_explicit": 0, "meta_schedule.vectorize": 64})
            for i_0, j_0, i_1, j_1, k_0, i_2, j_2, k_1, i_3, j_3 in T.grid(1, 64, 8, 6, 24, 1, 2, 32, 2, 1):
                with T.block("C"):
                    vi = T.axis.spatial(16, i_0 * 16 + i_1 * 2 + i_2 * 2 + i_3)
                    vj = T.axis.spatial(768, j_0 * 12 + j_1 * 2 + j_2 + j_3)
                    vk = T.axis.reduce(768, k_0 * 32 + k_1)
                    T.reads(A[vi, vk], B[vk, vj])
                    T.writes(C[vi, vj])
                    T.block_attr({"meta_schedule.tiling_structure": "SSRSRS"})
                    with T.init():
                        C[vi, vj] = T.float32(0.0)
                    C[vi, vj] = C[vi, vj] + A[vi, vk] * B[vk, vj]
b0 = sch.get_block(name="C", func_name="main")
b1 = sch.get_block(name="root", func_name="main")
sch.annotate(block_or_loop=b0, ann_key="meta_schedule.tiling_structure", ann_val="SSRSRS")
l2, l3, l4 = sch.get_loops(block=b0)
v5, v6, v7, v8 = sch.sample_perfect_tile(loop=l2, n=4, max_innermost_factor=64, decision=[1, 8, 1, 2])
l9, l10, l11, l12 = sch.split(loop=l2, factors=[v5, v6, v7, v8], preserve_unit_iters=True, disable_predication=False)
v13, v14, v15, v16 = sch.sample_perfect_tile(loop=l3, n=4, max_innermost_factor=64, decision=[64, 6, 2, 1])
l17, l18, l19, l20 = sch.split(loop=l3, factors=[v13, v14, v15, v16], preserve_unit_iters=True, disable_predication=False)
v21, v22 = sch.sample_perfect_tile(loop=l4, n=2, max_innermost_factor=64, decision=[24, 32])
l23, l24 = sch.split(loop=l4, factors=[v21, v22], preserve_unit_iters=True, disable_predication=False)
sch.reorder(l9, l17, l10, l18, l23, l11, l19, l24, l12, l20)
sch.annotate(block_or_loop=b1, ann_key="meta_schedule.parallel", ann_val=128)
sch.annotate(block_or_loop=b1, ann_key="meta_schedule.vectorize", ann_val=64)
v25 = sch.sample_categorical(candidates=[0, 16, 64, 512], probs=[0.25, 0.25, 0.25, 0.25], decision=0)
sch.annotate(block_or_loop=b1, ann_key="meta_schedule.unroll_explicit", ann_val=v25)
2026-04-07 11:26:38 [INFO] [evolutionary_search.cc:711] Generating candidates......
2026-04-07 11:26:38 [INFO] [evolutionary_search.cc:713] Picked top 0 candidate(s) from database
2026-04-07 11:26:38 [INFO] [evolutionary_search.cc:530] Sample-Init-Population summary:
Postproc #0 [meta_schedule.DisallowDynamicLoop(0x5bdf39906588)]: 0 failure(s)
Postproc #1 [meta_schedule.RewriteParallelVectorizeUnroll(0x5bdf39810c38)]: 0 failure(s)
Postproc #2 [meta_schedule.RewriteReductionBlock(0x5bdf397a64d8)]: 0 failure(s)
Postproc #3 [meta_schedule.RewriteLayout(0x5bdf397bd0f8)]: 0 failure(s)
2026-04-07 11:26:38 [INFO] [evolutionary_search.cc:721] Sampled 614 candidate(s)
2026-04-07 11:26:39 [INFO] [evolutionary_search.cc:619] Evolve iter #0 done. Summary:
Postproc #0 [meta_schedule.DisallowDynamicLoop(0x5bdf39906588)]: 0 failure(s)
Postproc #1 [meta_schedule.RewriteParallelVectorizeUnroll(0x5bdf39810c38)]: 0 failure(s)
Postproc #2 [meta_schedule.RewriteReductionBlock(0x5bdf397a64d8)]: 0 failure(s)
Postproc #3 [meta_schedule.RewriteLayout(0x5bdf397bd0f8)]: 0 failure(s)
2026-04-07 11:26:39 [INFO] [evolutionary_search.cc:619] Evolve iter #1 done. Summary:
Postproc #0 [meta_schedule.DisallowDynamicLoop(0x5bdf39906588)]: 0 failure(s)
Postproc #1 [meta_schedule.RewriteParallelVectorizeUnroll(0x5bdf39810c38)]: 0 failure(s)
Postproc #2 [meta_schedule.RewriteReductionBlock(0x5bdf397a64d8)]: 0 failure(s)
Postproc #3 [meta_schedule.RewriteLayout(0x5bdf397bd0f8)]: 0 failure(s)
2026-04-07 11:26:39 [INFO] [evolutionary_search.cc:619] Evolve iter #2 done. Summary:
Postproc #0 [meta_schedule.DisallowDynamicLoop(0x5bdf39906588)]: 0 failure(s)
Postproc #1 [meta_schedule.RewriteParallelVectorizeUnroll(0x5bdf39810c38)]: 0 failure(s)
Postproc #2 [meta_schedule.RewriteReductionBlock(0x5bdf397a64d8)]: 0 failure(s)
Postproc #3 [meta_schedule.RewriteLayout(0x5bdf397bd0f8)]: 0 failure(s)
2026-04-07 11:26:40 [INFO] [evolutionary_search.cc:619] Evolve iter #3 done. Summary:
Postproc #0 [meta_schedule.DisallowDynamicLoop(0x5bdf39906588)]: 0 failure(s)
Postproc #1 [meta_schedule.RewriteParallelVectorizeUnroll(0x5bdf39810c38)]: 0 failure(s)
Postproc #2 [meta_schedule.RewriteReductionBlock(0x5bdf397a64d8)]: 0 failure(s)
Postproc #3 [meta_schedule.RewriteLayout(0x5bdf397bd0f8)]: 0 failure(s)
2026-04-07 11:26:40 [INFO] [evolutionary_search.cc:647] Scores of the best 64 candidates:
[1 : 16]:	0.9987  0.9982  0.9966  0.9965  0.9961  0.9959  0.9949  0.9944  0.9944  0.9944  0.9931  0.9931  0.9921  0.9919  0.9918  0.9907
[17 : 32]:	0.9903  0.9895  0.9890  0.9888  0.9882  0.9882  0.9881  0.9881  0.9880  0.9880  0.9879  0.9878  0.9875  0.9870  0.9854  0.9854
[33 : 48]:	0.9838  0.9831  0.9831  0.9828  0.9825  0.9824  0.9821  0.9820  0.9814  0.9812  0.9802  0.9788  0.9787  0.9785  0.9784  0.9784
[49 : 64]:	0.9772  0.9757  0.9750  0.9750  0.9750  0.9739  0.9731  0.9731  0.9728  0.9726  0.9710  0.9703  0.9700  0.9691  0.9688  0.9685
2026-04-07 11:26:40 [INFO] [evolutionary_search.cc:725] Got 64 candidate(s) with evolutionary search
2026-04-07 11:26:40 [INFO] [evolutionary_search.cc:728] Sending 64 candidates(s) for measurement
2026-04-07 11:27:04 [INFO] [task_scheduler.cc:137] [Task #0: main] Trial #1: GFLOPs: 43.9942. Time: 429.0198 us. Best GFLOPs: 43.9942
2026-04-07 11:27:04 [INFO] [task_scheduler.cc:137] [Task #0: main] Trial #2: GFLOPs: 102.3583. Time: 184.3951 us. Best GFLOPs: 102.3583
2026-04-07 11:27:04 [INFO] [task_scheduler.cc:137] [Task #0: main] Trial #3: GFLOPs: 51.8226. Time: 364.2109 us. Best GFLOPs: 102.3583
2026-04-07 11:27:04 [INFO] [task_scheduler.cc:137] [Task #0: main] Trial #4: GFLOPs: 60.3892. Time: 312.5452 us. Best GFLOPs: 102.3583
2026-04-07 11:27:04 [INFO] [task_scheduler.cc:137] [Task #0: main] Trial #5: GFLOPs: 99.6359. Time: 189.4335 us. Best GFLOPs: 102.3583
2026-04-07 11:27:04 [INFO] [task_scheduler.cc:137] [Task #0: main] Trial #6: GFLOPs: 83.8019. Time: 225.2260 us. Best GFLOPs: 102.3583
2026-04-07 11:27:04 [INFO] [task_scheduler.cc:137] [Task #0: main] Trial #7: GFLOPs: 28.5614. Time: 660.8346 us. Best GFLOPs: 102.3583
2026-04-07 11:27:04 [INFO] [task_scheduler.cc:137] [Task #0: main] Trial #8: GFLOPs: 23.8799. Time: 790.3869 us. Best GFLOPs: 102.3583
2026-04-07 11:27:04 [INFO] [task_scheduler.cc:137] [Task #0: main] Trial #9: GFLOPs: 48.3685. Time: 390.2203 us. Best GFLOPs: 102.3583
2026-04-07 11:27:04 [INFO] [task_scheduler.cc:137] [Task #0: main] Trial #10: GFLOPs: 86.4295. Time: 218.3788 us. Best GFLOPs: 102.3583
2026-04-07 11:27:04 [INFO] [task_scheduler.cc:137] [Task #0: main] Trial #11: GFLOPs: 47.1866. Time: 399.9940 us. Best GFLOPs: 102.3583
2026-04-07 11:27:04 [INFO] [task_scheduler.cc:137] [Task #0: main] Trial #12: GFLOPs: 10.7029. Time: 1763.4829 us. Best GFLOPs: 102.3583
2026-04-07 11:27:04 [INFO] [task_scheduler.cc:137] [Task #0: main] Trial #13: GFLOPs: 83.3369. Time: 226.4826 us. Best GFLOPs: 102.3583
2026-04-07 11:27:04 [INFO] [task_scheduler.cc:137] [Task #0: main] Trial #14: GFLOPs: 9.7179. Time: 1942.2362 us. Best GFLOPs: 102.3583
2026-04-07 11:27:04 [INFO] [task_scheduler.cc:137] [Task #0: main] Trial #15: GFLOPs: 57.7031. Time: 327.0947 us. Best GFLOPs: 102.3583
2026-04-07 11:27:04 [INFO] [task_scheduler.cc:137] [Task #0: main] Trial #16: GFLOPs: 25.0768. Time: 752.6614 us. Best GFLOPs: 102.3583
2026-04-07 11:27:04 [INFO] [task_scheduler.cc:137] [Task #0: main] Trial #17: GFLOPs: 37.8756. Time: 498.3256 us. Best GFLOPs: 102.3583
2026-04-07 11:27:04 [INFO] [task_scheduler.cc:137] [Task #0: main] Trial #18: GFLOPs: 45.6115. Time: 413.8075 us. Best GFLOPs: 102.3583
2026-04-07 11:27:04 [INFO] [task_scheduler.cc:137] [Task #0: main] Trial #19: GFLOPs: 30.8753. Time: 611.3093 us. Best GFLOPs: 102.3583
2026-04-07 11:27:04 [INFO] [task_scheduler.cc:137] [Task #0: main] Trial #20: GFLOPs: 103.8188. Time: 181.8011 us. Best GFLOPs: 103.8188
2026-04-07 11:27:04 [INFO] [task_scheduler.cc:137] [Task #0: main] Trial #21: GFLOPs: 27.7066. Time: 681.2219 us. Best GFLOPs: 103.8188
2026-04-07 11:27:04 [INFO] [task_scheduler.cc:137] [Task #0: main] Trial #22: GFLOPs: 35.4366. Time: 532.6232 us. Best GFLOPs: 103.8188
2026-04-07 11:27:04 [INFO] [task_scheduler.cc:137] [Task #0: main] Trial #23: GFLOPs: 70.7199. Time: 266.8890 us. Best GFLOPs: 103.8188
2026-04-07 11:27:04 [INFO] [task_scheduler.cc:137] [Task #0: main] Trial #24: GFLOPs: 61.4492. Time: 307.1539 us. Best GFLOPs: 103.8188
2026-04-07 11:27:04 [INFO] [task_scheduler.cc:137] [Task #0: main] Trial #25: GFLOPs: 57.4922. Time: 328.2946 us. Best GFLOPs: 103.8188
2026-04-07 11:27:04 [INFO] [task_scheduler.cc:137] [Task #0: main] Trial #26: GFLOPs: 19.6762. Time: 959.2465 us. Best GFLOPs: 103.8188
2026-04-07 11:27:04 [INFO] [task_scheduler.cc:137] [Task #0: main] Trial #27: GFLOPs: 56.0689. Time: 336.6280 us. Best GFLOPs: 103.8188
2026-04-07 11:27:04 [INFO] [task_scheduler.cc:137] [Task #0: main] Trial #28: GFLOPs: 20.7718. Time: 908.6525 us. Best GFLOPs: 103.8188
2026-04-07 11:27:04 [INFO] [task_scheduler.cc:137] [Task #0: main] Trial #29: GFLOPs: 70.8951. Time: 266.2295 us. Best GFLOPs: 103.8188
2026-04-07 11:27:04 [INFO] [task_scheduler.cc:137] [Task #0: main] Trial #30: GFLOPs: 17.2767. Time: 1092.4770 us. Best GFLOPs: 103.8188
2026-04-07 11:27:04 [INFO] [task_scheduler.cc:137] [Task #0: main] Trial #31: GFLOPs: 26.3316. Time: 716.7953 us. Best GFLOPs: 103.8188
2026-04-07 11:27:04 [INFO] [task_scheduler.cc:137] [Task #0: main] Trial #32: GFLOPs: 34.6355. Time: 544.9427 us. Best GFLOPs: 103.8188
2026-04-07 11:27:04 [INFO] [task_scheduler.cc:137] [Task #0: main] Trial #33: GFLOPs: 45.1255. Time: 418.2641 us. Best GFLOPs: 103.8188
2026-04-07 11:27:04 [INFO] [task_scheduler.cc:137] [Task #0: main] Trial #34: GFLOPs: 28.9742. Time: 651.4194 us. Best GFLOPs: 103.8188
2026-04-07 11:27:04 [INFO] [task_scheduler.cc:137] [Task #0: main] Trial #35: GFLOPs: 22.6761. Time: 832.3475 us. Best GFLOPs: 103.8188
2026-04-07 11:27:04 [INFO] [task_scheduler.cc:137] [Task #0: main] Trial #36: GFLOPs: 33.9613. Time: 555.7611 us. Best GFLOPs: 103.8188
2026-04-07 11:27:04 [INFO] [task_scheduler.cc:137] [Task #0: main] Trial #37: GFLOPs: 52.3405. Time: 360.6073 us. Best GFLOPs: 103.8188
2026-04-07 11:27:04 [INFO] [task_scheduler.cc:137] [Task #0: main] Trial #38: GFLOPs: 41.1042. Time: 459.1836 us. Best GFLOPs: 103.8188
2026-04-07 11:27:04 [INFO] [task_scheduler.cc:137] [Task #0: main] Trial #39: GFLOPs: 62.3531. Time: 302.7015 us. Best GFLOPs: 103.8188
2026-04-07 11:27:04 [INFO] [task_scheduler.cc:137] [Task #0: main] Trial #40: GFLOPs: 6.4765. Time: 2914.2711 us. Best GFLOPs: 103.8188
2026-04-07 11:27:04 [INFO] [task_scheduler.cc:137] [Task #0: main] Trial #41: GFLOPs: 72.3091. Time: 261.0232 us. Best GFLOPs: 103.8188
2026-04-07 11:27:04 [INFO] [task_scheduler.cc:137] [Task #0: main] Trial #42: GFLOPs: 46.8766. Time: 402.6392 us. Best GFLOPs: 103.8188
2026-04-07 11:27:04 [INFO] [task_scheduler.cc:137] [Task #0: main] Trial #43: GFLOPs: 92.0201. Time: 205.1113 us. Best GFLOPs: 103.8188
2026-04-07 11:27:04 [INFO] [task_scheduler.cc:137] [Task #0: main] Trial #44: GFLOPs: 43.8074. Time: 430.8491 us. Best GFLOPs: 103.8188
2026-04-07 11:27:04 [INFO] [task_scheduler.cc:137] [Task #0: main] Trial #45: GFLOPs: 36.7534. Time: 513.5406 us. Best GFLOPs: 103.8188
2026-04-07 11:27:04 [INFO] [task_scheduler.cc:137] [Task #0: main] Trial #46: GFLOPs: 38.0644. Time: 495.8533 us. Best GFLOPs: 103.8188
2026-04-07 11:27:04 [INFO] [task_scheduler.cc:137] [Task #0: main] Trial #47: GFLOPs: 25.9423. Time: 727.5510 us. Best GFLOPs: 103.8188
2026-04-07 11:27:04 [INFO] [task_scheduler.cc:137] [Task #0: main] Trial #48: GFLOPs: 18.9218. Time: 997.4939 us. Best GFLOPs: 103.8188
2026-04-07 11:27:04 [INFO] [task_scheduler.cc:137] [Task #0: main] Trial #49: GFLOPs: 74.6680. Time: 252.7773 us. Best GFLOPs: 103.8188
2026-04-07 11:27:04 [INFO] [task_scheduler.cc:137] [Task #0: main] Trial #50: GFLOPs: 13.5704. Time: 1390.8479 us. Best GFLOPs: 103.8188
2026-04-07 11:27:04 [INFO] [task_scheduler.cc:137] [Task #0: main] Trial #51: GFLOPs: 41.9694. Time: 449.7179 us. Best GFLOPs: 103.8188
2026-04-07 11:27:04 [INFO] [task_scheduler.cc:137] [Task #0: main] Trial #52: GFLOPs: 59.6921. Time: 316.1955 us. Best GFLOPs: 103.8188
2026-04-07 11:27:04 [INFO] [task_scheduler.cc:137] [Task #0: main] Trial #53: GFLOPs: 49.3087. Time: 382.7797 us. Best GFLOPs: 103.8188
2026-04-07 11:27:04 [INFO] [task_scheduler.cc:137] [Task #0: main] Trial #54: GFLOPs: 50.5140. Time: 373.6465 us. Best GFLOPs: 103.8188
2026-04-07 11:27:04 [INFO] [task_scheduler.cc:137] [Task #0: main] Trial #55: GFLOPs: 31.9585. Time: 590.5900 us. Best GFLOPs: 103.8188
2026-04-07 11:27:04 [INFO] [task_scheduler.cc:137] [Task #0: main] Trial #56: GFLOPs: 40.6891. Time: 463.8681 us. Best GFLOPs: 103.8188
2026-04-07 11:27:04 [INFO] [task_scheduler.cc:137] [Task #0: main] Trial #57: GFLOPs: 30.0714. Time: 627.6527 us. Best GFLOPs: 103.8188
2026-04-07 11:27:04 [INFO] [task_scheduler.cc:137] [Task #0: main] Trial #58: GFLOPs: 75.9003. Time: 248.6733 us. Best GFLOPs: 103.8188
2026-04-07 11:27:04 [INFO] [task_scheduler.cc:137] [Task #0: main] Trial #59: GFLOPs: 21.0619. Time: 896.1398 us. Best GFLOPs: 103.8188
2026-04-07 11:27:04 [INFO] [task_scheduler.cc:137] [Task #0: main] Trial #60: GFLOPs: 11.3514. Time: 1662.7352 us. Best GFLOPs: 103.8188
2026-04-07 11:27:04 [INFO] [task_scheduler.cc:137] [Task #0: main] Trial #61: GFLOPs: 117.0628. Time: 161.2328 us. Best GFLOPs: 117.0628
2026-04-07 11:27:04 [INFO] [task_scheduler.cc:137] [Task #0: main] Trial #62: GFLOPs: 19.6847. Time: 958.8338 us. Best GFLOPs: 117.0628
2026-04-07 11:27:04 [INFO] [task_scheduler.cc:137] [Task #0: main] Trial #63: GFLOPs: 55.7727. Time: 338.4161 us. Best GFLOPs: 117.0628
2026-04-07 11:27:04 [INFO] [task_scheduler.cc:137] [Task #0: main] Trial #64: GFLOPs: 49.2543. Time: 383.2025 us. Best GFLOPs: 117.0628
2026-04-07 11:27:04 [INFO] [evolutionary_search.cc:711] Generating candidates......
2026-04-07 11:27:04 [INFO] [evolutionary_search.cc:713] Picked top 64 candidate(s) from database
2026-04-07 11:27:05 [INFO] [evolutionary_search.cc:530] Sample-Init-Population summary:
Postproc #0 [meta_schedule.DisallowDynamicLoop(0x5bdf39906588)]: 0 failure(s)
Postproc #1 [meta_schedule.RewriteParallelVectorizeUnroll(0x5bdf39810c38)]: 0 failure(s)
Postproc #2 [meta_schedule.RewriteReductionBlock(0x5bdf397a64d8)]: 0 failure(s)
Postproc #3 [meta_schedule.RewriteLayout(0x5bdf397bd0f8)]: 0 failure(s)
2026-04-07 11:27:05 [INFO] [evolutionary_search.cc:721] Sampled 550 candidate(s)
2026-04-07 11:27:05 [INFO] [evolutionary_search.cc:619] Evolve iter #0 done. Summary:
Postproc #0 [meta_schedule.DisallowDynamicLoop(0x5bdf39906588)]: 0 failure(s)
Postproc #1 [meta_schedule.RewriteParallelVectorizeUnroll(0x5bdf39810c38)]: 0 failure(s)
Postproc #2 [meta_schedule.RewriteReductionBlock(0x5bdf397a64d8)]: 0 failure(s)
Postproc #3 [meta_schedule.RewriteLayout(0x5bdf397bd0f8)]: 0 failure(s)
2026-04-07 11:27:05 [INFO] [evolutionary_search.cc:619] Evolve iter #1 done. Summary:
Postproc #0 [meta_schedule.DisallowDynamicLoop(0x5bdf39906588)]: 0 failure(s)
Postproc #1 [meta_schedule.RewriteParallelVectorizeUnroll(0x5bdf39810c38)]: 0 failure(s)
Postproc #2 [meta_schedule.RewriteReductionBlock(0x5bdf397a64d8)]: 0 failure(s)
Postproc #3 [meta_schedule.RewriteLayout(0x5bdf397bd0f8)]: 0 failure(s)
2026-04-07 11:27:05 [INFO] [evolutionary_search.cc:619] Evolve iter #2 done. Summary:
Postproc #0 [meta_schedule.DisallowDynamicLoop(0x5bdf39906588)]: 0 failure(s)
Postproc #1 [meta_schedule.RewriteParallelVectorizeUnroll(0x5bdf39810c38)]: 0 failure(s)
Postproc #2 [meta_schedule.RewriteReductionBlock(0x5bdf397a64d8)]: 0 failure(s)
Postproc #3 [meta_schedule.RewriteLayout(0x5bdf397bd0f8)]: 0 failure(s)
2026-04-07 11:27:06 [INFO] [evolutionary_search.cc:619] Evolve iter #3 done. Summary:
Postproc #0 [meta_schedule.DisallowDynamicLoop(0x5bdf39906588)]: 0 failure(s)
Postproc #1 [meta_schedule.RewriteParallelVectorizeUnroll(0x5bdf39810c38)]: 0 failure(s)
Postproc #2 [meta_schedule.RewriteReductionBlock(0x5bdf397a64d8)]: 0 failure(s)
Postproc #3 [meta_schedule.RewriteLayout(0x5bdf397bd0f8)]: 0 failure(s)
2026-04-07 11:27:06 [INFO] [evolutionary_search.cc:647] Scores of the best 64 candidates:
[1 : 16]:	0.9995  0.9993  0.9993  0.9992  0.9988  0.9983  0.9976  0.9973  0.9972  0.9966  0.9957  0.9950  0.9947  0.9945  0.9938  0.9937
[17 : 32]:	0.9927  0.9924  0.9921  0.9921  0.9917  0.9915  0.9907  0.9907  0.9894  0.9882  0.9882  0.9882  0.9879  0.9878  0.9877  0.9874
[33 : 48]:	0.9867  0.9862  0.9856  0.9851  0.9848  0.9842  0.9840  0.9832  0.9830  0.9828  0.9826  0.9826  0.9822  0.9821  0.9821  0.9819
[49 : 64]:	0.9819  0.9816  0.9814  0.9813  0.9812  0.9812  0.9802  0.9799  0.9782  0.9765  0.9760  0.9759  0.9757  0.9752  0.9743  0.9742
2026-04-07 11:27:06 [INFO] [evolutionary_search.cc:725] Got 64 candidate(s) with evolutionary search
2026-04-07 11:27:06 [INFO] [evolutionary_search.cc:728] Sending 63 candidates(s) for measurement
2026-04-07 11:27:32 [INFO] [task_scheduler.cc:137] [Task #0: main] Trial #65: GFLOPs: 25.7364. Time: 733.3714 us. Best GFLOPs: 117.0628
2026-04-07 11:27:32 [INFO] [task_scheduler.cc:137] [Task #0: main] Trial #66: GFLOPs: 18.9494. Time: 996.0382 us. Best GFLOPs: 117.0628
2026-04-07 11:27:32 [INFO] [task_scheduler.cc:137] [Task #0: main] Trial #67: GFLOPs: 14.5233. Time: 1299.5930 us. Best GFLOPs: 117.0628
2026-04-07 11:27:32 [INFO] [task_scheduler.cc:137] [Task #0: main] Trial #68: GFLOPs: 20.1618. Time: 936.1450 us. Best GFLOPs: 117.0628
2026-04-07 11:27:32 [INFO] [task_scheduler.cc:137] [Task #0: main] Trial #69: GFLOPs: 73.4286. Time: 257.0437 us. Best GFLOPs: 117.0628
2026-04-07 11:27:32 [INFO] [task_scheduler.cc:137] [Task #0: main] Trial #70: GFLOPs: 36.4661. Time: 517.5868 us. Best GFLOPs: 117.0628
2026-04-07 11:27:32 [INFO] [task_scheduler.cc:137] [Task #0: main] Trial #71: GFLOPs: 17.0172. Time: 1109.1345 us. Best GFLOPs: 117.0628
2026-04-07 11:27:32 [INFO] [task_scheduler.cc:137] [Task #0: main] Trial #72: GFLOPs: 97.0609. Time: 194.4590 us. Best GFLOPs: 117.0628
2026-04-07 11:27:32 [INFO] [task_scheduler.cc:137] [Task #0: main] Trial #73: GFLOPs: 47.2851. Time: 399.1611 us. Best GFLOPs: 117.0628
2026-04-07 11:27:32 [INFO] [task_scheduler.cc:137] [Task #0: main] Trial #74: GFLOPs: 19.6830. Time: 958.9193 us. Best GFLOPs: 117.0628
2026-04-07 11:27:32 [INFO] [task_scheduler.cc:137] [Task #0: main] Trial #75: GFLOPs: 36.3400. Time: 519.3831 us. Best GFLOPs: 117.0628
2026-04-07 11:27:32 [INFO] [task_scheduler.cc:137] [Task #0: main] Trial #76: GFLOPs: 22.5991. Time: 835.1841 us. Best GFLOPs: 117.0628
2026-04-07 11:27:32 [INFO] [task_scheduler.cc:137] [Task #0: main] Trial #77: GFLOPs: 49.0953. Time: 384.4437 us. Best GFLOPs: 117.0628
2026-04-07 11:27:32 [INFO] [task_scheduler.cc:137] [Task #0: main] Trial #78: GFLOPs: 56.2266. Time: 335.6840 us. Best GFLOPs: 117.0628
2026-04-07 11:27:32 [INFO] [task_scheduler.cc:137] [Task #0: main] Trial #79: GFLOPs: 48.6484. Time: 387.9750 us. Best GFLOPs: 117.0628
2026-04-07 11:27:32 [INFO] [task_scheduler.cc:137] [Task #0: main] Trial #80: GFLOPs: 18.3018. Time: 1031.2844 us. Best GFLOPs: 117.0628
2026-04-07 11:27:32 [INFO] [task_scheduler.cc:137] [Task #0: main] Trial #81: GFLOPs: 25.0600. Time: 753.1685 us. Best GFLOPs: 117.0628
2026-04-07 11:27:32 [INFO] [task_scheduler.cc:137] [Task #0: main] Trial #82: GFLOPs: 82.0570. Time: 230.0153 us. Best GFLOPs: 117.0628
2026-04-07 11:27:32 [INFO] [task_scheduler.cc:137] [Task #0: main] Trial #83: GFLOPs: 7.9916. Time: 2361.7880 us. Best GFLOPs: 117.0628
2026-04-07 11:27:32 [INFO] [task_scheduler.cc:137] [Task #0: main] Trial #84: GFLOPs: 36.0904. Time: 522.9743 us. Best GFLOPs: 117.0628
2026-04-07 11:27:32 [INFO] [task_scheduler.cc:137] [Task #0: main] Trial #85: GFLOPs: 64.3170. Time: 293.4584 us. Best GFLOPs: 117.0628
2026-04-07 11:27:32 [INFO] [task_scheduler.cc:137] [Task #0: main] Trial #86: GFLOPs: 28.2340. Time: 668.4988 us. Best GFLOPs: 117.0628
2026-04-07 11:27:32 [INFO] [task_scheduler.cc:137] [Task #0: main] Trial #87: GFLOPs: 68.9063. Time: 273.9136 us. Best GFLOPs: 117.0628
2026-04-07 11:27:32 [INFO] [task_scheduler.cc:137] [Task #0: main] Trial #88: GFLOPs: 12.1092. Time: 1558.6790 us. Best GFLOPs: 117.0628
2026-04-07 11:27:32 [INFO] [task_scheduler.cc:137] [Task #0: main] Trial #89: GFLOPs: 54.8172. Time: 344.3145 us. Best GFLOPs: 117.0628
2026-04-07 11:27:32 [INFO] [task_scheduler.cc:137] [Task #0: main] Trial #90: GFLOPs: 9.2472. Time: 2041.0850 us. Best GFLOPs: 117.0628
2026-04-07 11:27:32 [INFO] [task_scheduler.cc:137] [Task #0: main] Trial #91: GFLOPs: 30.1640. Time: 625.7248 us. Best GFLOPs: 117.0628
2026-04-07 11:27:32 [INFO] [task_scheduler.cc:137] [Task #0: main] Trial #92: GFLOPs: 71.6526. Time: 263.4149 us. Best GFLOPs: 117.0628
2026-04-07 11:27:32 [INFO] [task_scheduler.cc:137] [Task #0: main] Trial #93: GFLOPs: 54.5134. Time: 346.2337 us. Best GFLOPs: 117.0628
2026-04-07 11:27:32 [INFO] [task_scheduler.cc:137] [Task #0: main] Trial #94: GFLOPs: 25.3176. Time: 745.5037 us. Best GFLOPs: 117.0628
2026-04-07 11:27:32 [INFO] [task_scheduler.cc:137] [Task #0: main] Trial #95: GFLOPs: 32.8350. Time: 574.8251 us. Best GFLOPs: 117.0628
2026-04-07 11:27:32 [INFO] [task_scheduler.cc:137] [Task #0: main] Trial #96: GFLOPs: 67.8412. Time: 278.2140 us. Best GFLOPs: 117.0628
2026-04-07 11:27:32 [INFO] [task_scheduler.cc:137] [Task #0: main] Trial #97: GFLOPs: 23.8067. Time: 792.8177 us. Best GFLOPs: 117.0628
2026-04-07 11:27:32 [INFO] [task_scheduler.cc:137] [Task #0: main] Trial #98: GFLOPs: 70.7897. Time: 266.6260 us. Best GFLOPs: 117.0628
2026-04-07 11:27:32 [INFO] [task_scheduler.cc:137] [Task #0: main] Trial #99: GFLOPs: 14.3339. Time: 1316.7643 us. Best GFLOPs: 117.0628
2026-04-07 11:27:32 [INFO] [task_scheduler.cc:137] [Task #0: main] Trial #100: GFLOPs: 71.3361. Time: 264.5838 us. Best GFLOPs: 117.0628
2026-04-07 11:27:32 [INFO] [task_scheduler.cc:137] [Task #0: main] Trial #101: GFLOPs: 24.1764. Time: 780.6923 us. Best GFLOPs: 117.0628
2026-04-07 11:27:32 [INFO] [task_scheduler.cc:137] [Task #0: main] Trial #102: GFLOPs: 58.3913. Time: 323.2396 us. Best GFLOPs: 117.0628
2026-04-07 11:27:32 [INFO] [task_scheduler.cc:137] [Task #0: main] Trial #103: GFLOPs: 85.2731. Time: 221.3402 us. Best GFLOPs: 117.0628
2026-04-07 11:27:32 [INFO] [task_scheduler.cc:137] [Task #0: main] Trial #104: GFLOPs: 17.7151. Time: 1065.4398 us. Best GFLOPs: 117.0628
2026-04-07 11:27:32 [INFO] [task_scheduler.cc:137] [Task #0: main] Trial #105: GFLOPs: 64.8577. Time: 291.0121 us. Best GFLOPs: 117.0628
2026-04-07 11:27:32 [INFO] [task_scheduler.cc:137] [Task #0: main] Trial #106: GFLOPs: 30.7170. Time: 614.4594 us. Best GFLOPs: 117.0628
2026-04-07 11:27:32 [INFO] [task_scheduler.cc:137] [Task #0: main] Trial #107: GFLOPs: 97.3100. Time: 193.9613 us. Best GFLOPs: 117.0628
2026-04-07 11:27:32 [INFO] [task_scheduler.cc:137] [Task #0: main] Trial #108: GFLOPs: 55.3915. Time: 340.7447 us. Best GFLOPs: 117.0628
2026-04-07 11:27:32 [INFO] [task_scheduler.cc:137] [Task #0: main] Trial #109: GFLOPs: 62.1667. Time: 303.6088 us. Best GFLOPs: 117.0628
2026-04-07 11:27:32 [INFO] [task_scheduler.cc:137] [Task #0: main] Trial #110: GFLOPs: 61.7173. Time: 305.8199 us. Best GFLOPs: 117.0628
2026-04-07 11:27:32 [INFO] [task_scheduler.cc:137] [Task #0: main] Trial #111: GFLOPs: 78.6592. Time: 239.9513 us. Best GFLOPs: 117.0628
2026-04-07 11:27:32 [INFO] [task_scheduler.cc:137] [Task #0: main] Trial #112: GFLOPs: 43.8183. Time: 430.7414 us. Best GFLOPs: 117.0628
2026-04-07 11:27:32 [INFO] [task_scheduler.cc:137] [Task #0: main] Trial #113: GFLOPs: 13.6625. Time: 1381.4753 us. Best GFLOPs: 117.0628
2026-04-07 11:27:32 [INFO] [task_scheduler.cc:137] [Task #0: main] Trial #114: GFLOPs: 33.0720. Time: 570.7052 us. Best GFLOPs: 117.0628
2026-04-07 11:27:32 [INFO] [task_scheduler.cc:137] [Task #0: main] Trial #115: GFLOPs: 21.5926. Time: 874.1141 us. Best GFLOPs: 117.0628
2026-04-07 11:27:32 [INFO] [task_scheduler.cc:137] [Task #0: main] Trial #116: GFLOPs: 17.0926. Time: 1104.2426 us. Best GFLOPs: 117.0628
2026-04-07 11:27:32 [INFO] [task_scheduler.cc:137] [Task #0: main] Trial #117: GFLOPs: 35.3809. Time: 533.4620 us. Best GFLOPs: 117.0628
2026-04-07 11:27:32 [INFO] [task_scheduler.cc:137] [Task #0: main] Trial #118: GFLOPs: 68.9171. Time: 273.8706 us. Best GFLOPs: 117.0628
2026-04-07 11:27:32 [INFO] [task_scheduler.cc:137] [Task #0: main] Trial #119: GFLOPs: 45.6491. Time: 413.4663 us. Best GFLOPs: 117.0628
2026-04-07 11:27:32 [INFO] [task_scheduler.cc:137] [Task #0: main] Trial #120: GFLOPs: 59.1615. Time: 319.0314 us. Best GFLOPs: 117.0628
2026-04-07 11:27:32 [INFO] [task_scheduler.cc:137] [Task #0: main] Trial #121: GFLOPs: 87.8870. Time: 214.7571 us. Best GFLOPs: 117.0628
2026-04-07 11:27:32 [INFO] [task_scheduler.cc:137] [Task #0: main] Trial #122: GFLOPs: 25.3538. Time: 744.4380 us. Best GFLOPs: 117.0628
2026-04-07 11:27:32 [INFO] [task_scheduler.cc:137] [Task #0: main] Trial #123: GFLOPs: 36.0414. Time: 523.6852 us. Best GFLOPs: 117.0628
2026-04-07 11:27:32 [INFO] [task_scheduler.cc:137] [Task #0: main] Trial #124: GFLOPs: 25.0585. Time: 753.2137 us. Best GFLOPs: 117.0628
2026-04-07 11:27:32 [INFO] [task_scheduler.cc:137] [Task #0: main] Trial #125: GFLOPs: 29.2643. Time: 644.9620 us. Best GFLOPs: 117.0628
2026-04-07 11:27:32 [INFO] [task_scheduler.cc:137] [Task #0: main] Trial #126: GFLOPs: 78.8729. Time: 239.3009 us. Best GFLOPs: 117.0628
2026-04-07 11:27:32 [INFO] [task_scheduler.cc:137] [Task #0: main] Trial #127: GFLOPs: 56.8741. Time: 331.8623 us. Best GFLOPs: 117.0628
2026-04-07 11:27:32 [INFO] [evolutionary_search.cc:711] Generating candidates......
2026-04-07 11:27:32 [INFO] [evolutionary_search.cc:713] Picked top 122 candidate(s) from database
2026-04-07 11:27:32 [INFO] [evolutionary_search.cc:530] Sample-Init-Population summary:
Postproc #0 [meta_schedule.DisallowDynamicLoop(0x5bdf39906588)]: 0 failure(s)
Postproc #1 [meta_schedule.RewriteParallelVectorizeUnroll(0x5bdf39810c38)]: 0 failure(s)
Postproc #2 [meta_schedule.RewriteReductionBlock(0x5bdf397a64d8)]: 0 failure(s)
Postproc #3 [meta_schedule.RewriteLayout(0x5bdf397bd0f8)]: 0 failure(s)
2026-04-07 11:27:32 [INFO] [evolutionary_search.cc:721] Sampled 492 candidate(s)
2026-04-07 11:27:33 [INFO] [evolutionary_search.cc:619] Evolve iter #0 done. Summary:
Postproc #0 [meta_schedule.DisallowDynamicLoop(0x5bdf39906588)]: 0 failure(s)
Postproc #1 [meta_schedule.RewriteParallelVectorizeUnroll(0x5bdf39810c38)]: 0 failure(s)
Postproc #2 [meta_schedule.RewriteReductionBlock(0x5bdf397a64d8)]: 0 failure(s)
Postproc #3 [meta_schedule.RewriteLayout(0x5bdf397bd0f8)]: 0 failure(s)
2026-04-07 11:27:34 [INFO] [evolutionary_search.cc:619] Evolve iter #1 done. Summary:
Postproc #0 [meta_schedule.DisallowDynamicLoop(0x5bdf39906588)]: 0 failure(s)
Postproc #1 [meta_schedule.RewriteParallelVectorizeUnroll(0x5bdf39810c38)]: 0 failure(s)
Postproc #2 [meta_schedule.RewriteReductionBlock(0x5bdf397a64d8)]: 0 failure(s)
Postproc #3 [meta_schedule.RewriteLayout(0x5bdf397bd0f8)]: 0 failure(s)
2026-04-07 11:27:34 [INFO] [evolutionary_search.cc:619] Evolve iter #2 done. Summary:
Postproc #0 [meta_schedule.DisallowDynamicLoop(0x5bdf39906588)]: 0 failure(s)
Postproc #1 [meta_schedule.RewriteParallelVectorizeUnroll(0x5bdf39810c38)]: 0 failure(s)
Postproc #2 [meta_schedule.RewriteReductionBlock(0x5bdf397a64d8)]: 0 failure(s)
Postproc #3 [meta_schedule.RewriteLayout(0x5bdf397bd0f8)]: 0 failure(s)
2026-04-07 11:27:35 [INFO] [evolutionary_search.cc:619] Evolve iter #3 done. Summary:
Postproc #0 [meta_schedule.DisallowDynamicLoop(0x5bdf39906588)]: 0 failure(s)
Postproc #1 [meta_schedule.RewriteParallelVectorizeUnroll(0x5bdf39810c38)]: 0 failure(s)
Postproc #2 [meta_schedule.RewriteReductionBlock(0x5bdf397a64d8)]: 0 failure(s)
Postproc #3 [meta_schedule.RewriteLayout(0x5bdf397bd0f8)]: 0 failure(s)
2026-04-07 11:27:36 [INFO] [evolutionary_search.cc:647] Scores of the best 64 candidates:
[1 : 16]:	0.8940  0.8940  0.8738  0.8715  0.8705  0.8695  0.8695  0.8524  0.8524  0.8345  0.8306  0.8282  0.8277  0.8263  0.8245  0.8184
[17 : 32]:	0.8176  0.8174  0.8169  0.8121  0.8121  0.8121  0.8114  0.8103  0.8092  0.8054  0.8054  0.8024  0.8017  0.8017  0.8011  0.8004
[33 : 48]:	0.8003  0.8003  0.7976  0.7976  0.7976  0.7975  0.7969  0.7954  0.7938  0.7919  0.7907  0.7906  0.7901  0.7901  0.7899  0.7899
[49 : 64]:	0.7895  0.7883  0.7883  0.7861  0.7851  0.7850  0.7850  0.7803  0.7786  0.7724  0.7715  0.7712  0.7707  0.7704  0.7698  0.7680
2026-04-07 11:27:36 [INFO] [evolutionary_search.cc:725] Got 64 candidate(s) with evolutionary search
2026-04-07 11:27:36 [INFO] [evolutionary_search.cc:728] Sending 64 candidates(s) for measurement
2026-04-07 11:28:06 [INFO] [task_scheduler.cc:137] [Task #0: main] Trial #128: GFLOPs: 76.2222. Time: 247.6230 us. Best GFLOPs: 117.0628
2026-04-07 11:28:06 [INFO] [task_scheduler.cc:137] [Task #0: main] Trial #129: GFLOPs: 44.7582. Time: 421.6965 us. Best GFLOPs: 117.0628
2026-04-07 11:28:06 [INFO] [task_scheduler.cc:137] [Task #0: main] Trial #130: GFLOPs: 101.8522. Time: 185.3113 us. Best GFLOPs: 117.0628
2026-04-07 11:28:06 [INFO] [task_scheduler.cc:137] [Task #0: main] Trial #131: GFLOPs: 23.6600. Time: 797.7324 us. Best GFLOPs: 117.0628
2026-04-07 11:28:06 [INFO] [task_scheduler.cc:137] [Task #0: main] Trial #132: GFLOPs: 23.3769. Time: 807.3924 us. Best GFLOPs: 117.0628
2026-04-07 11:28:06 [INFO] [task_scheduler.cc:137] [Task #0: main] Trial #133: GFLOPs: 78.8144. Time: 239.4786 us. Best GFLOPs: 117.0628
2026-04-07 11:28:06 [INFO] [task_scheduler.cc:137] [Task #0: main] Trial #134: GFLOPs: 52.7240. Time: 357.9844 us. Best GFLOPs: 117.0628
2026-04-07 11:28:06 [INFO] [task_scheduler.cc:137] [Task #0: main] Trial #135: GFLOPs: 79.7862. Time: 236.5619 us. Best GFLOPs: 117.0628
2026-04-07 11:28:06 [INFO] [task_scheduler.cc:137] [Task #0: main] Trial #136: GFLOPs: 68.4119. Time: 275.8930 us. Best GFLOPs: 117.0628
2026-04-07 11:28:06 [INFO] [task_scheduler.cc:137] [Task #0: main] Trial #137: GFLOPs: 91.5874. Time: 206.0803 us. Best GFLOPs: 117.0628
2026-04-07 11:28:06 [INFO] [task_scheduler.cc:137] [Task #0: main] Trial #138: GFLOPs: 73.8231. Time: 255.6704 us. Best GFLOPs: 117.0628
2026-04-07 11:28:06 [INFO] [task_scheduler.cc:137] [Task #0: main] Trial #139: GFLOPs: 39.3349. Time: 479.8377 us. Best GFLOPs: 117.0628
2026-04-07 11:28:06 [INFO] [task_scheduler.cc:137] [Task #0: main] Trial #140: GFLOPs: 50.5047. Time: 373.7151 us. Best GFLOPs: 117.0628
2026-04-07 11:28:06 [INFO] [task_scheduler.cc:137] [Task #0: main] Trial #141: GFLOPs: 73.5758. Time: 256.5296 us. Best GFLOPs: 117.0628
2026-04-07 11:28:06 [INFO] [task_scheduler.cc:137] [Task #0: main] Trial #142: GFLOPs: 66.2323. Time: 284.9722 us. Best GFLOPs: 117.0628
2026-04-07 11:28:06 [INFO] [task_scheduler.cc:137] [Task #0: main] Trial #143: GFLOPs: 62.6463. Time: 301.2846 us. Best GFLOPs: 117.0628
2026-04-07 11:28:06 [INFO] [task_scheduler.cc:137] [Task #0: main] Trial #144: GFLOPs: 84.6423. Time: 222.9898 us. Best GFLOPs: 117.0628
2026-04-07 11:28:06 [INFO] [task_scheduler.cc:137] [Task #0: main] Trial #145: GFLOPs: 89.1419. Time: 211.7339 us. Best GFLOPs: 117.0628
2026-04-07 11:28:06 [INFO] [task_scheduler.cc:137] [Task #0: main] Trial #146: GFLOPs: 60.0469. Time: 314.3270 us. Best GFLOPs: 117.0628
2026-04-07 11:28:06 [INFO] [task_scheduler.cc:137] [Task #0: main] Trial #147: GFLOPs: 79.9632. Time: 236.0382 us. Best GFLOPs: 117.0628
2026-04-07 11:28:06 [INFO] [task_scheduler.cc:137] [Task #0: main] Trial #148: GFLOPs: 53.4646. Time: 353.0255 us. Best GFLOPs: 117.0628
2026-04-07 11:28:06 [INFO] [task_scheduler.cc:137] [Task #0: main] Trial #149: GFLOPs: 71.7375. Time: 263.1032 us. Best GFLOPs: 117.0628
2026-04-07 11:28:06 [INFO] [task_scheduler.cc:137] [Task #0: main] Trial #150: GFLOPs: 73.5354. Time: 256.6705 us. Best GFLOPs: 117.0628
2026-04-07 11:28:06 [INFO] [task_scheduler.cc:137] [Task #0: main] Trial #151: GFLOPs: 89.5788. Time: 210.7013 us. Best GFLOPs: 117.0628
2026-04-07 11:28:06 [INFO] [task_scheduler.cc:137] [Task #0: main] Trial #152: GFLOPs: 73.9834. Time: 255.1164 us. Best GFLOPs: 117.0628
2026-04-07 11:28:06 [INFO] [task_scheduler.cc:137] [Task #0: main] Trial #153: GFLOPs: 12.9592. Time: 1456.4462 us. Best GFLOPs: 117.0628
2026-04-07 11:28:06 [INFO] [task_scheduler.cc:137] [Task #0: main] Trial #154: GFLOPs: 56.0555. Time: 336.7089 us. Best GFLOPs: 117.0628
2026-04-07 11:28:06 [INFO] [task_scheduler.cc:137] [Task #0: main] Trial #155: GFLOPs: 81.9035. Time: 230.4465 us. Best GFLOPs: 117.0628
2026-04-07 11:28:06 [INFO] [task_scheduler.cc:137] [Task #0: main] Trial #156: GFLOPs: 80.7910. Time: 233.6197 us. Best GFLOPs: 117.0628
2026-04-07 11:28:06 [INFO] [task_scheduler.cc:137] [Task #0: main] Trial #157: GFLOPs: 45.3286. Time: 416.3899 us. Best GFLOPs: 117.0628
2026-04-07 11:28:06 [INFO] [task_scheduler.cc:137] [Task #0: main] Trial #158: GFLOPs: 35.5070. Time: 531.5682 us. Best GFLOPs: 117.0628
2026-04-07 11:28:06 [INFO] [task_scheduler.cc:137] [Task #0: main] Trial #159: GFLOPs: 71.4818. Time: 264.0444 us. Best GFLOPs: 117.0628
2026-04-07 11:28:06 [INFO] [task_scheduler.cc:137] [Task #0: main] Trial #160: GFLOPs: 30.9898. Time: 609.0507 us. Best GFLOPs: 117.0628
2026-04-07 11:28:06 [INFO] [task_scheduler.cc:137] [Task #0: main] Trial #161: GFLOPs: 21.0978. Time: 894.6125 us. Best GFLOPs: 117.0628
2026-04-07 11:28:06 [INFO] [task_scheduler.cc:137] [Task #0: main] Trial #162: GFLOPs: 71.0754. Time: 265.5540 us. Best GFLOPs: 117.0628
2026-04-07 11:28:06 [INFO] [task_scheduler.cc:137] [Task #0: main] Trial #163: GFLOPs: 88.4179. Time: 213.4678 us. Best GFLOPs: 117.0628
2026-04-07 11:28:06 [INFO] [task_scheduler.cc:137] [Task #0: main] Trial #164: GFLOPs: 81.8394. Time: 230.6269 us. Best GFLOPs: 117.0628
2026-04-07 11:28:06 [INFO] [task_scheduler.cc:137] [Task #0: main] Trial #165: GFLOPs: 21.4546. Time: 879.7348 us. Best GFLOPs: 117.0628
2026-04-07 11:28:06 [INFO] [task_scheduler.cc:137] [Task #0: main] Trial #166: GFLOPs: 95.3866. Time: 197.8724 us. Best GFLOPs: 117.0628
2026-04-07 11:28:06 [INFO] [task_scheduler.cc:137] [Task #0: main] Trial #167: GFLOPs: 51.5261. Time: 366.3072 us. Best GFLOPs: 117.0628
2026-04-07 11:28:06 [INFO] [task_scheduler.cc:137] [Task #0: main] Trial #168: GFLOPs: 91.0536. Time: 207.2885 us. Best GFLOPs: 117.0628
2026-04-07 11:28:06 [INFO] [task_scheduler.cc:137] [Task #0: main] Trial #169: GFLOPs: 69.7488. Time: 270.6050 us. Best GFLOPs: 117.0628
2026-04-07 11:28:06 [INFO] [task_scheduler.cc:137] [Task #0: main] Trial #170: GFLOPs: 47.2283. Time: 399.6410 us. Best GFLOPs: 117.0628
2026-04-07 11:28:06 [INFO] [task_scheduler.cc:137] [Task #0: main] Trial #171: GFLOPs: 32.8313. Time: 574.8889 us. Best GFLOPs: 117.0628
2026-04-07 11:28:06 [INFO] [task_scheduler.cc:137] [Task #0: main] Trial #172: GFLOPs: 79.6361. Time: 237.0078 us. Best GFLOPs: 117.0628
2026-04-07 11:28:06 [INFO] [task_scheduler.cc:137] [Task #0: main] Trial #173: GFLOPs: 83.9829. Time: 224.7407 us. Best GFLOPs: 117.0628
2026-04-07 11:28:06 [INFO] [task_scheduler.cc:137] [Task #0: main] Trial #174: GFLOPs: 94.4302. Time: 199.8763 us. Best GFLOPs: 117.0628
2026-04-07 11:28:06 [INFO] [task_scheduler.cc:137] [Task #0: main] Trial #175: GFLOPs: 79.0655. Time: 238.7180 us. Best GFLOPs: 117.0628
2026-04-07 11:28:06 [INFO] [task_scheduler.cc:137] [Task #0: main] Trial #176: GFLOPs: 13.3396. Time: 1414.9177 us. Best GFLOPs: 117.0628
2026-04-07 11:28:06 [INFO] [task_scheduler.cc:137] [Task #0: main] Trial #177: GFLOPs: 51.6870. Time: 365.1669 us. Best GFLOPs: 117.0628
2026-04-07 11:28:06 [INFO] [task_scheduler.cc:137] [Task #0: main] Trial #178: GFLOPs: 64.4374. Time: 292.9100 us. Best GFLOPs: 117.0628
2026-04-07 11:28:06 [INFO] [task_scheduler.cc:137] [Task #0: main] Trial #179: GFLOPs: 5.8177. Time: 3244.3245 us. Best GFLOPs: 117.0628
2026-04-07 11:28:06 [INFO] [task_scheduler.cc:137] [Task #0: main] Trial #180: GFLOPs: 81.8846. Time: 230.4997 us. Best GFLOPs: 117.0628
2026-04-07 11:28:06 [INFO] [task_scheduler.cc:137] [Task #0: main] Trial #181: GFLOPs: 90.6016. Time: 208.3228 us. Best GFLOPs: 117.0628
2026-04-07 11:28:06 [INFO] [task_scheduler.cc:137] [Task #0: main] Trial #182: GFLOPs: 74.4684. Time: 253.4546 us. Best GFLOPs: 117.0628
2026-04-07 11:28:06 [INFO] [task_scheduler.cc:137] [Task #0: main] Trial #183: GFLOPs: 87.4074. Time: 215.9355 us. Best GFLOPs: 117.0628
2026-04-07 11:28:06 [INFO] [task_scheduler.cc:137] [Task #0: main] Trial #184: GFLOPs: 37.9581. Time: 497.2417 us. Best GFLOPs: 117.0628
2026-04-07 11:28:06 [INFO] [task_scheduler.cc:137] [Task #0: main] Trial #185: GFLOPs: 58.2483. Time: 324.0327 us. Best GFLOPs: 117.0628
2026-04-07 11:28:06 [INFO] [task_scheduler.cc:137] [Task #0: main] Trial #186: GFLOPs: 33.4333. Time: 564.5374 us. Best GFLOPs: 117.0628
2026-04-07 11:28:06 [INFO] [task_scheduler.cc:137] [Task #0: main] Trial #187: GFLOPs: 83.4403. Time: 226.2022 us. Best GFLOPs: 117.0628
2026-04-07 11:28:06 [INFO] [task_scheduler.cc:137] [Task #0: main] Trial #188: GFLOPs: 82.3130. Time: 229.3000 us. Best GFLOPs: 117.0628
2026-04-07 11:28:06 [INFO] [task_scheduler.cc:137] [Task #0: main] Trial #189: GFLOPs: 60.9565. Time: 309.6364 us. Best GFLOPs: 117.0628
2026-04-07 11:28:06 [INFO] [task_scheduler.cc:137] [Task #0: main] Trial #190: GFLOPs: 26.7947. Time: 704.4057 us. Best GFLOPs: 117.0628
2026-04-07 11:28:06 [INFO] [task_scheduler.cc:137] [Task #0: main] Trial #191: GFLOPs: 32.0394. Time: 589.0989 us. Best GFLOPs: 117.0628
2026-04-07 11:28:06 [INFO] [evolutionary_search.cc:711] Generating candidates......
2026-04-07 11:28:06 [INFO] [evolutionary_search.cc:713] Picked top 122 candidate(s) from database
2026-04-07 11:28:07 [INFO] [evolutionary_search.cc:530] Sample-Init-Population summary:
Postproc #0 [meta_schedule.DisallowDynamicLoop(0x5bdf39906588)]: 0 failure(s)
Postproc #1 [meta_schedule.RewriteParallelVectorizeUnroll(0x5bdf39810c38)]: 0 failure(s)
Postproc #2 [meta_schedule.RewriteReductionBlock(0x5bdf397a64d8)]: 0 failure(s)
Postproc #3 [meta_schedule.RewriteLayout(0x5bdf397bd0f8)]: 0 failure(s)
2026-04-07 11:28:07 [INFO] [evolutionary_search.cc:721] Sampled 492 candidate(s)
2026-04-07 11:28:08 [INFO] [evolutionary_search.cc:619] Evolve iter #0 done. Summary:
Postproc #0 [meta_schedule.DisallowDynamicLoop(0x5bdf39906588)]: 0 failure(s)
Postproc #1 [meta_schedule.RewriteParallelVectorizeUnroll(0x5bdf39810c38)]: 0 failure(s)
Postproc #2 [meta_schedule.RewriteReductionBlock(0x5bdf397a64d8)]: 0 failure(s)
Postproc #3 [meta_schedule.RewriteLayout(0x5bdf397bd0f8)]: 0 failure(s)
2026-04-07 11:28:08 [INFO] [evolutionary_search.cc:619] Evolve iter #1 done. Summary:
Postproc #0 [meta_schedule.DisallowDynamicLoop(0x5bdf39906588)]: 0 failure(s)
Postproc #1 [meta_schedule.RewriteParallelVectorizeUnroll(0x5bdf39810c38)]: 0 failure(s)
Postproc #2 [meta_schedule.RewriteReductionBlock(0x5bdf397a64d8)]: 0 failure(s)
Postproc #3 [meta_schedule.RewriteLayout(0x5bdf397bd0f8)]: 0 failure(s)
2026-04-07 11:28:09 [INFO] [evolutionary_search.cc:619] Evolve iter #2 done. Summary:
Postproc #0 [meta_schedule.DisallowDynamicLoop(0x5bdf39906588)]: 0 failure(s)
Postproc #1 [meta_schedule.RewriteParallelVectorizeUnroll(0x5bdf39810c38)]: 0 failure(s)
Postproc #2 [meta_schedule.RewriteReductionBlock(0x5bdf397a64d8)]: 0 failure(s)
Postproc #3 [meta_schedule.RewriteLayout(0x5bdf397bd0f8)]: 0 failure(s)
2026-04-07 11:28:10 [INFO] [evolutionary_search.cc:619] Evolve iter #3 done. Summary:
Postproc #0 [meta_schedule.DisallowDynamicLoop(0x5bdf39906588)]: 0 failure(s)
Postproc #1 [meta_schedule.RewriteParallelVectorizeUnroll(0x5bdf39810c38)]: 0 failure(s)
Postproc #2 [meta_schedule.RewriteReductionBlock(0x5bdf397a64d8)]: 0 failure(s)
Postproc #3 [meta_schedule.RewriteLayout(0x5bdf397bd0f8)]: 0 failure(s)
2026-04-07 11:28:11 [INFO] [evolutionary_search.cc:647] Scores of the best 64 candidates:
[1 : 16]:	0.8619  0.8606  0.8474  0.8474  0.8474  0.7996  0.7960  0.7885  0.7855  0.7847  0.7847  0.7847  0.7815  0.7796  0.7774  0.7740
[17 : 32]:	0.7738  0.7708  0.7695  0.7682  0.7668  0.7648  0.7625  0.7597  0.7589  0.7568  0.7568  0.7555  0.7536  0.7536  0.7530  0.7530
[33 : 48]:	0.7521  0.7501  0.7498  0.7494  0.7473  0.7456  0.7452  0.7418  0.7409  0.7405  0.7404  0.7398  0.7382  0.7381  0.7380  0.7357
[49 : 64]:	0.7355  0.7334  0.7322  0.7312  0.7309  0.7307  0.7297  0.7295  0.7286  0.7281  0.7276  0.7270  0.7270  0.7267  0.7253  0.7233
2026-04-07 11:28:11 [INFO] [evolutionary_search.cc:725] Got 64 candidate(s) with evolutionary search
2026-04-07 11:28:11 [INFO] [evolutionary_search.cc:728] Sending 64 candidates(s) for measurement
2026-04-07 11:28:39 [INFO] [task_scheduler.cc:137] [Task #0: main] Trial #192: GFLOPs: 124.9997. Time: 150.9953 us. Best GFLOPs: 124.9997
2026-04-07 11:28:39 [INFO] [task_scheduler.cc:137] [Task #0: main] Trial #193: GFLOPs: 94.9205. Time: 198.8441 us. Best GFLOPs: 124.9997
2026-04-07 11:28:39 [INFO] [task_scheduler.cc:137] [Task #0: main] Trial #194: GFLOPs: 100.4579. Time: 187.8833 us. Best GFLOPs: 124.9997
2026-04-07 11:28:39 [INFO] [task_scheduler.cc:137] [Task #0: main] Trial #195: GFLOPs: 107.3248. Time: 175.8621 us. Best GFLOPs: 124.9997
2026-04-07 11:28:39 [INFO] [task_scheduler.cc:137] [Task #0: main] Trial #196: GFLOPs: 100.2384. Time: 188.2947 us. Best GFLOPs: 124.9997
2026-04-07 11:28:39 [INFO] [task_scheduler.cc:137] [Task #0: main] Trial #197: GFLOPs: 38.7867. Time: 486.6198 us. Best GFLOPs: 124.9997
2026-04-07 11:28:39 [INFO] [task_scheduler.cc:137] [Task #0: main] Trial #198: GFLOPs: 92.7032. Time: 203.6000 us. Best GFLOPs: 124.9997
2026-04-07 11:28:39 [INFO] [task_scheduler.cc:137] [Task #0: main] Trial #199: GFLOPs: 77.9822. Time: 242.0344 us. Best GFLOPs: 124.9997
2026-04-07 11:28:39 [INFO] [task_scheduler.cc:137] [Task #0: main] Trial #200: GFLOPs: 45.8198. Time: 411.9259 us. Best GFLOPs: 124.9997
2026-04-07 11:28:39 [INFO] [task_scheduler.cc:137] [Task #0: main] Trial #201: GFLOPs: 94.7049. Time: 199.2966 us. Best GFLOPs: 124.9997
2026-04-07 11:28:39 [INFO] [task_scheduler.cc:137] [Task #0: main] Trial #202: GFLOPs: 63.9102. Time: 295.3262 us. Best GFLOPs: 124.9997
2026-04-07 11:28:39 [INFO] [task_scheduler.cc:137] [Task #0: main] Trial #203: GFLOPs: 77.8163. Time: 242.5502 us. Best GFLOPs: 124.9997
2026-04-07 11:28:39 [INFO] [task_scheduler.cc:137] [Task #0: main] Trial #204: GFLOPs: 85.5691. Time: 220.5745 us. Best GFLOPs: 124.9997
2026-04-07 11:28:39 [INFO] [task_scheduler.cc:137] [Task #0: main] Trial #205: GFLOPs: 60.9864. Time: 309.4849 us. Best GFLOPs: 124.9997
2026-04-07 11:28:39 [INFO] [task_scheduler.cc:137] [Task #0: main] Trial #206: GFLOPs: 79.6062. Time: 237.0968 us. Best GFLOPs: 124.9997
2026-04-07 11:28:39 [INFO] [task_scheduler.cc:137] [Task #0: main] Trial #207: GFLOPs: 98.3269. Time: 191.9552 us. Best GFLOPs: 124.9997
2026-04-07 11:28:39 [INFO] [task_scheduler.cc:137] [Task #0: main] Trial #208: GFLOPs: 87.9986. Time: 214.4848 us. Best GFLOPs: 124.9997
2026-04-07 11:28:39 [INFO] [task_scheduler.cc:137] [Task #0: main] Trial #209: GFLOPs: 90.5754. Time: 208.3830 us. Best GFLOPs: 124.9997
2026-04-07 11:28:39 [INFO] [task_scheduler.cc:137] [Task #0: main] Trial #210: GFLOPs: 80.4305. Time: 234.6667 us. Best GFLOPs: 124.9997
2026-04-07 11:28:39 [INFO] [task_scheduler.cc:137] [Task #0: main] Trial #211: GFLOPs: 79.1622. Time: 238.4266 us. Best GFLOPs: 124.9997
2026-04-07 11:28:39 [INFO] [task_scheduler.cc:137] [Task #0: main] Trial #212: GFLOPs: 90.2246. Time: 209.1932 us. Best GFLOPs: 124.9997
2026-04-07 11:28:39 [INFO] [task_scheduler.cc:137] [Task #0: main] Trial #213: GFLOPs: 58.2473. Time: 324.0384 us. Best GFLOPs: 124.9997
2026-04-07 11:28:39 [INFO] [task_scheduler.cc:137] [Task #0: main] Trial #214: GFLOPs: 52.2831. Time: 361.0031 us. Best GFLOPs: 124.9997
2026-04-07 11:28:39 [INFO] [task_scheduler.cc:137] [Task #0: main] Trial #215: GFLOPs: 71.8296. Time: 262.7658 us. Best GFLOPs: 124.9997
2026-04-07 11:28:39 [INFO] [task_scheduler.cc:137] [Task #0: main] Trial #216: GFLOPs: 65.5850. Time: 287.7850 us. Best GFLOPs: 124.9997
2026-04-07 11:28:39 [INFO] [task_scheduler.cc:137] [Task #0: main] Trial #217: GFLOPs: 81.1154. Time: 232.6853 us. Best GFLOPs: 124.9997
2026-04-07 11:28:39 [INFO] [task_scheduler.cc:137] [Task #0: main] Trial #218: GFLOPs: 69.9071. Time: 269.9923 us. Best GFLOPs: 124.9997
2026-04-07 11:28:39 [INFO] [task_scheduler.cc:137] [Task #0: main] Trial #219: GFLOPs: 32.7331. Time: 576.6145 us. Best GFLOPs: 124.9997
2026-04-07 11:28:39 [INFO] [task_scheduler.cc:137] [Task #0: main] Trial #220: GFLOPs: 77.4353. Time: 243.7438 us. Best GFLOPs: 124.9997
2026-04-07 11:28:39 [INFO] [task_scheduler.cc:137] [Task #0: main] Trial #221: GFLOPs: 87.5829. Time: 215.5028 us. Best GFLOPs: 124.9997
2026-04-07 11:28:39 [INFO] [task_scheduler.cc:137] [Task #0: main] Trial #222: GFLOPs: 82.7784. Time: 228.0107 us. Best GFLOPs: 124.9997
2026-04-07 11:28:39 [INFO] [task_scheduler.cc:137] [Task #0: main] Trial #223: GFLOPs: 70.5524. Time: 267.5227 us. Best GFLOPs: 124.9997
2026-04-07 11:28:39 [INFO] [task_scheduler.cc:137] [Task #0: main] Trial #224: GFLOPs: 74.3211. Time: 253.9572 us. Best GFLOPs: 124.9997
2026-04-07 11:28:39 [INFO] [task_scheduler.cc:137] [Task #0: main] Trial #225: GFLOPs: 76.1426. Time: 247.8818 us. Best GFLOPs: 124.9997
2026-04-07 11:28:39 [INFO] [task_scheduler.cc:137] [Task #0: main] Trial #226: GFLOPs: 70.9829. Time: 265.9004 us. Best GFLOPs: 124.9997
2026-04-07 11:28:39 [INFO] [task_scheduler.cc:137] [Task #0: main] Trial #227: GFLOPs: 88.4166. Time: 213.4709 us. Best GFLOPs: 124.9997
2026-04-07 11:28:39 [INFO] [task_scheduler.cc:137] [Task #0: main] Trial #228: GFLOPs: 72.2919. Time: 261.0855 us. Best GFLOPs: 124.9997
2026-04-07 11:28:39 [INFO] [task_scheduler.cc:137] [Task #0: main] Trial #229: GFLOPs: 67.0688. Time: 281.4181 us. Best GFLOPs: 124.9997
2026-04-07 11:28:39 [INFO] [task_scheduler.cc:137] [Task #0: main] Trial #230: GFLOPs: 77.2270. Time: 244.4011 us. Best GFLOPs: 124.9997
2026-04-07 11:28:39 [INFO] [task_scheduler.cc:137] [Task #0: main] Trial #231: GFLOPs: 88.3755. Time: 213.5702 us. Best GFLOPs: 124.9997
2026-04-07 11:28:39 [INFO] [task_scheduler.cc:137] [Task #0: main] Trial #232: GFLOPs: 100.6490. Time: 187.5266 us. Best GFLOPs: 124.9997
2026-04-07 11:28:39 [INFO] [task_scheduler.cc:137] [Task #0: main] Trial #233: GFLOPs: 88.2256. Time: 213.9331 us. Best GFLOPs: 124.9997
2026-04-07 11:28:39 [INFO] [task_scheduler.cc:137] [Task #0: main] Trial #234: GFLOPs: 91.8375. Time: 205.5192 us. Best GFLOPs: 124.9997
2026-04-07 11:28:39 [INFO] [task_scheduler.cc:137] [Task #0: main] Trial #235: GFLOPs: 80.8325. Time: 233.4998 us. Best GFLOPs: 124.9997
2026-04-07 11:28:39 [INFO] [task_scheduler.cc:137] [Task #0: main] Trial #236: GFLOPs: 81.7726. Time: 230.8153 us. Best GFLOPs: 124.9997
2026-04-07 11:28:39 [INFO] [task_scheduler.cc:137] [Task #0: main] Trial #237: GFLOPs: 86.2204. Time: 218.9085 us. Best GFLOPs: 124.9997
2026-04-07 11:28:39 [INFO] [task_scheduler.cc:137] [Task #0: main] Trial #238: GFLOPs: 41.0824. Time: 459.4266 us. Best GFLOPs: 124.9997
2026-04-07 11:28:39 [INFO] [task_scheduler.cc:137] [Task #0: main] Trial #239: GFLOPs: 63.9310. Time: 295.2303 us. Best GFLOPs: 124.9997
2026-04-07 11:28:39 [INFO] [task_scheduler.cc:137] [Task #0: main] Trial #240: GFLOPs: 81.1060. Time: 232.7123 us. Best GFLOPs: 124.9997
2026-04-07 11:28:39 [INFO] [task_scheduler.cc:137] [Task #0: main] Trial #241: GFLOPs: 97.8344. Time: 192.9216 us. Best GFLOPs: 124.9997
2026-04-07 11:28:39 [INFO] [task_scheduler.cc:137] [Task #0: main] Trial #242: GFLOPs: 108.8385. Time: 173.4163 us. Best GFLOPs: 124.9997
2026-04-07 11:28:39 [INFO] [task_scheduler.cc:137] [Task #0: main] Trial #243: GFLOPs: 79.8972. Time: 236.2330 us. Best GFLOPs: 124.9997
2026-04-07 11:28:39 [INFO] [task_scheduler.cc:137] [Task #0: main] Trial #244: GFLOPs: 83.6780. Time: 225.5595 us. Best GFLOPs: 124.9997
2026-04-07 11:28:39 [INFO] [task_scheduler.cc:137] [Task #0: main] Trial #245: GFLOPs: 90.3051. Time: 209.0067 us. Best GFLOPs: 124.9997
2026-04-07 11:28:39 [INFO] [task_scheduler.cc:137] [Task #0: main] Trial #246: GFLOPs: 83.8575. Time: 225.0768 us. Best GFLOPs: 124.9997
2026-04-07 11:28:39 [INFO] [task_scheduler.cc:137] [Task #0: main] Trial #247: GFLOPs: 102.1858. Time: 184.7064 us. Best GFLOPs: 124.9997
2026-04-07 11:28:39 [INFO] [task_scheduler.cc:137] [Task #0: main] Trial #248: GFLOPs: 99.3695. Time: 189.9412 us. Best GFLOPs: 124.9997
2026-04-07 11:28:39 [INFO] [task_scheduler.cc:137] [Task #0: main] Trial #249: GFLOPs: 66.7900. Time: 282.5926 us. Best GFLOPs: 124.9997
2026-04-07 11:28:39 [INFO] [task_scheduler.cc:137] [Task #0: main] Trial #250: GFLOPs: 90.6550. Time: 208.1999 us. Best GFLOPs: 124.9997
2026-04-07 11:28:39 [INFO] [task_scheduler.cc:137] [Task #0: main] Trial #251: GFLOPs: 85.2338. Time: 221.4422 us. Best GFLOPs: 124.9997
2026-04-07 11:28:39 [INFO] [task_scheduler.cc:137] [Task #0: main] Trial #252: GFLOPs: 63.6415. Time: 296.5735 us. Best GFLOPs: 124.9997
2026-04-07 11:28:39 [INFO] [task_scheduler.cc:137] [Task #0: main] Trial #253: GFLOPs: 33.3899. Time: 565.2716 us. Best GFLOPs: 124.9997
2026-04-07 11:28:39 [INFO] [task_scheduler.cc:137] [Task #0: main] Trial #254: GFLOPs: 23.8847. Time: 790.2281 us. Best GFLOPs: 124.9997
2026-04-07 11:28:39 [INFO] [task_scheduler.cc:137] [Task #0: main] Trial #255: GFLOPs: 24.2132. Time: 779.5070 us. Best GFLOPs: 124.9997
2026-04-07 11:28:39 [INFO] [evolutionary_search.cc:711] Generating candidates......
2026-04-07 11:28:39 [INFO] [evolutionary_search.cc:713] Picked top 122 candidate(s) from database
2026-04-07 11:28:39 [INFO] [evolutionary_search.cc:530] Sample-Init-Population summary:
Postproc #0 [meta_schedule.DisallowDynamicLoop(0x5bdf39906588)]: 0 failure(s)
Postproc #1 [meta_schedule.RewriteParallelVectorizeUnroll(0x5bdf39810c38)]: 0 failure(s)
Postproc #2 [meta_schedule.RewriteReductionBlock(0x5bdf397a64d8)]: 0 failure(s)
Postproc #3 [meta_schedule.RewriteLayout(0x5bdf397bd0f8)]: 0 failure(s)
2026-04-07 11:28:39 [INFO] [evolutionary_search.cc:721] Sampled 492 candidate(s)
2026-04-07 11:28:40 [INFO] [evolutionary_search.cc:619] Evolve iter #0 done. Summary:
Postproc #0 [meta_schedule.DisallowDynamicLoop(0x5bdf39906588)]: 0 failure(s)
Postproc #1 [meta_schedule.RewriteParallelVectorizeUnroll(0x5bdf39810c38)]: 0 failure(s)
Postproc #2 [meta_schedule.RewriteReductionBlock(0x5bdf397a64d8)]: 0 failure(s)
Postproc #3 [meta_schedule.RewriteLayout(0x5bdf397bd0f8)]: 0 failure(s)
2026-04-07 11:28:40 [INFO] [evolutionary_search.cc:619] Evolve iter #1 done. Summary:
Postproc #0 [meta_schedule.DisallowDynamicLoop(0x5bdf39906588)]: 0 failure(s)
Postproc #1 [meta_schedule.RewriteParallelVectorizeUnroll(0x5bdf39810c38)]: 0 failure(s)
Postproc #2 [meta_schedule.RewriteReductionBlock(0x5bdf397a64d8)]: 0 failure(s)
Postproc #3 [meta_schedule.RewriteLayout(0x5bdf397bd0f8)]: 0 failure(s)
2026-04-07 11:28:41 [INFO] [evolutionary_search.cc:619] Evolve iter #2 done. Summary:
Postproc #0 [meta_schedule.DisallowDynamicLoop(0x5bdf39906588)]: 0 failure(s)
Postproc #1 [meta_schedule.RewriteParallelVectorizeUnroll(0x5bdf39810c38)]: 0 failure(s)
Postproc #2 [meta_schedule.RewriteReductionBlock(0x5bdf397a64d8)]: 0 failure(s)
Postproc #3 [meta_schedule.RewriteLayout(0x5bdf397bd0f8)]: 0 failure(s)
2026-04-07 11:28:42 [INFO] [evolutionary_search.cc:619] Evolve iter #3 done. Summary:
Postproc #0 [meta_schedule.DisallowDynamicLoop(0x5bdf39906588)]: 0 failure(s)
Postproc #1 [meta_schedule.RewriteParallelVectorizeUnroll(0x5bdf39810c38)]: 0 failure(s)
Postproc #2 [meta_schedule.RewriteReductionBlock(0x5bdf397a64d8)]: 0 failure(s)
Postproc #3 [meta_schedule.RewriteLayout(0x5bdf397bd0f8)]: 0 failure(s)
2026-04-07 11:28:43 [INFO] [evolutionary_search.cc:647] Scores of the best 52 candidates:
[1 : 16]:	0.8694  0.8523  0.8245  0.8245  0.8208  0.8198  0.8186  0.8030  0.7885  0.7881  0.7867  0.7780  0.7743  0.7716  0.7716  0.7711
[17 : 32]:	0.7663  0.7648  0.7583  0.7569  0.7514  0.7495  0.7459  0.7450  0.7426  0.7424  0.7415  0.7393  0.7331  0.7326  0.7317  0.7290
[33 : 48]:	0.7290  0.7284  0.7284  0.7276  0.7276  0.7276  0.7249  0.7245  0.7216  0.7210  0.7204  0.7181  0.7176  0.7155  0.7152  0.7150
[49 : 52]:	0.7122  0.7114  0.7112  0.7104
2026-04-07 11:28:43 [INFO] [evolutionary_search.cc:725] Got 52 candidate(s) with evolutionary search
2026-04-07 11:28:43 [INFO] [evolutionary_search.cc:728] Sending 52 candidates(s) for measurement
2026-04-07 11:29:04 [INFO] [task_scheduler.cc:137] [Task #0: main] Trial #256: GFLOPs: 39.9068. Time: 472.9610 us. Best GFLOPs: 124.9997
2026-04-07 11:29:04 [INFO] [task_scheduler.cc:137] [Task #0: main] Trial #257: GFLOPs: 106.5343. Time: 177.1671 us. Best GFLOPs: 124.9997
2026-04-07 11:29:04 [INFO] [task_scheduler.cc:137] [Task #0: main] Trial #258: GFLOPs: 106.9960. Time: 176.4025 us. Best GFLOPs: 124.9997
2026-04-07 11:29:04 [INFO] [task_scheduler.cc:137] [Task #0: main] Trial #259: GFLOPs: 95.2130. Time: 198.2331 us. Best GFLOPs: 124.9997
2026-04-07 11:29:04 [INFO] [task_scheduler.cc:137] [Task #0: main] Trial #260: GFLOPs: 83.4370. Time: 226.2111 us. Best GFLOPs: 124.9997
2026-04-07 11:29:04 [INFO] [task_scheduler.cc:137] [Task #0: main] Trial #261: GFLOPs: 54.4041. Time: 346.9293 us. Best GFLOPs: 124.9997
2026-04-07 11:29:04 [INFO] [task_scheduler.cc:137] [Task #0: main] Trial #262: GFLOPs: 74.2186. Time: 254.3078 us. Best GFLOPs: 124.9997
2026-04-07 11:29:04 [INFO] [task_scheduler.cc:137] [Task #0: main] Trial #263: GFLOPs: 73.3881. Time: 257.1858 us. Best GFLOPs: 124.9997
2026-04-07 11:29:04 [INFO] [task_scheduler.cc:137] [Task #0: main] Trial #264: GFLOPs: 71.8452. Time: 262.7088 us. Best GFLOPs: 124.9997
2026-04-07 11:29:04 [INFO] [task_scheduler.cc:137] [Task #0: main] Trial #265: GFLOPs: 67.3376. Time: 280.2948 us. Best GFLOPs: 124.9997
2026-04-07 11:29:04 [INFO] [task_scheduler.cc:137] [Task #0: main] Trial #266: GFLOPs: 83.6247. Time: 225.7033 us. Best GFLOPs: 124.9997
2026-04-07 11:29:04 [INFO] [task_scheduler.cc:137] [Task #0: main] Trial #267: GFLOPs: 84.6224. Time: 223.0423 us. Best GFLOPs: 124.9997
2026-04-07 11:29:04 [INFO] [task_scheduler.cc:137] [Task #0: main] Trial #268: GFLOPs: 71.1504. Time: 265.2741 us. Best GFLOPs: 124.9997
2026-04-07 11:29:04 [INFO] [task_scheduler.cc:137] [Task #0: main] Trial #269: GFLOPs: 96.5329. Time: 195.5226 us. Best GFLOPs: 124.9997
2026-04-07 11:29:04 [INFO] [task_scheduler.cc:137] [Task #0: main] Trial #270: GFLOPs: 56.9699. Time: 331.3044 us. Best GFLOPs: 124.9997
2026-04-07 11:29:04 [INFO] [task_scheduler.cc:137] [Task #0: main] Trial #271: GFLOPs: 89.8792. Time: 209.9970 us. Best GFLOPs: 124.9997
2026-04-07 11:29:04 [INFO] [task_scheduler.cc:137] [Task #0: main] Trial #272: GFLOPs: 64.9655. Time: 290.5289 us. Best GFLOPs: 124.9997
2026-04-07 11:29:04 [INFO] [task_scheduler.cc:137] [Task #0: main] Trial #273: GFLOPs: 76.0224. Time: 248.2738 us. Best GFLOPs: 124.9997
2026-04-07 11:29:04 [INFO] [task_scheduler.cc:137] [Task #0: main] Trial #274: GFLOPs: 66.7769. Time: 282.6481 us. Best GFLOPs: 124.9997
2026-04-07 11:29:04 [INFO] [task_scheduler.cc:137] [Task #0: main] Trial #275: GFLOPs: 89.1655. Time: 211.6780 us. Best GFLOPs: 124.9997
2026-04-07 11:29:04 [INFO] [task_scheduler.cc:137] [Task #0: main] Trial #276: GFLOPs: 71.3991. Time: 264.3504 us. Best GFLOPs: 124.9997
2026-04-07 11:29:04 [INFO] [task_scheduler.cc:137] [Task #0: main] Trial #277: GFLOPs: 54.6421. Time: 345.4179 us. Best GFLOPs: 124.9997
2026-04-07 11:29:04 [INFO] [task_scheduler.cc:137] [Task #0: main] Trial #278: GFLOPs: 56.5024. Time: 334.0452 us. Best GFLOPs: 124.9997
2026-04-07 11:29:04 [INFO] [task_scheduler.cc:137] [Task #0: main] Trial #279: GFLOPs: 89.5990. Time: 210.6537 us. Best GFLOPs: 124.9997
2026-04-07 11:29:04 [INFO] [task_scheduler.cc:137] [Task #0: main] Trial #280: GFLOPs: 76.0166. Time: 248.2926 us. Best GFLOPs: 124.9997
2026-04-07 11:29:04 [INFO] [task_scheduler.cc:137] [Task #0: main] Trial #281: GFLOPs: 64.3049. Time: 293.5138 us. Best GFLOPs: 124.9997
2026-04-07 11:29:04 [INFO] [task_scheduler.cc:137] [Task #0: main] Trial #282: GFLOPs: 76.0377. Time: 248.2237 us. Best GFLOPs: 124.9997
2026-04-07 11:29:04 [INFO] [task_scheduler.cc:137] [Task #0: main] Trial #283: GFLOPs: 63.7092. Time: 296.2580 us. Best GFLOPs: 124.9997
2026-04-07 11:29:04 [INFO] [task_scheduler.cc:137] [Task #0: main] Trial #284: GFLOPs: 82.1576. Time: 229.7337 us. Best GFLOPs: 124.9997
2026-04-07 11:29:04 [INFO] [task_scheduler.cc:137] [Task #0: main] Trial #285: GFLOPs: 65.0706. Time: 290.0597 us. Best GFLOPs: 124.9997
2026-04-07 11:29:04 [INFO] [task_scheduler.cc:137] [Task #0: main] Trial #286: GFLOPs: 38.9685. Time: 484.3488 us. Best GFLOPs: 124.9997
2026-04-07 11:29:04 [INFO] [task_scheduler.cc:137] [Task #0: main] Trial #287: GFLOPs: 53.0655. Time: 355.6806 us. Best GFLOPs: 124.9997
2026-04-07 11:29:04 [INFO] [task_scheduler.cc:137] [Task #0: main] Trial #288: GFLOPs: 71.1014. Time: 265.4571 us. Best GFLOPs: 124.9997
2026-04-07 11:29:04 [INFO] [task_scheduler.cc:137] [Task #0: main] Trial #289: GFLOPs: 85.7193. Time: 220.1880 us. Best GFLOPs: 124.9997
2026-04-07 11:29:04 [INFO] [task_scheduler.cc:137] [Task #0: main] Trial #290: GFLOPs: 76.6218. Time: 246.3316 us. Best GFLOPs: 124.9997
2026-04-07 11:29:04 [INFO] [task_scheduler.cc:137] [Task #0: main] Trial #291: GFLOPs: 99.6751. Time: 189.3589 us. Best GFLOPs: 124.9997
2026-04-07 11:29:04 [INFO] [task_scheduler.cc:137] [Task #0: main] Trial #292: GFLOPs: 69.9118. Time: 269.9739 us. Best GFLOPs: 124.9997
2026-04-07 11:29:04 [INFO] [task_scheduler.cc:137] [Task #0: main] Trial #293: GFLOPs: 66.8147. Time: 282.4882 us. Best GFLOPs: 124.9997
2026-04-07 11:29:04 [INFO] [task_scheduler.cc:137] [Task #0: main] Trial #294: GFLOPs: 69.5029. Time: 271.5625 us. Best GFLOPs: 124.9997
2026-04-07 11:29:04 [INFO] [task_scheduler.cc:137] [Task #0: main] Trial #295: GFLOPs: 62.5642. Time: 301.6798 us. Best GFLOPs: 124.9997
2026-04-07 11:29:04 [INFO] [task_scheduler.cc:137] [Task #0: main] Trial #296: GFLOPs: 74.7443. Time: 252.5192 us. Best GFLOPs: 124.9997
2026-04-07 11:29:04 [INFO] [task_scheduler.cc:137] [Task #0: main] Trial #297: GFLOPs: 82.2623. Time: 229.4412 us. Best GFLOPs: 124.9997
2026-04-07 11:29:04 [INFO] [task_scheduler.cc:137] [Task #0: main] Trial #298: GFLOPs: 70.9864. Time: 265.8870 us. Best GFLOPs: 124.9997
2026-04-07 11:29:04 [INFO] [task_scheduler.cc:137] [Task #0: main] Trial #299: GFLOPs: 87.8111. Time: 214.9428 us. Best GFLOPs: 124.9997
2026-04-07 11:29:04 [INFO] [task_scheduler.cc:137] [Task #0: main] Trial #300: GFLOPs: 78.9970. Time: 238.9250 us. Best GFLOPs: 124.9997
2026-04-07 11:29:04 [INFO] [task_scheduler.cc:137] [Task #0: main] Trial #301: GFLOPs: 90.7154. Time: 208.0614 us. Best GFLOPs: 124.9997
2026-04-07 11:29:04 [INFO] [task_scheduler.cc:137] [Task #0: main] Trial #302: GFLOPs: 94.6282. Time: 199.4581 us. Best GFLOPs: 124.9997
2026-04-07 11:29:04 [INFO] [task_scheduler.cc:137] [Task #0: main] Trial #303: GFLOPs: 76.1136. Time: 247.9763 us. Best GFLOPs: 124.9997
2026-04-07 11:29:04 [INFO] [task_scheduler.cc:137] [Task #0: main] Trial #304: GFLOPs: 65.6828. Time: 287.3564 us. Best GFLOPs: 124.9997
2026-04-07 11:29:04 [INFO] [task_scheduler.cc:137] [Task #0: main] Trial #305: GFLOPs: 81.5900. Time: 231.3320 us. Best GFLOPs: 124.9997
2026-04-07 11:29:04 [INFO] [task_scheduler.cc:137] [Task #0: main] Trial #306: GFLOPs: 30.0712. Time: 627.6561 us. Best GFLOPs: 124.9997
2026-04-07 11:29:04 [INFO] [task_scheduler.cc:137] [Task #0: main] Trial #307: GFLOPs: 55.3383. Time: 341.0723 us. Best GFLOPs: 124.9997
2026-04-08 09:35:19 [INFO] [task_scheduler.cc:166] Initializing Task #0: "main"
2026-04-08 09:35:19 [INFO] [task_scheduler.cc:41] 
# from tvm.script import ir as I
# from tvm.script import tir as T

@I.ir_module
class Module:
    @T.prim_func
    def main(A: T.Buffer((16, 768), "float32"), B: T.Buffer((768, 768), "float32"), C: T.Buffer((16, 768), "float32")):
        T.func_attr({"tir.noalias": True})
        # with T.block("root"):
        for i, j, k in T.grid(16, 768, 768):
            with T.block("C"):
                vi, vj, vk = T.axis.remap("SSR", [i, j, k])
                T.reads(A[vi, vk], B[vk, vj])
                T.writes(C[vi, vj])
                with T.init():
                    C[vi, vj] = T.float32(0.0)
                C[vi, vj] = C[vi, vj] + A[vi, vk] * B[vk, vj]
2026-04-08 09:35:19 [INFO] [task_scheduler.cc:170] Total 3 design space(s) generated
2026-04-08 09:35:19 [INFO] [task_scheduler.cc:176] Design space #0:
# from tvm.script import ir as I
# from tvm.script import tir as T

@I.ir_module
class Module:
    @T.prim_func
    def main(A: T.Buffer((16, 768), "float32"), B: T.Buffer((768, 768), "float32"), C: T.Buffer((16, 768), "float32")):
        T.func_attr({"tir.noalias": True})
        with T.block("root"):
            T.reads()
            T.writes()
            T.block_attr({"meta_schedule.parallel": 128, "meta_schedule.unroll_explicit": 0, "meta_schedule.vectorize": 64})
            C_global = T.alloc_buffer((16, 768))
            for i_0, j_0, i_1, j_1 in T.grid(1, 64, 8, 6):
                for k_0, i_2, j_2, k_1, i_3, j_3 in T.grid(24, 1, 2, 32, 2, 1):
                    with T.block("C"):
                        vi = T.axis.spatial(16, i_0 * 16 + i_1 * 2 + i_2 * 2 + i_3)
                        vj = T.axis.spatial(768, j_0 * 12 + j_1 * 2 + j_2 + j_3)
                        vk = T.axis.reduce(768, k_0 * 32 + k_1)
                        T.reads(A[vi, vk], B[vk, vj])
                        T.writes(C_global[vi, vj])
                        T.block_attr({"meta_schedule.tiling_structure": "SSRSRS"})
                        with T.init():
                            C_global[vi, vj] = T.float32(0.0)
                        C_global[vi, vj] = C_global[vi, vj] + A[vi, vk] * B[vk, vj]
                for ax0, ax1 in T.grid(2, 2):
                    with T.block("C_global"):
                        v0 = T.axis.spatial(16, i_1 * 2 + ax0)
                        v1 = T.axis.spatial(768, j_0 * 12 + j_1 * 2 + ax1)
                        T.reads(C_global[v0, v1])
                        T.writes(C[v0, v1])
                        C[v0, v1] = C_global[v0, v1]
b0 = sch.get_block(name="C", func_name="main")
b1 = sch.get_block(name="root", func_name="main")
sch.annotate(block_or_loop=b0, ann_key="meta_schedule.tiling_structure", ann_val="SSRSRS")
l2, l3, l4 = sch.get_loops(block=b0)
v5, v6, v7, v8 = sch.sample_perfect_tile(loop=l2, n=4, max_innermost_factor=64, decision=[1, 8, 1, 2])
l9, l10, l11, l12 = sch.split(loop=l2, factors=[v5, v6, v7, v8], preserve_unit_iters=True, disable_predication=False)
v13, v14, v15, v16 = sch.sample_perfect_tile(loop=l3, n=4, max_innermost_factor=64, decision=[64, 6, 2, 1])
l17, l18, l19, l20 = sch.split(loop=l3, factors=[v13, v14, v15, v16], preserve_unit_iters=True, disable_predication=False)
v21, v22 = sch.sample_perfect_tile(loop=l4, n=2, max_innermost_factor=64, decision=[24, 32])
l23, l24 = sch.split(loop=l4, factors=[v21, v22], preserve_unit_iters=True, disable_predication=False)
sch.reorder(l9, l17, l10, l18, l23, l11, l19, l24, l12, l20)
b25 = sch.cache_write(block=b0, write_buffer_index=0, storage_scope="global")
sch.reverse_compute_at(block=b25, loop=l18, preserve_unit_loops=True, index=-1)
sch.annotate(block_or_loop=b1, ann_key="meta_schedule.parallel", ann_val=128)
sch.annotate(block_or_loop=b1, ann_key="meta_schedule.vectorize", ann_val=64)
v26 = sch.sample_categorical(candidates=[0, 16, 64, 512], probs=[0.25, 0.25, 0.25, 0.25], decision=0)
sch.annotate(block_or_loop=b1, ann_key="meta_schedule.unroll_explicit", ann_val=v26)
2026-04-08 09:35:19 [INFO] [task_scheduler.cc:176] Design space #1:
# from tvm.script import ir as I
# from tvm.script import tir as T

@I.ir_module
class Module:
    @T.prim_func
    def main(A: T.Buffer((16, 768), "float32"), B: T.Buffer((768, 768), "float32"), C: T.Buffer((16, 768), "float32")):
        T.func_attr({"tir.noalias": True})
        with T.block("root"):
            T.reads()
            T.writes()
            T.block_attr({"meta_schedule.parallel": 128, "meta_schedule.unroll_explicit": 512, "meta_schedule.vectorize": 64})
            C_global = T.alloc_buffer((16, 768))
            for i_0, j_0 in T.grid(1, 64):
                for i_1, j_1, k_0, i_2, j_2, k_1, i_3, j_3 in T.grid(8, 6, 24, 1, 2, 32, 2, 1):
                    with T.block("C"):
                        vi = T.axis.spatial(16, i_0 * 16 + i_1 * 2 + i_2 * 2 + i_3)
                        vj = T.axis.spatial(768, j_0 * 12 + j_1 * 2 + j_2 + j_3)
                        vk = T.axis.reduce(768, k_0 * 32 + k_1)
                        T.reads(A[vi, vk], B[vk, vj])
                        T.writes(C_global[vi, vj])
                        T.block_attr({"meta_schedule.tiling_structure": "SSRSRS"})
                        with T.init():
                            C_global[vi, vj] = T.float32(0.0)
                        C_global[vi, vj] = C_global[vi, vj] + A[vi, vk] * B[vk, vj]
                for ax0, ax1 in T.grid(16, 12):
                    with T.block("C_global"):
                        v0 = T.axis.spatial(16, ax0)
                        v1 = T.axis.spatial(768, j_0 * 12 + ax1)
                        T.reads(C_global[v0, v1])
                        T.writes(C[v0, v1])
                        C[v0, v1] = C_global[v0, v1]
b0 = sch.get_block(name="C", func_name="main")
b1 = sch.get_block(name="root", func_name="main")
sch.annotate(block_or_loop=b0, ann_key="meta_schedule.tiling_structure", ann_val="SSRSRS")
l2, l3, l4 = sch.get_loops(block=b0)
v5, v6, v7, v8 = sch.sample_perfect_tile(loop=l2, n=4, max_innermost_factor=64, decision=[1, 8, 1, 2])
l9, l10, l11, l12 = sch.split(loop=l2, factors=[v5, v6, v7, v8], preserve_unit_iters=True, disable_predication=False)
v13, v14, v15, v16 = sch.sample_perfect_tile(loop=l3, n=4, max_innermost_factor=64, decision=[64, 6, 2, 1])
l17, l18, l19, l20 = sch.split(loop=l3, factors=[v13, v14, v15, v16], preserve_unit_iters=True, disable_predication=False)
v21, v22 = sch.sample_perfect_tile(loop=l4, n=2, max_innermost_factor=64, decision=[24, 32])
l23, l24 = sch.split(loop=l4, factors=[v21, v22], preserve_unit_iters=True, disable_predication=False)
sch.reorder(l9, l17, l10, l18, l23, l11, l19, l24, l12, l20)
b25 = sch.cache_write(block=b0, write_buffer_index=0, storage_scope="global")
sch.reverse_compute_at(block=b25, loop=l17, preserve_unit_loops=True, index=-1)
sch.annotate(block_or_loop=b1, ann_key="meta_schedule.parallel", ann_val=128)
sch.annotate(block_or_loop=b1, ann_key="meta_schedule.vectorize", ann_val=64)
v26 = sch.sample_categorical(candidates=[0, 16, 64, 512], probs=[0.25, 0.25, 0.25, 0.25], decision=3)
sch.annotate(block_or_loop=b1, ann_key="meta_schedule.unroll_explicit", ann_val=v26)
2026-04-08 09:35:19 [INFO] [task_scheduler.cc:176] Design space #2:
# from tvm.script import ir as I
# from tvm.script import tir as T

@I.ir_module
class Module:
    @T.prim_func
    def main(A: T.Buffer((16, 768), "float32"), B: T.Buffer((768, 768), "float32"), C: T.Buffer((16, 768), "float32")):
        T.func_attr({"tir.noalias": True})
        with T.block("root"):
            T.reads()
            T.writes()
            T.block_attr({"meta_schedule.parallel": 128, "meta_schedule.unroll_explicit": 0, "meta_schedule.vectorize": 64})
            for i_0, j_0, i_1, j_1, k_0, i_2, j_2, k_1, i_3, j_3 in T.grid(1, 64, 8, 6, 24, 1, 2, 32, 2, 1):
                with T.block("C"):
                    vi = T.axis.spatial(16, i_0 * 16 + i_1 * 2 + i_2 * 2 + i_3)
                    vj = T.axis.spatial(768, j_0 * 12 + j_1 * 2 + j_2 + j_3)
                    vk = T.axis.reduce(768, k_0 * 32 + k_1)
                    T.reads(A[vi, vk], B[vk, vj])
                    T.writes(C[vi, vj])
                    T.block_attr({"meta_schedule.tiling_structure": "SSRSRS"})
                    with T.init():
                        C[vi, vj] = T.float32(0.0)
                    C[vi, vj] = C[vi, vj] + A[vi, vk] * B[vk, vj]
b0 = sch.get_block(name="C", func_name="main")
b1 = sch.get_block(name="root", func_name="main")
sch.annotate(block_or_loop=b0, ann_key="meta_schedule.tiling_structure", ann_val="SSRSRS")
l2, l3, l4 = sch.get_loops(block=b0)
v5, v6, v7, v8 = sch.sample_perfect_tile(loop=l2, n=4, max_innermost_factor=64, decision=[1, 8, 1, 2])
l9, l10, l11, l12 = sch.split(loop=l2, factors=[v5, v6, v7, v8], preserve_unit_iters=True, disable_predication=False)
v13, v14, v15, v16 = sch.sample_perfect_tile(loop=l3, n=4, max_innermost_factor=64, decision=[64, 6, 2, 1])
l17, l18, l19, l20 = sch.split(loop=l3, factors=[v13, v14, v15, v16], preserve_unit_iters=True, disable_predication=False)
v21, v22 = sch.sample_perfect_tile(loop=l4, n=2, max_innermost_factor=64, decision=[24, 32])
l23, l24 = sch.split(loop=l4, factors=[v21, v22], preserve_unit_iters=True, disable_predication=False)
sch.reorder(l9, l17, l10, l18, l23, l11, l19, l24, l12, l20)
sch.annotate(block_or_loop=b1, ann_key="meta_schedule.parallel", ann_val=128)
sch.annotate(block_or_loop=b1, ann_key="meta_schedule.vectorize", ann_val=64)
v25 = sch.sample_categorical(candidates=[0, 16, 64, 512], probs=[0.25, 0.25, 0.25, 0.25], decision=0)
sch.annotate(block_or_loop=b1, ann_key="meta_schedule.unroll_explicit", ann_val=v25)
2026-04-08 09:35:19 [INFO] [evolutionary_search.cc:711] Generating candidates......
2026-04-08 09:35:20 [INFO] [evolutionary_search.cc:713] Picked top 122 candidate(s) from database
2026-04-08 09:35:20 [INFO] [evolutionary_search.cc:530] Sample-Init-Population summary:
Postproc #0 [meta_schedule.DisallowDynamicLoop(0x5eda49033c48)]: 0 failure(s)
Postproc #1 [meta_schedule.RewriteParallelVectorizeUnroll(0x5eda4a11ad68)]: 0 failure(s)
Postproc #2 [meta_schedule.RewriteReductionBlock(0x5eda49fd1e18)]: 0 failure(s)
Postproc #3 [meta_schedule.RewriteLayout(0x5eda4a0e2898)]: 0 failure(s)
2026-04-08 09:35:20 [INFO] [evolutionary_search.cc:721] Sampled 492 candidate(s)
2026-04-08 09:35:20 [INFO] [evolutionary_search.cc:619] Evolve iter #0 done. Summary:
Postproc #0 [meta_schedule.DisallowDynamicLoop(0x5eda49033c48)]: 0 failure(s)
Postproc #1 [meta_schedule.RewriteParallelVectorizeUnroll(0x5eda4a11ad68)]: 0 failure(s)
Postproc #2 [meta_schedule.RewriteReductionBlock(0x5eda49fd1e18)]: 0 failure(s)
Postproc #3 [meta_schedule.RewriteLayout(0x5eda4a0e2898)]: 0 failure(s)
2026-04-08 09:35:20 [INFO] [evolutionary_search.cc:619] Evolve iter #1 done. Summary:
Postproc #0 [meta_schedule.DisallowDynamicLoop(0x5eda49033c48)]: 0 failure(s)
Postproc #1 [meta_schedule.RewriteParallelVectorizeUnroll(0x5eda4a11ad68)]: 0 failure(s)
Postproc #2 [meta_schedule.RewriteReductionBlock(0x5eda49fd1e18)]: 0 failure(s)
Postproc #3 [meta_schedule.RewriteLayout(0x5eda4a0e2898)]: 0 failure(s)
2026-04-08 09:35:21 [INFO] [evolutionary_search.cc:619] Evolve iter #2 done. Summary:
Postproc #0 [meta_schedule.DisallowDynamicLoop(0x5eda49033c48)]: 0 failure(s)
Postproc #1 [meta_schedule.RewriteParallelVectorizeUnroll(0x5eda4a11ad68)]: 0 failure(s)
Postproc #2 [meta_schedule.RewriteReductionBlock(0x5eda49fd1e18)]: 0 failure(s)
Postproc #3 [meta_schedule.RewriteLayout(0x5eda4a0e2898)]: 0 failure(s)
2026-04-08 09:35:21 [INFO] [evolutionary_search.cc:619] Evolve iter #3 done. Summary:
Postproc #0 [meta_schedule.DisallowDynamicLoop(0x5eda49033c48)]: 0 failure(s)
Postproc #1 [meta_schedule.RewriteParallelVectorizeUnroll(0x5eda4a11ad68)]: 0 failure(s)
Postproc #2 [meta_schedule.RewriteReductionBlock(0x5eda49fd1e18)]: 0 failure(s)
Postproc #3 [meta_schedule.RewriteLayout(0x5eda4a0e2898)]: 0 failure(s)
2026-04-08 09:35:21 [INFO] [evolutionary_search.cc:647] Scores of the best 64 candidates:
[1 : 16]:	0.9991  0.9966  0.9965  0.9961  0.9959  0.9951  0.9944  0.9944  0.9931  0.9923  0.9921  0.9918  0.9907  0.9906  0.9903  0.9895
[17 : 32]:	0.9882  0.9882  0.9881  0.9881  0.9880  0.9880  0.9879  0.9878  0.9870  0.9860  0.9854  0.9854  0.9838  0.9831  0.9831  0.9825
[33 : 48]:	0.9824  0.9821  0.9820  0.9814  0.9812  0.9802  0.9795  0.9787  0.9785  0.9784  0.9784  0.9772  0.9757  0.9750  0.9750  0.9750
[49 : 64]:	0.9739  0.9731  0.9726  0.9724  0.9710  0.9708  0.9703  0.9701  0.9695  0.9691  0.9688  0.9679  0.9669  0.9667  0.9663  0.9634
2026-04-08 09:35:21 [INFO] [evolutionary_search.cc:725] Got 64 candidate(s) with evolutionary search
2026-04-08 09:35:21 [INFO] [evolutionary_search.cc:728] Sending 64 candidates(s) for measurement
2026-04-08 09:35:48 [INFO] [task_scheduler.cc:137] [Task #0: main] Trial #1: GFLOPs: 74.9533. Time: 251.8152 us. Best GFLOPs: 74.9533
2026-04-08 09:35:48 [INFO] [task_scheduler.cc:137] [Task #0: main] Trial #2: GFLOPs: 36.5092. Time: 516.9763 us. Best GFLOPs: 74.9533
2026-04-08 09:35:48 [INFO] [task_scheduler.cc:137] [Task #0: main] Trial #3: GFLOPs: 49.3966. Time: 382.0988 us. Best GFLOPs: 74.9533
2026-04-08 09:35:48 [INFO] [task_scheduler.cc:137] [Task #0: main] Trial #4: GFLOPs: 12.8700. Time: 1466.5357 us. Best GFLOPs: 74.9533
2026-04-08 09:35:48 [INFO] [task_scheduler.cc:137] [Task #0: main] Trial #5: GFLOPs: 44.8931. Time: 420.4295 us. Best GFLOPs: 74.9533
2026-04-08 09:35:48 [INFO] [task_scheduler.cc:137] [Task #0: main] Trial #6: GFLOPs: 86.9295. Time: 217.1226 us. Best GFLOPs: 86.9295
2026-04-08 09:35:48 [INFO] [task_scheduler.cc:137] [Task #0: main] Trial #7: GFLOPs: 102.1824. Time: 184.7125 us. Best GFLOPs: 102.1824
2026-04-08 09:35:48 [INFO] [task_scheduler.cc:137] [Task #0: main] Trial #8: GFLOPs: 51.0877. Time: 369.4503 us. Best GFLOPs: 102.1824
2026-04-08 09:35:48 [INFO] [task_scheduler.cc:137] [Task #0: main] Trial #9: GFLOPs: 19.6408. Time: 960.9773 us. Best GFLOPs: 102.1824
2026-04-08 09:35:48 [INFO] [task_scheduler.cc:137] [Task #0: main] Trial #10: GFLOPs: 75.3299. Time: 250.5562 us. Best GFLOPs: 102.1824
2026-04-08 09:35:48 [INFO] [task_scheduler.cc:137] [Task #0: main] Trial #11: GFLOPs: 46.3869. Time: 406.8904 us. Best GFLOPs: 102.1824
2026-04-08 09:35:48 [INFO] [task_scheduler.cc:137] [Task #0: main] Trial #12: GFLOPs: 82.5446. Time: 228.6565 us. Best GFLOPs: 102.1824
2026-04-08 09:35:48 [INFO] [task_scheduler.cc:137] [Task #0: main] Trial #13: GFLOPs: 79.7195. Time: 236.7599 us. Best GFLOPs: 102.1824
2026-04-08 09:35:48 [INFO] [task_scheduler.cc:137] [Task #0: main] Trial #14: GFLOPs: 69.2434. Time: 272.5800 us. Best GFLOPs: 102.1824
2026-04-08 09:35:48 [INFO] [task_scheduler.cc:137] [Task #0: main] Trial #15: GFLOPs: 110.7213. Time: 170.4673 us. Best GFLOPs: 110.7213
2026-04-08 09:35:48 [INFO] [task_scheduler.cc:137] [Task #0: main] Trial #16: GFLOPs: 8.5572. Time: 2205.6735 us. Best GFLOPs: 110.7213
2026-04-08 09:35:48 [INFO] [task_scheduler.cc:137] [Task #0: main] Trial #17: GFLOPs: 72.2232. Time: 261.3338 us. Best GFLOPs: 110.7213
2026-04-08 09:35:48 [INFO] [task_scheduler.cc:137] [Task #0: main] Trial #18: GFLOPs: 24.4868. Time: 770.7983 us. Best GFLOPs: 110.7213
2026-04-08 09:35:48 [INFO] [task_scheduler.cc:137] [Task #0: main] Trial #19: GFLOPs: 36.2588. Time: 520.5454 us. Best GFLOPs: 110.7213
2026-04-08 09:35:48 [INFO] [task_scheduler.cc:137] [Task #0: main] Trial #20: GFLOPs: 86.2141. Time: 218.9244 us. Best GFLOPs: 110.7213
2026-04-08 09:35:48 [INFO] [task_scheduler.cc:137] [Task #0: main] Trial #21: GFLOPs: 7.4766. Time: 2524.4736 us. Best GFLOPs: 110.7213
2026-04-08 09:35:48 [INFO] [task_scheduler.cc:137] [Task #0: main] Trial #22: GFLOPs: 52.0645. Time: 362.5192 us. Best GFLOPs: 110.7213
2026-04-08 09:35:48 [INFO] [task_scheduler.cc:137] [Task #0: main] Trial #23: GFLOPs: 54.5831. Time: 345.7911 us. Best GFLOPs: 110.7213
2026-04-08 09:35:48 [INFO] [task_scheduler.cc:137] [Task #0: main] Trial #24: GFLOPs: 66.8263. Time: 282.4392 us. Best GFLOPs: 110.7213
2026-04-08 09:35:48 [INFO] [task_scheduler.cc:137] [Task #0: main] Trial #25: GFLOPs: 36.1245. Time: 522.4804 us. Best GFLOPs: 110.7213
2026-04-08 09:35:48 [INFO] [task_scheduler.cc:137] [Task #0: main] Trial #26: GFLOPs: 49.0402. Time: 384.8758 us. Best GFLOPs: 110.7213
2026-04-08 09:35:48 [INFO] [task_scheduler.cc:137] [Task #0: main] Trial #27: GFLOPs: 32.7762. Time: 575.8563 us. Best GFLOPs: 110.7213
2026-04-08 09:35:48 [INFO] [task_scheduler.cc:137] [Task #0: main] Trial #28: GFLOPs: 57.6592. Time: 327.3433 us. Best GFLOPs: 110.7213
2026-04-08 09:35:48 [INFO] [task_scheduler.cc:137] [Task #0: main] Trial #29: GFLOPs: 87.5002. Time: 215.7065 us. Best GFLOPs: 110.7213
2026-04-08 09:35:48 [INFO] [task_scheduler.cc:137] [Task #0: main] Trial #30: GFLOPs: 47.6656. Time: 395.9745 us. Best GFLOPs: 110.7213
2026-04-08 09:35:48 [INFO] [task_scheduler.cc:137] [Task #0: main] Trial #31: GFLOPs: 49.9073. Time: 378.1885 us. Best GFLOPs: 110.7213
2026-04-08 09:35:48 [INFO] [task_scheduler.cc:137] [Task #0: main] Trial #32: GFLOPs: 69.2137. Time: 272.6970 us. Best GFLOPs: 110.7213
2026-04-08 09:35:48 [INFO] [task_scheduler.cc:137] [Task #0: main] Trial #33: GFLOPs: 76.4148. Time: 246.9988 us. Best GFLOPs: 110.7213
2026-04-08 09:35:48 [INFO] [task_scheduler.cc:137] [Task #0: main] Trial #34: GFLOPs: 66.0809. Time: 285.6251 us. Best GFLOPs: 110.7213
2026-04-08 09:35:48 [INFO] [task_scheduler.cc:137] [Task #0: main] Trial #35: GFLOPs: 82.7810. Time: 228.0036 us. Best GFLOPs: 110.7213
2026-04-08 09:35:48 [INFO] [task_scheduler.cc:137] [Task #0: main] Trial #36: GFLOPs: 92.0518. Time: 205.0408 us. Best GFLOPs: 110.7213
2026-04-08 09:35:48 [INFO] [task_scheduler.cc:137] [Task #0: main] Trial #37: GFLOPs: 24.8501. Time: 759.5287 us. Best GFLOPs: 110.7213
2026-04-08 09:35:48 [INFO] [task_scheduler.cc:137] [Task #0: main] Trial #38: GFLOPs: 21.0230. Time: 897.7941 us. Best GFLOPs: 110.7213
2026-04-08 09:35:48 [INFO] [task_scheduler.cc:137] [Task #0: main] Trial #39: GFLOPs: 28.9795. Time: 651.3004 us. Best GFLOPs: 110.7213
2026-04-08 09:35:48 [INFO] [task_scheduler.cc:137] [Task #0: main] Trial #40: GFLOPs: 64.9798. Time: 290.4650 us. Best GFLOPs: 110.7213
2026-04-08 09:35:48 [INFO] [task_scheduler.cc:137] [Task #0: main] Trial #41: GFLOPs: 47.1276. Time: 400.4948 us. Best GFLOPs: 110.7213
2026-04-08 09:35:48 [INFO] [task_scheduler.cc:137] [Task #0: main] Trial #42: GFLOPs: 98.4337. Time: 191.7470 us. Best GFLOPs: 110.7213
2026-04-08 09:35:48 [INFO] [task_scheduler.cc:137] [Task #0: main] Trial #43: GFLOPs: 82.8950. Time: 227.6900 us. Best GFLOPs: 110.7213
2026-04-08 09:35:48 [INFO] [task_scheduler.cc:137] [Task #0: main] Trial #44: GFLOPs: 78.4845. Time: 240.4854 us. Best GFLOPs: 110.7213
2026-04-08 09:35:48 [INFO] [task_scheduler.cc:137] [Task #0: main] Trial #45: GFLOPs: 48.2636. Time: 391.0683 us. Best GFLOPs: 110.7213
2026-04-08 09:35:48 [INFO] [task_scheduler.cc:137] [Task #0: main] Trial #46: GFLOPs: 52.3136. Time: 360.7930 us. Best GFLOPs: 110.7213
2026-04-08 09:35:48 [INFO] [task_scheduler.cc:137] [Task #0: main] Trial #47: GFLOPs: 29.2248. Time: 645.8333 us. Best GFLOPs: 110.7213
2026-04-08 09:35:48 [INFO] [task_scheduler.cc:137] [Task #0: main] Trial #48: GFLOPs: 65.3466. Time: 288.8348 us. Best GFLOPs: 110.7213
2026-04-08 09:35:48 [INFO] [task_scheduler.cc:137] [Task #0: main] Trial #49: GFLOPs: 82.1971. Time: 229.6233 us. Best GFLOPs: 110.7213
2026-04-08 09:35:48 [INFO] [task_scheduler.cc:137] [Task #0: main] Trial #50: GFLOPs: 26.8312. Time: 703.4493 us. Best GFLOPs: 110.7213
2026-04-08 09:35:48 [INFO] [task_scheduler.cc:137] [Task #0: main] Trial #51: GFLOPs: 73.2267. Time: 257.7525 us. Best GFLOPs: 110.7213
2026-04-08 09:35:48 [INFO] [task_scheduler.cc:137] [Task #0: main] Trial #52: GFLOPs: 77.1126. Time: 244.7636 us. Best GFLOPs: 110.7213
2026-04-08 09:35:48 [INFO] [task_scheduler.cc:137] [Task #0: main] Trial #53: GFLOPs: 65.9317. Time: 286.2717 us. Best GFLOPs: 110.7213
2026-04-08 09:35:48 [INFO] [task_scheduler.cc:137] [Task #0: main] Trial #54: GFLOPs: 55.0903. Time: 342.6076 us. Best GFLOPs: 110.7213
2026-04-08 09:35:48 [INFO] [task_scheduler.cc:137] [Task #0: main] Trial #55: GFLOPs: 66.0767. Time: 285.6433 us. Best GFLOPs: 110.7213
2026-04-08 09:35:48 [INFO] [task_scheduler.cc:137] [Task #0: main] Trial #56: GFLOPs: 25.9437. Time: 727.5123 us. Best GFLOPs: 110.7213
2026-04-08 09:35:48 [INFO] [task_scheduler.cc:137] [Task #0: main] Trial #57: GFLOPs: 72.4186. Time: 260.6286 us. Best GFLOPs: 110.7213
2026-04-08 09:35:48 [INFO] [task_scheduler.cc:137] [Task #0: main] Trial #58: GFLOPs: 82.3517. Time: 229.1921 us. Best GFLOPs: 110.7213
2026-04-08 09:35:48 [INFO] [task_scheduler.cc:137] [Task #0: main] Trial #59: GFLOPs: 65.7972. Time: 286.8569 us. Best GFLOPs: 110.7213
2026-04-08 09:35:48 [INFO] [task_scheduler.cc:137] [Task #0: main] Trial #60: GFLOPs: 16.5652. Time: 1139.3953 us. Best GFLOPs: 110.7213
2026-04-08 09:35:48 [INFO] [task_scheduler.cc:137] [Task #0: main] Trial #61: GFLOPs: 89.7010. Time: 210.4141 us. Best GFLOPs: 110.7213
2026-04-08 09:35:48 [INFO] [task_scheduler.cc:137] [Task #0: main] Trial #62: GFLOPs: 92.5974. Time: 203.8326 us. Best GFLOPs: 110.7213
2026-04-08 09:35:48 [INFO] [task_scheduler.cc:137] [Task #0: main] Trial #63: GFLOPs: 49.3703. Time: 382.3023 us. Best GFLOPs: 110.7213
2026-04-08 09:35:48 [INFO] [task_scheduler.cc:137] [Task #0: main] Trial #64: GFLOPs: 21.9614. Time: 859.4328 us. Best GFLOPs: 110.7213
2026-04-08 09:35:48 [INFO] [evolutionary_search.cc:711] Generating candidates......
2026-04-08 09:35:48 [INFO] [evolutionary_search.cc:713] Picked top 122 candidate(s) from database
2026-04-08 09:35:48 [INFO] [evolutionary_search.cc:530] Sample-Init-Population summary:
Postproc #0 [meta_schedule.DisallowDynamicLoop(0x5eda49033c48)]: 0 failure(s)
Postproc #1 [meta_schedule.RewriteParallelVectorizeUnroll(0x5eda4a11ad68)]: 0 failure(s)
Postproc #2 [meta_schedule.RewriteReductionBlock(0x5eda49fd1e18)]: 0 failure(s)
Postproc #3 [meta_schedule.RewriteLayout(0x5eda4a0e2898)]: 0 failure(s)
2026-04-08 09:35:48 [INFO] [evolutionary_search.cc:721] Sampled 492 candidate(s)
2026-04-08 09:35:48 [INFO] [evolutionary_search.cc:619] Evolve iter #0 done. Summary:
Postproc #0 [meta_schedule.DisallowDynamicLoop(0x5eda49033c48)]: 0 failure(s)
Postproc #1 [meta_schedule.RewriteParallelVectorizeUnroll(0x5eda4a11ad68)]: 0 failure(s)
Postproc #2 [meta_schedule.RewriteReductionBlock(0x5eda49fd1e18)]: 0 failure(s)
Postproc #3 [meta_schedule.RewriteLayout(0x5eda4a0e2898)]: 0 failure(s)
2026-04-08 09:35:49 [INFO] [evolutionary_search.cc:619] Evolve iter #1 done. Summary:
Postproc #0 [meta_schedule.DisallowDynamicLoop(0x5eda49033c48)]: 0 failure(s)
Postproc #1 [meta_schedule.RewriteParallelVectorizeUnroll(0x5eda4a11ad68)]: 0 failure(s)
Postproc #2 [meta_schedule.RewriteReductionBlock(0x5eda49fd1e18)]: 0 failure(s)
Postproc #3 [meta_schedule.RewriteLayout(0x5eda4a0e2898)]: 0 failure(s)
2026-04-08 09:35:49 [INFO] [evolutionary_search.cc:619] Evolve iter #2 done. Summary:
Postproc #0 [meta_schedule.DisallowDynamicLoop(0x5eda49033c48)]: 0 failure(s)
Postproc #1 [meta_schedule.RewriteParallelVectorizeUnroll(0x5eda4a11ad68)]: 0 failure(s)
Postproc #2 [meta_schedule.RewriteReductionBlock(0x5eda49fd1e18)]: 0 failure(s)
Postproc #3 [meta_schedule.RewriteLayout(0x5eda4a0e2898)]: 0 failure(s)
2026-04-08 09:35:49 [INFO] [evolutionary_search.cc:619] Evolve iter #3 done. Summary:
Postproc #0 [meta_schedule.DisallowDynamicLoop(0x5eda49033c48)]: 0 failure(s)
Postproc #1 [meta_schedule.RewriteParallelVectorizeUnroll(0x5eda4a11ad68)]: 0 failure(s)
Postproc #2 [meta_schedule.RewriteReductionBlock(0x5eda49fd1e18)]: 0 failure(s)
Postproc #3 [meta_schedule.RewriteLayout(0x5eda4a0e2898)]: 0 failure(s)
2026-04-08 09:35:49 [INFO] [evolutionary_search.cc:647] Scores of the best 64 candidates:
[1 : 16]:	0.9997  0.9995  0.9995  0.9993  0.9993  0.9993  0.9992  0.9988  0.9976  0.9976  0.9973  0.9972  0.9966  0.9957  0.9950  0.9947
[17 : 32]:	0.9945  0.9938  0.9937  0.9927  0.9924  0.9921  0.9921  0.9921  0.9917  0.9911  0.9907  0.9907  0.9901  0.9895  0.9894  0.9885
[33 : 48]:	0.9882  0.9882  0.9882  0.9878  0.9874  0.9871  0.9857  0.9856  0.9854  0.9851  0.9848  0.9846  0.9842  0.9840  0.9832  0.9831
[49 : 64]:	0.9830  0.9826  0.9826  0.9822  0.9821  0.9821  0.9819  0.9816  0.9814  0.9813  0.9812  0.9812  0.9802  0.9799  0.9782  0.9765
2026-04-08 09:35:49 [INFO] [evolutionary_search.cc:725] Got 64 candidate(s) with evolutionary search
2026-04-08 09:35:49 [INFO] [evolutionary_search.cc:728] Sending 64 candidates(s) for measurement
2026-04-08 09:36:17 [INFO] [task_scheduler.cc:137] [Task #0: main] Trial #65: GFLOPs: 15.7806. Time: 1196.0509 us. Best GFLOPs: 110.7213
2026-04-08 09:36:17 [INFO] [task_scheduler.cc:137] [Task #0: main] Trial #66: GFLOPs: 43.1661. Time: 437.2499 us. Best GFLOPs: 110.7213
2026-04-08 09:36:17 [INFO] [task_scheduler.cc:137] [Task #0: main] Trial #67: GFLOPs: 32.5598. Time: 579.6828 us. Best GFLOPs: 110.7213
2026-04-08 09:36:17 [INFO] [task_scheduler.cc:137] [Task #0: main] Trial #68: GFLOPs: 58.1874. Time: 324.3721 us. Best GFLOPs: 110.7213
2026-04-08 09:36:17 [INFO] [task_scheduler.cc:137] [Task #0: main] Trial #69: GFLOPs: 39.0833. Time: 482.9271 us. Best GFLOPs: 110.7213
2026-04-08 09:36:17 [INFO] [task_scheduler.cc:137] [Task #0: main] Trial #70: GFLOPs: 45.3631. Time: 416.0728 us. Best GFLOPs: 110.7213
2026-04-08 09:36:17 [INFO] [task_scheduler.cc:137] [Task #0: main] Trial #71: GFLOPs: 65.2334. Time: 289.3358 us. Best GFLOPs: 110.7213
2026-04-08 09:36:17 [INFO] [task_scheduler.cc:137] [Task #0: main] Trial #72: GFLOPs: 59.8334. Time: 315.4486 us. Best GFLOPs: 110.7213
2026-04-08 09:36:17 [INFO] [task_scheduler.cc:137] [Task #0: main] Trial #73: GFLOPs: 40.7893. Time: 462.7283 us. Best GFLOPs: 110.7213
2026-04-08 09:36:17 [INFO] [task_scheduler.cc:137] [Task #0: main] Trial #74: GFLOPs: 49.0602. Time: 384.7183 us. Best GFLOPs: 110.7213
2026-04-08 09:36:17 [INFO] [task_scheduler.cc:137] [Task #0: main] Trial #75: GFLOPs: 15.3860. Time: 1226.7201 us. Best GFLOPs: 110.7213
2026-04-08 09:36:17 [INFO] [task_scheduler.cc:137] [Task #0: main] Trial #76: GFLOPs: 18.5139. Time: 1019.4725 us. Best GFLOPs: 110.7213
2026-04-08 09:36:17 [INFO] [task_scheduler.cc:137] [Task #0: main] Trial #77: GFLOPs: 26.2028. Time: 720.3198 us. Best GFLOPs: 110.7213
2026-04-08 09:36:17 [INFO] [task_scheduler.cc:137] [Task #0: main] Trial #78: GFLOPs: 24.2127. Time: 779.5245 us. Best GFLOPs: 110.7213
2026-04-08 09:36:17 [INFO] [task_scheduler.cc:137] [Task #0: main] Trial #79: GFLOPs: 18.9900. Time: 993.9133 us. Best GFLOPs: 110.7213
2026-04-08 09:36:17 [INFO] [task_scheduler.cc:137] [Task #0: main] Trial #80: GFLOPs: 69.7811. Time: 270.4797 us. Best GFLOPs: 110.7213
2026-04-08 09:36:17 [INFO] [task_scheduler.cc:137] [Task #0: main] Trial #81: GFLOPs: 47.8352. Time: 394.5706 us. Best GFLOPs: 110.7213
2026-04-08 09:36:17 [INFO] [task_scheduler.cc:137] [Task #0: main] Trial #82: GFLOPs: 54.5538. Time: 345.9769 us. Best GFLOPs: 110.7213
2026-04-08 09:36:17 [INFO] [task_scheduler.cc:137] [Task #0: main] Trial #83: GFLOPs: 45.2143. Time: 417.4422 us. Best GFLOPs: 110.7213
2026-04-08 09:36:17 [INFO] [task_scheduler.cc:137] [Task #0: main] Trial #84: GFLOPs: 30.1295. Time: 626.4422 us. Best GFLOPs: 110.7213
2026-04-08 09:36:17 [INFO] [task_scheduler.cc:137] [Task #0: main] Trial #85: GFLOPs: 66.2977. Time: 284.6913 us. Best GFLOPs: 110.7213
2026-04-08 09:36:17 [INFO] [task_scheduler.cc:137] [Task #0: main] Trial #86: GFLOPs: 63.9020. Time: 295.3641 us. Best GFLOPs: 110.7213
2026-04-08 09:36:17 [INFO] [task_scheduler.cc:137] [Task #0: main] Trial #87: GFLOPs: 103.5833. Time: 182.2143 us. Best GFLOPs: 110.7213
2026-04-08 09:36:17 [INFO] [task_scheduler.cc:137] [Task #0: main] Trial #88: GFLOPs: 15.0945. Time: 1250.4136 us. Best GFLOPs: 110.7213
2026-04-08 09:36:17 [INFO] [task_scheduler.cc:137] [Task #0: main] Trial #89: GFLOPs: 18.4760. Time: 1021.5601 us. Best GFLOPs: 110.7213
2026-04-08 09:36:17 [INFO] [task_scheduler.cc:137] [Task #0: main] Trial #90: GFLOPs: 17.0693. Time: 1105.7472 us. Best GFLOPs: 110.7213
2026-04-08 09:36:17 [INFO] [task_scheduler.cc:137] [Task #0: main] Trial #91: GFLOPs: 63.3196. Time: 298.0810 us. Best GFLOPs: 110.7213
2026-04-08 09:36:17 [INFO] [task_scheduler.cc:137] [Task #0: main] Trial #92: GFLOPs: 16.4162. Time: 1149.7394 us. Best GFLOPs: 110.7213
2026-04-08 09:36:17 [INFO] [task_scheduler.cc:137] [Task #0: main] Trial #93: GFLOPs: 77.4903. Time: 243.5706 us. Best GFLOPs: 110.7213
2026-04-08 09:36:17 [INFO] [task_scheduler.cc:137] [Task #0: main] Trial #94: GFLOPs: 15.8581. Time: 1190.2043 us. Best GFLOPs: 110.7213
2026-04-08 09:36:17 [INFO] [task_scheduler.cc:137] [Task #0: main] Trial #95: GFLOPs: 12.0411. Time: 1567.4975 us. Best GFLOPs: 110.7213
2026-04-08 09:36:17 [INFO] [task_scheduler.cc:137] [Task #0: main] Trial #96: GFLOPs: 41.4216. Time: 455.6652 us. Best GFLOPs: 110.7213
2026-04-08 09:36:17 [INFO] [task_scheduler.cc:137] [Task #0: main] Trial #97: GFLOPs: 51.7890. Time: 364.4477 us. Best GFLOPs: 110.7213
2026-04-08 09:36:17 [INFO] [task_scheduler.cc:137] [Task #0: main] Trial #98: GFLOPs: 88.2880. Time: 213.7819 us. Best GFLOPs: 110.7213
2026-04-08 09:36:17 [INFO] [task_scheduler.cc:137] [Task #0: main] Trial #99: GFLOPs: 52.0457. Time: 362.6496 us. Best GFLOPs: 110.7213
2026-04-08 09:36:17 [INFO] [task_scheduler.cc:137] [Task #0: main] Trial #100: GFLOPs: 46.1934. Time: 408.5948 us. Best GFLOPs: 110.7213
2026-04-08 09:36:17 [INFO] [task_scheduler.cc:137] [Task #0: main] Trial #101: GFLOPs: 22.3273. Time: 845.3510 us. Best GFLOPs: 110.7213
2026-04-08 09:36:17 [INFO] [task_scheduler.cc:137] [Task #0: main] Trial #102: GFLOPs: 72.7957. Time: 259.2786 us. Best GFLOPs: 110.7213
2026-04-08 09:36:17 [INFO] [task_scheduler.cc:137] [Task #0: main] Trial #103: GFLOPs: 66.8342. Time: 282.4059 us. Best GFLOPs: 110.7213
2026-04-08 09:36:17 [INFO] [task_scheduler.cc:137] [Task #0: main] Trial #104: GFLOPs: 46.8335. Time: 403.0104 us. Best GFLOPs: 110.7213
2026-04-08 09:36:17 [INFO] [task_scheduler.cc:137] [Task #0: main] Trial #105: GFLOPs: 9.1991. Time: 2051.7677 us. Best GFLOPs: 110.7213
2026-04-08 09:36:17 [INFO] [task_scheduler.cc:137] [Task #0: main] Trial #106: GFLOPs: 17.1873. Time: 1098.1559 us. Best GFLOPs: 110.7213
2026-04-08 09:36:17 [INFO] [task_scheduler.cc:137] [Task #0: main] Trial #107: GFLOPs: 48.6089. Time: 388.2903 us. Best GFLOPs: 110.7213
2026-04-08 09:36:17 [INFO] [task_scheduler.cc:137] [Task #0: main] Trial #108: GFLOPs: 45.3975. Time: 415.7579 us. Best GFLOPs: 110.7213
2026-04-08 09:36:17 [INFO] [task_scheduler.cc:137] [Task #0: main] Trial #109: GFLOPs: 56.5520. Time: 333.7522 us. Best GFLOPs: 110.7213
2026-04-08 09:36:17 [INFO] [task_scheduler.cc:137] [Task #0: main] Trial #110: GFLOPs: 74.0703. Time: 254.8171 us. Best GFLOPs: 110.7213
2026-04-08 09:36:17 [INFO] [task_scheduler.cc:137] [Task #0: main] Trial #111: GFLOPs: 18.3786. Time: 1026.9750 us. Best GFLOPs: 110.7213
2026-04-08 09:36:17 [INFO] [task_scheduler.cc:137] [Task #0: main] Trial #112: GFLOPs: 27.2206. Time: 693.3847 us. Best GFLOPs: 110.7213
2026-04-08 09:36:17 [INFO] [task_scheduler.cc:137] [Task #0: main] Trial #113: GFLOPs: 84.3850. Time: 223.6697 us. Best GFLOPs: 110.7213
2026-04-08 09:36:17 [INFO] [task_scheduler.cc:137] [Task #0: main] Trial #114: GFLOPs: 67.7544. Time: 278.5705 us. Best GFLOPs: 110.7213
2026-04-08 09:36:17 [INFO] [task_scheduler.cc:137] [Task #0: main] Trial #115: GFLOPs: 40.0292. Time: 471.5149 us. Best GFLOPs: 110.7213
2026-04-08 09:36:17 [INFO] [task_scheduler.cc:137] [Task #0: main] Trial #116: GFLOPs: 32.7686. Time: 575.9902 us. Best GFLOPs: 110.7213
2026-04-08 09:36:17 [INFO] [task_scheduler.cc:137] [Task #0: main] Trial #117: GFLOPs: 51.6665. Time: 365.3118 us. Best GFLOPs: 110.7213
2026-04-08 09:36:17 [INFO] [task_scheduler.cc:137] [Task #0: main] Trial #118: GFLOPs: 83.1708. Time: 226.9351 us. Best GFLOPs: 110.7213
2026-04-08 09:36:17 [INFO] [task_scheduler.cc:137] [Task #0: main] Trial #119: GFLOPs: 52.7403. Time: 357.8736 us. Best GFLOPs: 110.7213
2026-04-08 09:36:17 [INFO] [task_scheduler.cc:137] [Task #0: main] Trial #120: GFLOPs: 52.0366. Time: 362.7136 us. Best GFLOPs: 110.7213
2026-04-08 09:36:17 [INFO] [task_scheduler.cc:137] [Task #0: main] Trial #121: GFLOPs: 56.8218. Time: 332.1679 us. Best GFLOPs: 110.7213
2026-04-08 09:36:17 [INFO] [task_scheduler.cc:137] [Task #0: main] Trial #122: GFLOPs: 92.6783. Time: 203.6546 us. Best GFLOPs: 110.7213
2026-04-08 09:36:17 [INFO] [task_scheduler.cc:137] [Task #0: main] Trial #123: GFLOPs: 32.5802. Time: 579.3203 us. Best GFLOPs: 110.7213
2026-04-08 09:36:17 [INFO] [task_scheduler.cc:137] [Task #0: main] Trial #124: GFLOPs: 66.5609. Time: 283.5654 us. Best GFLOPs: 110.7213
2026-04-08 09:36:17 [INFO] [task_scheduler.cc:137] [Task #0: main] Trial #125: GFLOPs: 74.1964. Time: 254.3838 us. Best GFLOPs: 110.7213
2026-04-08 09:36:17 [INFO] [task_scheduler.cc:137] [Task #0: main] Trial #126: GFLOPs: 55.0403. Time: 342.9192 us. Best GFLOPs: 110.7213
2026-04-08 09:36:17 [INFO] [task_scheduler.cc:137] [Task #0: main] Trial #127: GFLOPs: 16.2616. Time: 1160.6695 us. Best GFLOPs: 110.7213
2026-04-08 09:36:17 [INFO] [task_scheduler.cc:137] [Task #0: main] Trial #128: GFLOPs: 20.7529. Time: 909.4809 us. Best GFLOPs: 110.7213
2026-04-08 09:36:17 [INFO] [evolutionary_search.cc:711] Generating candidates......
2026-04-08 09:36:18 [INFO] [evolutionary_search.cc:713] Picked top 122 candidate(s) from database
2026-04-08 09:36:18 [INFO] [evolutionary_search.cc:530] Sample-Init-Population summary:
Postproc #0 [meta_schedule.DisallowDynamicLoop(0x5eda49033c48)]: 0 failure(s)
Postproc #1 [meta_schedule.RewriteParallelVectorizeUnroll(0x5eda4a11ad68)]: 0 failure(s)
Postproc #2 [meta_schedule.RewriteReductionBlock(0x5eda49fd1e18)]: 0 failure(s)
Postproc #3 [meta_schedule.RewriteLayout(0x5eda4a0e2898)]: 0 failure(s)
2026-04-08 09:36:18 [INFO] [evolutionary_search.cc:721] Sampled 492 candidate(s)
2026-04-08 09:36:19 [INFO] [evolutionary_search.cc:619] Evolve iter #0 done. Summary:
Postproc #0 [meta_schedule.DisallowDynamicLoop(0x5eda49033c48)]: 0 failure(s)
Postproc #1 [meta_schedule.RewriteParallelVectorizeUnroll(0x5eda4a11ad68)]: 0 failure(s)
Postproc #2 [meta_schedule.RewriteReductionBlock(0x5eda49fd1e18)]: 0 failure(s)
Postproc #3 [meta_schedule.RewriteLayout(0x5eda4a0e2898)]: 0 failure(s)
2026-04-08 09:36:20 [INFO] [evolutionary_search.cc:619] Evolve iter #1 done. Summary:
Postproc #0 [meta_schedule.DisallowDynamicLoop(0x5eda49033c48)]: 0 failure(s)
Postproc #1 [meta_schedule.RewriteParallelVectorizeUnroll(0x5eda4a11ad68)]: 0 failure(s)
Postproc #2 [meta_schedule.RewriteReductionBlock(0x5eda49fd1e18)]: 0 failure(s)
Postproc #3 [meta_schedule.RewriteLayout(0x5eda4a0e2898)]: 0 failure(s)
2026-04-08 09:36:21 [INFO] [evolutionary_search.cc:619] Evolve iter #2 done. Summary:
Postproc #0 [meta_schedule.DisallowDynamicLoop(0x5eda49033c48)]: 0 failure(s)
Postproc #1 [meta_schedule.RewriteParallelVectorizeUnroll(0x5eda4a11ad68)]: 0 failure(s)
Postproc #2 [meta_schedule.RewriteReductionBlock(0x5eda49fd1e18)]: 0 failure(s)
Postproc #3 [meta_schedule.RewriteLayout(0x5eda4a0e2898)]: 0 failure(s)
2026-04-08 09:36:22 [INFO] [evolutionary_search.cc:619] Evolve iter #3 done. Summary:
Postproc #0 [meta_schedule.DisallowDynamicLoop(0x5eda49033c48)]: 0 failure(s)
Postproc #1 [meta_schedule.RewriteParallelVectorizeUnroll(0x5eda4a11ad68)]: 0 failure(s)
Postproc #2 [meta_schedule.RewriteReductionBlock(0x5eda49fd1e18)]: 0 failure(s)
Postproc #3 [meta_schedule.RewriteLayout(0x5eda4a0e2898)]: 0 failure(s)
2026-04-08 09:36:22 [INFO] [evolutionary_search.cc:647] Scores of the best 64 candidates:
[1 : 16]:	0.9646  0.9542  0.9542  0.9542  0.9448  0.9448  0.9433  0.9433  0.9396  0.9349  0.9340  0.9338  0.9282  0.9282  0.9194  0.9174
[17 : 32]:	0.9174  0.9099  0.9082  0.9082  0.9082  0.9082  0.8927  0.8860  0.8817  0.8815  0.8789  0.8732  0.8688  0.8652  0.8639  0.8637
[33 : 48]:	0.8624  0.8543  0.8455  0.8453  0.8450  0.8419  0.8409  0.8372  0.8372  0.8363  0.8350  0.8309  0.8270  0.8207  0.8207  0.8192
[49 : 64]:	0.8188  0.8179  0.8163  0.8150  0.8150  0.8138  0.8134  0.8131  0.8123  0.8123  0.8111  0.8108  0.8090  0.8090  0.8086  0.8079
2026-04-08 09:36:22 [INFO] [evolutionary_search.cc:725] Got 64 candidate(s) with evolutionary search
2026-04-08 09:36:22 [INFO] [evolutionary_search.cc:728] Sending 64 candidates(s) for measurement
2026-04-08 09:36:49 [INFO] [task_scheduler.cc:137] [Task #0: main] Trial #129: GFLOPs: 92.4335. Time: 204.1940 us. Best GFLOPs: 110.7213
2026-04-08 09:36:49 [INFO] [task_scheduler.cc:137] [Task #0: main] Trial #130: GFLOPs: 78.6568. Time: 239.9585 us. Best GFLOPs: 110.7213
2026-04-08 09:36:49 [INFO] [task_scheduler.cc:137] [Task #0: main] Trial #131: GFLOPs: 74.2817. Time: 254.0919 us. Best GFLOPs: 110.7213
2026-04-08 09:36:49 [INFO] [task_scheduler.cc:137] [Task #0: main] Trial #132: GFLOPs: 24.0275. Time: 785.5314 us. Best GFLOPs: 110.7213
2026-04-08 09:36:49 [INFO] [task_scheduler.cc:137] [Task #0: main] Trial #133: GFLOPs: 73.1743. Time: 257.9372 us. Best GFLOPs: 110.7213
2026-04-08 09:36:49 [INFO] [task_scheduler.cc:137] [Task #0: main] Trial #134: GFLOPs: 70.0032. Time: 269.6213 us. Best GFLOPs: 110.7213
2026-04-08 09:36:49 [INFO] [task_scheduler.cc:137] [Task #0: main] Trial #135: GFLOPs: 63.0448. Time: 299.3801 us. Best GFLOPs: 110.7213
2026-04-08 09:36:49 [INFO] [task_scheduler.cc:137] [Task #0: main] Trial #136: GFLOPs: 60.3197. Time: 312.9054 us. Best GFLOPs: 110.7213
2026-04-08 09:36:49 [INFO] [task_scheduler.cc:137] [Task #0: main] Trial #137: GFLOPs: 58.9477. Time: 320.1886 us. Best GFLOPs: 110.7213
2026-04-08 09:36:49 [INFO] [task_scheduler.cc:137] [Task #0: main] Trial #138: GFLOPs: 47.9102. Time: 393.9530 us. Best GFLOPs: 110.7213
2026-04-08 09:36:49 [INFO] [task_scheduler.cc:137] [Task #0: main] Trial #139: GFLOPs: 39.7527. Time: 474.7948 us. Best GFLOPs: 110.7213
2026-04-08 09:36:49 [INFO] [task_scheduler.cc:137] [Task #0: main] Trial #140: GFLOPs: 90.7650. Time: 207.9476 us. Best GFLOPs: 110.7213
2026-04-08 09:36:49 [INFO] [task_scheduler.cc:137] [Task #0: main] Trial #141: GFLOPs: 58.9852. Time: 319.9850 us. Best GFLOPs: 110.7213
2026-04-08 09:36:49 [INFO] [task_scheduler.cc:137] [Task #0: main] Trial #142: GFLOPs: 56.0397. Time: 336.8033 us. Best GFLOPs: 110.7213
2026-04-08 09:36:49 [INFO] [task_scheduler.cc:137] [Task #0: main] Trial #143: GFLOPs: 64.4013. Time: 293.0745 us. Best GFLOPs: 110.7213
2026-04-08 09:36:49 [INFO] [task_scheduler.cc:137] [Task #0: main] Trial #144: GFLOPs: 56.3974. Time: 334.6671 us. Best GFLOPs: 110.7213
2026-04-08 09:36:49 [INFO] [task_scheduler.cc:137] [Task #0: main] Trial #145: GFLOPs: 59.4705. Time: 317.3739 us. Best GFLOPs: 110.7213
2026-04-08 09:36:49 [INFO] [task_scheduler.cc:137] [Task #0: main] Trial #146: GFLOPs: 67.1620. Time: 281.0275 us. Best GFLOPs: 110.7213
2026-04-08 09:36:49 [INFO] [task_scheduler.cc:137] [Task #0: main] Trial #147: GFLOPs: 65.5287. Time: 288.0322 us. Best GFLOPs: 110.7213
2026-04-08 09:36:49 [INFO] [task_scheduler.cc:137] [Task #0: main] Trial #148: GFLOPs: 78.3826. Time: 240.7980 us. Best GFLOPs: 110.7213
2026-04-08 09:36:49 [INFO] [task_scheduler.cc:137] [Task #0: main] Trial #149: GFLOPs: 68.9280. Time: 273.8273 us. Best GFLOPs: 110.7213
2026-04-08 09:36:49 [INFO] [task_scheduler.cc:137] [Task #0: main] Trial #150: GFLOPs: 66.6703. Time: 283.1001 us. Best GFLOPs: 110.7213
2026-04-08 09:36:49 [INFO] [task_scheduler.cc:137] [Task #0: main] Trial #151: GFLOPs: 74.2336. Time: 254.2563 us. Best GFLOPs: 110.7213
2026-04-08 09:36:49 [INFO] [task_scheduler.cc:137] [Task #0: main] Trial #152: GFLOPs: 57.2176. Time: 329.8697 us. Best GFLOPs: 110.7213
2026-04-08 09:36:49 [INFO] [task_scheduler.cc:137] [Task #0: main] Trial #153: GFLOPs: 83.2987. Time: 226.5866 us. Best GFLOPs: 110.7213
2026-04-08 09:36:49 [INFO] [task_scheduler.cc:137] [Task #0: main] Trial #154: GFLOPs: 92.1473. Time: 204.8283 us. Best GFLOPs: 110.7213
2026-04-08 09:36:49 [INFO] [task_scheduler.cc:137] [Task #0: main] Trial #155: GFLOPs: 78.5971. Time: 240.1406 us. Best GFLOPs: 110.7213
2026-04-08 09:36:49 [INFO] [task_scheduler.cc:137] [Task #0: main] Trial #156: GFLOPs: 92.0823. Time: 204.9728 us. Best GFLOPs: 110.7213
2026-04-08 09:36:49 [INFO] [task_scheduler.cc:137] [Task #0: main] Trial #157: GFLOPs: 79.7774. Time: 236.5880 us. Best GFLOPs: 110.7213
2026-04-08 09:36:49 [INFO] [task_scheduler.cc:137] [Task #0: main] Trial #158: GFLOPs: 85.4667. Time: 220.8389 us. Best GFLOPs: 110.7213
2026-04-08 09:36:49 [INFO] [task_scheduler.cc:137] [Task #0: main] Trial #159: GFLOPs: 20.9131. Time: 902.5160 us. Best GFLOPs: 110.7213
2026-04-08 09:36:49 [INFO] [task_scheduler.cc:137] [Task #0: main] Trial #160: GFLOPs: 80.5809. Time: 234.2287 us. Best GFLOPs: 110.7213
2026-04-08 09:36:49 [INFO] [task_scheduler.cc:137] [Task #0: main] Trial #161: GFLOPs: 86.2457. Time: 218.8441 us. Best GFLOPs: 110.7213
2026-04-08 09:36:49 [INFO] [task_scheduler.cc:137] [Task #0: main] Trial #162: GFLOPs: 89.5457. Time: 210.7792 us. Best GFLOPs: 110.7213
2026-04-08 09:36:49 [INFO] [task_scheduler.cc:137] [Task #0: main] Trial #163: GFLOPs: 110.0568. Time: 171.4966 us. Best GFLOPs: 110.7213
2026-04-08 09:36:49 [INFO] [task_scheduler.cc:137] [Task #0: main] Trial #164: GFLOPs: 67.1446. Time: 281.1004 us. Best GFLOPs: 110.7213
2026-04-08 09:36:49 [INFO] [task_scheduler.cc:137] [Task #0: main] Trial #165: GFLOPs: 75.3123. Time: 250.6148 us. Best GFLOPs: 110.7213
2026-04-08 09:36:49 [INFO] [task_scheduler.cc:137] [Task #0: main] Trial #166: GFLOPs: 82.8808. Time: 227.7290 us. Best GFLOPs: 110.7213
2026-04-08 09:36:49 [INFO] [task_scheduler.cc:137] [Task #0: main] Trial #167: GFLOPs: 58.2091. Time: 324.2513 us. Best GFLOPs: 110.7213
2026-04-08 09:36:49 [INFO] [task_scheduler.cc:137] [Task #0: main] Trial #168: GFLOPs: 75.5997. Time: 249.6620 us. Best GFLOPs: 110.7213
2026-04-08 09:36:49 [INFO] [task_scheduler.cc:137] [Task #0: main] Trial #169: GFLOPs: 82.7250. Time: 228.1581 us. Best GFLOPs: 110.7213
2026-04-08 09:36:49 [INFO] [task_scheduler.cc:137] [Task #0: main] Trial #170: GFLOPs: 72.1259. Time: 261.6863 us. Best GFLOPs: 110.7213
2026-04-08 09:36:49 [INFO] [task_scheduler.cc:137] [Task #0: main] Trial #171: GFLOPs: 12.2573. Time: 1539.8410 us. Best GFLOPs: 110.7213
2026-04-08 09:36:49 [INFO] [task_scheduler.cc:137] [Task #0: main] Trial #172: GFLOPs: 75.7388. Time: 249.2034 us. Best GFLOPs: 110.7213
2026-04-08 09:36:49 [INFO] [task_scheduler.cc:137] [Task #0: main] Trial #173: GFLOPs: 79.4459. Time: 237.5751 us. Best GFLOPs: 110.7213
2026-04-08 09:36:49 [INFO] [task_scheduler.cc:137] [Task #0: main] Trial #174: GFLOPs: 78.5399. Time: 240.3156 us. Best GFLOPs: 110.7213
2026-04-08 09:36:49 [INFO] [task_scheduler.cc:137] [Task #0: main] Trial #175: GFLOPs: 71.0911. Time: 265.4957 us. Best GFLOPs: 110.7213
2026-04-08 09:36:49 [INFO] [task_scheduler.cc:137] [Task #0: main] Trial #176: GFLOPs: 78.2582. Time: 241.1808 us. Best GFLOPs: 110.7213
2026-04-08 09:36:49 [INFO] [task_scheduler.cc:137] [Task #0: main] Trial #177: GFLOPs: 22.8739. Time: 825.1483 us. Best GFLOPs: 110.7213
2026-04-08 09:36:49 [INFO] [task_scheduler.cc:137] [Task #0: main] Trial #178: GFLOPs: 62.4752. Time: 302.1097 us. Best GFLOPs: 110.7213
2026-04-08 09:36:49 [INFO] [task_scheduler.cc:137] [Task #0: main] Trial #179: GFLOPs: 86.5008. Time: 218.1987 us. Best GFLOPs: 110.7213
2026-04-08 09:36:49 [INFO] [task_scheduler.cc:137] [Task #0: main] Trial #180: GFLOPs: 83.5923. Time: 225.7908 us. Best GFLOPs: 110.7213
2026-04-08 09:36:49 [INFO] [task_scheduler.cc:137] [Task #0: main] Trial #181: GFLOPs: 78.6723. Time: 239.9114 us. Best GFLOPs: 110.7213
2026-04-08 09:36:49 [INFO] [task_scheduler.cc:137] [Task #0: main] Trial #182: GFLOPs: 75.1837. Time: 251.0433 us. Best GFLOPs: 110.7213
2026-04-08 09:36:49 [INFO] [task_scheduler.cc:137] [Task #0: main] Trial #183: GFLOPs: 76.9043. Time: 245.4266 us. Best GFLOPs: 110.7213
2026-04-08 09:36:49 [INFO] [task_scheduler.cc:137] [Task #0: main] Trial #184: GFLOPs: 68.0434. Time: 277.3874 us. Best GFLOPs: 110.7213
2026-04-08 09:36:49 [INFO] [task_scheduler.cc:137] [Task #0: main] Trial #185: GFLOPs: 91.7080. Time: 205.8094 us. Best GFLOPs: 110.7213
2026-04-08 09:36:49 [INFO] [task_scheduler.cc:137] [Task #0: main] Trial #186: GFLOPs: 84.2275. Time: 224.0880 us. Best GFLOPs: 110.7213
2026-04-08 09:36:49 [INFO] [task_scheduler.cc:137] [Task #0: main] Trial #187: GFLOPs: 83.3652. Time: 226.4057 us. Best GFLOPs: 110.7213
2026-04-08 09:36:49 [INFO] [task_scheduler.cc:137] [Task #0: main] Trial #188: GFLOPs: 81.9927. Time: 230.1958 us. Best GFLOPs: 110.7213
2026-04-08 09:36:49 [INFO] [task_scheduler.cc:137] [Task #0: main] Trial #189: GFLOPs: 66.5132. Time: 283.7688 us. Best GFLOPs: 110.7213
2026-04-08 09:36:49 [INFO] [task_scheduler.cc:137] [Task #0: main] Trial #190: GFLOPs: 51.7163. Time: 364.9599 us. Best GFLOPs: 110.7213
2026-04-08 09:36:49 [INFO] [task_scheduler.cc:137] [Task #0: main] Trial #191: GFLOPs: 54.5813. Time: 345.8030 us. Best GFLOPs: 110.7213
2026-04-08 09:36:49 [INFO] [task_scheduler.cc:137] [Task #0: main] Trial #192: GFLOPs: 10.1362. Time: 1862.0728 us. Best GFLOPs: 110.7213
2026-04-08 09:36:49 [INFO] [evolutionary_search.cc:711] Generating candidates......
2026-04-08 09:36:49 [INFO] [evolutionary_search.cc:713] Picked top 122 candidate(s) from database
2026-04-08 09:36:49 [INFO] [evolutionary_search.cc:530] Sample-Init-Population summary:
Postproc #0 [meta_schedule.DisallowDynamicLoop(0x5eda49033c48)]: 0 failure(s)
Postproc #1 [meta_schedule.RewriteParallelVectorizeUnroll(0x5eda4a11ad68)]: 0 failure(s)
Postproc #2 [meta_schedule.RewriteReductionBlock(0x5eda49fd1e18)]: 0 failure(s)
Postproc #3 [meta_schedule.RewriteLayout(0x5eda4a0e2898)]: 0 failure(s)
2026-04-08 09:36:49 [INFO] [evolutionary_search.cc:721] Sampled 492 candidate(s)
2026-04-08 09:36:50 [INFO] [evolutionary_search.cc:619] Evolve iter #0 done. Summary:
Postproc #0 [meta_schedule.DisallowDynamicLoop(0x5eda49033c48)]: 0 failure(s)
Postproc #1 [meta_schedule.RewriteParallelVectorizeUnroll(0x5eda4a11ad68)]: 0 failure(s)
Postproc #2 [meta_schedule.RewriteReductionBlock(0x5eda49fd1e18)]: 0 failure(s)
Postproc #3 [meta_schedule.RewriteLayout(0x5eda4a0e2898)]: 0 failure(s)
2026-04-08 09:36:51 [INFO] [evolutionary_search.cc:619] Evolve iter #1 done. Summary:
Postproc #0 [meta_schedule.DisallowDynamicLoop(0x5eda49033c48)]: 0 failure(s)
Postproc #1 [meta_schedule.RewriteParallelVectorizeUnroll(0x5eda4a11ad68)]: 0 failure(s)
Postproc #2 [meta_schedule.RewriteReductionBlock(0x5eda49fd1e18)]: 0 failure(s)
Postproc #3 [meta_schedule.RewriteLayout(0x5eda4a0e2898)]: 0 failure(s)
2026-04-08 09:36:52 [INFO] [evolutionary_search.cc:619] Evolve iter #2 done. Summary:
Postproc #0 [meta_schedule.DisallowDynamicLoop(0x5eda49033c48)]: 0 failure(s)
Postproc #1 [meta_schedule.RewriteParallelVectorizeUnroll(0x5eda4a11ad68)]: 0 failure(s)
Postproc #2 [meta_schedule.RewriteReductionBlock(0x5eda49fd1e18)]: 0 failure(s)
Postproc #3 [meta_schedule.RewriteLayout(0x5eda4a0e2898)]: 0 failure(s)
2026-04-08 09:36:53 [INFO] [evolutionary_search.cc:619] Evolve iter #3 done. Summary:
Postproc #0 [meta_schedule.DisallowDynamicLoop(0x5eda49033c48)]: 0 failure(s)
Postproc #1 [meta_schedule.RewriteParallelVectorizeUnroll(0x5eda4a11ad68)]: 0 failure(s)
Postproc #2 [meta_schedule.RewriteReductionBlock(0x5eda49fd1e18)]: 0 failure(s)
Postproc #3 [meta_schedule.RewriteLayout(0x5eda4a0e2898)]: 0 failure(s)
2026-04-08 09:36:53 [INFO] [evolutionary_search.cc:647] Scores of the best 64 candidates:
[1 : 16]:	0.9788  0.9451  0.9097  0.8865  0.8833  0.8739  0.8719  0.8688  0.8686  0.8596  0.8477  0.8453  0.8415  0.8405  0.8375  0.8375
[17 : 32]:	0.8367  0.8367  0.8345  0.8343  0.8313  0.8248  0.8223  0.8219  0.8184  0.8184  0.8165  0.8131  0.8115  0.8110  0.8103  0.8103
[33 : 48]:	0.8103  0.8075  0.8065  0.8055  0.8029  0.8026  0.8025  0.8019  0.8006  0.7985  0.7976  0.7976  0.7972  0.7952  0.7952  0.7940
[49 : 64]:	0.7937  0.7935  0.7935  0.7928  0.7928  0.7928  0.7906  0.7898  0.7892  0.7880  0.7879  0.7878  0.7878  0.7878  0.7875  0.7867
2026-04-08 09:36:54 [INFO] [evolutionary_search.cc:725] Got 64 candidate(s) with evolutionary search
2026-04-08 09:36:54 [INFO] [evolutionary_search.cc:728] Sending 64 candidates(s) for measurement
2026-04-08 09:37:24 [INFO] [task_scheduler.cc:137] [Task #0: main] Trial #193: GFLOPs: 76.4654. Time: 246.8355 us. Best GFLOPs: 110.7213
2026-04-08 09:37:24 [INFO] [task_scheduler.cc:137] [Task #0: main] Trial #194: GFLOPs: 97.0778. Time: 194.4251 us. Best GFLOPs: 110.7213
2026-04-08 09:37:24 [INFO] [task_scheduler.cc:137] [Task #0: main] Trial #195: GFLOPs: 73.4416. Time: 256.9984 us. Best GFLOPs: 110.7213
2026-04-08 09:37:24 [INFO] [task_scheduler.cc:137] [Task #0: main] Trial #196: GFLOPs: 71.9657. Time: 262.2690 us. Best GFLOPs: 110.7213
2026-04-08 09:37:24 [INFO] [task_scheduler.cc:137] [Task #0: main] Trial #197: GFLOPs: 77.2381. Time: 244.3659 us. Best GFLOPs: 110.7213
2026-04-08 09:37:24 [INFO] [task_scheduler.cc:137] [Task #0: main] Trial #198: GFLOPs: 87.0153. Time: 216.9087 us. Best GFLOPs: 110.7213
2026-04-08 09:37:24 [INFO] [task_scheduler.cc:137] [Task #0: main] Trial #199: GFLOPs: 65.5911. Time: 287.7579 us. Best GFLOPs: 110.7213
2026-04-08 09:37:24 [INFO] [task_scheduler.cc:137] [Task #0: main] Trial #200: GFLOPs: 87.4831. Time: 215.7488 us. Best GFLOPs: 110.7213
2026-04-08 09:37:24 [INFO] [task_scheduler.cc:137] [Task #0: main] Trial #201: GFLOPs: 80.4253. Time: 234.6820 us. Best GFLOPs: 110.7213
2026-04-08 09:37:24 [INFO] [task_scheduler.cc:137] [Task #0: main] Trial #202: GFLOPs: 37.8690. Time: 498.4128 us. Best GFLOPs: 110.7213
2026-04-08 09:37:24 [INFO] [task_scheduler.cc:137] [Task #0: main] Trial #203: GFLOPs: 73.6162. Time: 256.3889 us. Best GFLOPs: 110.7213
2026-04-08 09:37:24 [INFO] [task_scheduler.cc:137] [Task #0: main] Trial #204: GFLOPs: 66.6668. Time: 283.1151 us. Best GFLOPs: 110.7213
2026-04-08 09:37:24 [INFO] [task_scheduler.cc:137] [Task #0: main] Trial #205: GFLOPs: 69.8684. Time: 270.1416 us. Best GFLOPs: 110.7213
2026-04-08 09:37:24 [INFO] [task_scheduler.cc:137] [Task #0: main] Trial #206: GFLOPs: 79.6404. Time: 236.9948 us. Best GFLOPs: 110.7213
2026-04-08 09:37:24 [INFO] [task_scheduler.cc:137] [Task #0: main] Trial #207: GFLOPs: 63.4142. Time: 297.6363 us. Best GFLOPs: 110.7213
2026-04-08 09:37:24 [INFO] [task_scheduler.cc:137] [Task #0: main] Trial #208: GFLOPs: 75.3169. Time: 250.5993 us. Best GFLOPs: 110.7213
2026-04-08 09:37:24 [INFO] [task_scheduler.cc:137] [Task #0: main] Trial #209: GFLOPs: 62.9319. Time: 299.9173 us. Best GFLOPs: 110.7213
2026-04-08 09:37:24 [INFO] [task_scheduler.cc:137] [Task #0: main] Trial #210: GFLOPs: 63.2202. Time: 298.5496 us. Best GFLOPs: 110.7213
2026-04-08 09:37:24 [INFO] [task_scheduler.cc:137] [Task #0: main] Trial #211: GFLOPs: 68.6412. Time: 274.9713 us. Best GFLOPs: 110.7213
2026-04-08 09:37:24 [INFO] [task_scheduler.cc:137] [Task #0: main] Trial #212: GFLOPs: 73.0032. Time: 258.5416 us. Best GFLOPs: 110.7213
2026-04-08 09:37:24 [INFO] [task_scheduler.cc:137] [Task #0: main] Trial #213: GFLOPs: 88.2263. Time: 213.9314 us. Best GFLOPs: 110.7213
2026-04-08 09:37:24 [INFO] [task_scheduler.cc:137] [Task #0: main] Trial #214: GFLOPs: 75.5882. Time: 249.6999 us. Best GFLOPs: 110.7213
2026-04-08 09:37:24 [INFO] [task_scheduler.cc:137] [Task #0: main] Trial #215: GFLOPs: 88.1223. Time: 214.1838 us. Best GFLOPs: 110.7213
2026-04-08 09:37:24 [INFO] [task_scheduler.cc:137] [Task #0: main] Trial #216: GFLOPs: 70.3451. Time: 268.3110 us. Best GFLOPs: 110.7213
2026-04-08 09:37:24 [INFO] [task_scheduler.cc:137] [Task #0: main] Trial #217: GFLOPs: 70.9693. Time: 265.9510 us. Best GFLOPs: 110.7213
2026-04-08 09:37:24 [INFO] [task_scheduler.cc:137] [Task #0: main] Trial #218: GFLOPs: 81.7839. Time: 230.7835 us. Best GFLOPs: 110.7213
2026-04-08 09:37:24 [INFO] [task_scheduler.cc:137] [Task #0: main] Trial #219: GFLOPs: 85.8941. Time: 219.7400 us. Best GFLOPs: 110.7213
2026-04-08 09:37:24 [INFO] [task_scheduler.cc:137] [Task #0: main] Trial #220: GFLOPs: 76.5595. Time: 246.5320 us. Best GFLOPs: 110.7213
2026-04-08 09:37:24 [INFO] [task_scheduler.cc:137] [Task #0: main] Trial #221: GFLOPs: 69.8180. Time: 270.3365 us. Best GFLOPs: 110.7213
2026-04-08 09:37:24 [INFO] [task_scheduler.cc:137] [Task #0: main] Trial #222: GFLOPs: 64.6219. Time: 292.0737 us. Best GFLOPs: 110.7213
2026-04-08 09:37:24 [INFO] [task_scheduler.cc:137] [Task #0: main] Trial #223: GFLOPs: 65.4531. Time: 288.3649 us. Best GFLOPs: 110.7213
2026-04-08 09:37:24 [INFO] [task_scheduler.cc:137] [Task #0: main] Trial #224: GFLOPs: 74.0392. Time: 254.9240 us. Best GFLOPs: 110.7213
2026-04-08 09:37:24 [INFO] [task_scheduler.cc:137] [Task #0: main] Trial #225: GFLOPs: 75.9550. Time: 248.4942 us. Best GFLOPs: 110.7213
2026-04-08 09:37:24 [INFO] [task_scheduler.cc:137] [Task #0: main] Trial #226: GFLOPs: 94.6411. Time: 199.4311 us. Best GFLOPs: 110.7213
2026-04-08 09:37:24 [INFO] [task_scheduler.cc:137] [Task #0: main] Trial #227: GFLOPs: 60.9181. Time: 309.8319 us. Best GFLOPs: 110.7213
2026-04-08 09:37:24 [INFO] [task_scheduler.cc:137] [Task #0: main] Trial #228: GFLOPs: 25.2434. Time: 747.6965 us. Best GFLOPs: 110.7213
2026-04-08 09:37:24 [INFO] [task_scheduler.cc:137] [Task #0: main] Trial #229: GFLOPs: 71.0434. Time: 265.6739 us. Best GFLOPs: 110.7213
2026-04-08 09:37:24 [INFO] [task_scheduler.cc:137] [Task #0: main] Trial #230: GFLOPs: 88.9902. Time: 212.0949 us. Best GFLOPs: 110.7213
2026-04-08 09:37:24 [INFO] [task_scheduler.cc:137] [Task #0: main] Trial #231: GFLOPs: 76.1371. Time: 247.8996 us. Best GFLOPs: 110.7213
2026-04-08 09:37:24 [INFO] [task_scheduler.cc:137] [Task #0: main] Trial #232: GFLOPs: 73.8546. Time: 255.5612 us. Best GFLOPs: 110.7213
2026-04-08 09:37:24 [INFO] [task_scheduler.cc:137] [Task #0: main] Trial #233: GFLOPs: 66.5709. Time: 283.5226 us. Best GFLOPs: 110.7213
2026-04-08 09:37:24 [INFO] [task_scheduler.cc:137] [Task #0: main] Trial #234: GFLOPs: 29.2137. Time: 646.0785 us. Best GFLOPs: 110.7213
2026-04-08 09:37:24 [INFO] [task_scheduler.cc:137] [Task #0: main] Trial #235: GFLOPs: 74.3087. Time: 253.9996 us. Best GFLOPs: 110.7213
2026-04-08 09:37:24 [INFO] [task_scheduler.cc:137] [Task #0: main] Trial #236: GFLOPs: 70.7868. Time: 266.6368 us. Best GFLOPs: 110.7213
2026-04-08 09:37:24 [INFO] [task_scheduler.cc:137] [Task #0: main] Trial #237: GFLOPs: 76.1176. Time: 247.9633 us. Best GFLOPs: 110.7213
2026-04-08 09:37:24 [INFO] [task_scheduler.cc:137] [Task #0: main] Trial #238: GFLOPs: 43.5109. Time: 433.7853 us. Best GFLOPs: 110.7213
2026-04-08 09:37:24 [INFO] [task_scheduler.cc:137] [Task #0: main] Trial #239: GFLOPs: 61.9858. Time: 304.4952 us. Best GFLOPs: 110.7213
2026-04-08 09:37:24 [INFO] [task_scheduler.cc:137] [Task #0: main] Trial #240: GFLOPs: 50.8983. Time: 370.8248 us. Best GFLOPs: 110.7213
2026-04-08 09:37:24 [INFO] [task_scheduler.cc:137] [Task #0: main] Trial #241: GFLOPs: 62.9240. Time: 299.9548 us. Best GFLOPs: 110.7213
2026-04-08 09:37:24 [INFO] [task_scheduler.cc:137] [Task #0: main] Trial #242: GFLOPs: 67.5698. Time: 279.3312 us. Best GFLOPs: 110.7213
2026-04-08 09:37:24 [INFO] [task_scheduler.cc:137] [Task #0: main] Trial #243: GFLOPs: 77.5034. Time: 243.5297 us. Best GFLOPs: 110.7213
2026-04-08 09:37:24 [INFO] [task_scheduler.cc:137] [Task #0: main] Trial #244: GFLOPs: 75.4698. Time: 250.0918 us. Best GFLOPs: 110.7213
2026-04-08 09:37:24 [INFO] [task_scheduler.cc:137] [Task #0: main] Trial #245: GFLOPs: 87.4987. Time: 215.7103 us. Best GFLOPs: 110.7213
2026-04-08 09:37:24 [INFO] [task_scheduler.cc:137] [Task #0: main] Trial #246: GFLOPs: 87.7596. Time: 215.0690 us. Best GFLOPs: 110.7213
2026-04-08 09:37:24 [INFO] [task_scheduler.cc:137] [Task #0: main] Trial #247: GFLOPs: 100.9390. Time: 186.9878 us. Best GFLOPs: 110.7213
2026-04-08 09:37:24 [INFO] [task_scheduler.cc:137] [Task #0: main] Trial #248: GFLOPs: 25.1202. Time: 751.3623 us. Best GFLOPs: 110.7213
2026-04-08 09:37:24 [INFO] [task_scheduler.cc:137] [Task #0: main] Trial #249: GFLOPs: 27.3191. Time: 690.8843 us. Best GFLOPs: 110.7213
2026-04-08 09:37:24 [INFO] [task_scheduler.cc:137] [Task #0: main] Trial #250: GFLOPs: 95.4313. Time: 197.7796 us. Best GFLOPs: 110.7213
2026-04-08 09:37:24 [INFO] [task_scheduler.cc:137] [Task #0: main] Trial #251: GFLOPs: 85.8698. Time: 219.8022 us. Best GFLOPs: 110.7213
2026-04-08 09:37:24 [INFO] [task_scheduler.cc:137] [Task #0: main] Trial #252: GFLOPs: 85.7419. Time: 220.1301 us. Best GFLOPs: 110.7213
2026-04-08 09:37:24 [INFO] [task_scheduler.cc:137] [Task #0: main] Trial #253: GFLOPs: 77.3517. Time: 244.0070 us. Best GFLOPs: 110.7213
2026-04-08 09:37:24 [INFO] [task_scheduler.cc:137] [Task #0: main] Trial #254: GFLOPs: 88.0313. Time: 214.4051 us. Best GFLOPs: 110.7213
2026-04-08 09:37:24 [INFO] [task_scheduler.cc:137] [Task #0: main] Trial #255: GFLOPs: 48.1562. Time: 391.9402 us. Best GFLOPs: 110.7213
2026-04-08 09:37:24 [INFO] [task_scheduler.cc:137] [Task #0: main] Trial #256: GFLOPs: 21.3622. Time: 883.5415 us. Best GFLOPs: 110.7213
2026-04-08 09:37:24 [INFO] [evolutionary_search.cc:711] Generating candidates......
2026-04-08 09:37:24 [INFO] [evolutionary_search.cc:713] Picked top 122 candidate(s) from database
2026-04-08 09:37:24 [INFO] [evolutionary_search.cc:530] Sample-Init-Population summary:
Postproc #0 [meta_schedule.DisallowDynamicLoop(0x5eda49033c48)]: 0 failure(s)
Postproc #1 [meta_schedule.RewriteParallelVectorizeUnroll(0x5eda4a11ad68)]: 0 failure(s)
Postproc #2 [meta_schedule.RewriteReductionBlock(0x5eda49fd1e18)]: 0 failure(s)
Postproc #3 [meta_schedule.RewriteLayout(0x5eda4a0e2898)]: 0 failure(s)
2026-04-08 09:37:24 [INFO] [evolutionary_search.cc:721] Sampled 492 candidate(s)
2026-04-08 09:37:25 [INFO] [evolutionary_search.cc:619] Evolve iter #0 done. Summary:
Postproc #0 [meta_schedule.DisallowDynamicLoop(0x5eda49033c48)]: 0 failure(s)
Postproc #1 [meta_schedule.RewriteParallelVectorizeUnroll(0x5eda4a11ad68)]: 0 failure(s)
Postproc #2 [meta_schedule.RewriteReductionBlock(0x5eda49fd1e18)]: 0 failure(s)
Postproc #3 [meta_schedule.RewriteLayout(0x5eda4a0e2898)]: 0 failure(s)
2026-04-08 09:37:26 [INFO] [evolutionary_search.cc:619] Evolve iter #1 done. Summary:
Postproc #0 [meta_schedule.DisallowDynamicLoop(0x5eda49033c48)]: 0 failure(s)
Postproc #1 [meta_schedule.RewriteParallelVectorizeUnroll(0x5eda4a11ad68)]: 0 failure(s)
Postproc #2 [meta_schedule.RewriteReductionBlock(0x5eda49fd1e18)]: 0 failure(s)
Postproc #3 [meta_schedule.RewriteLayout(0x5eda4a0e2898)]: 0 failure(s)
2026-04-08 09:37:27 [INFO] [evolutionary_search.cc:619] Evolve iter #2 done. Summary:
Postproc #0 [meta_schedule.DisallowDynamicLoop(0x5eda49033c48)]: 0 failure(s)
Postproc #1 [meta_schedule.RewriteParallelVectorizeUnroll(0x5eda4a11ad68)]: 0 failure(s)
Postproc #2 [meta_schedule.RewriteReductionBlock(0x5eda49fd1e18)]: 0 failure(s)
Postproc #3 [meta_schedule.RewriteLayout(0x5eda4a0e2898)]: 0 failure(s)
2026-04-08 09:37:28 [INFO] [evolutionary_search.cc:619] Evolve iter #3 done. Summary:
Postproc #0 [meta_schedule.DisallowDynamicLoop(0x5eda49033c48)]: 0 failure(s)
Postproc #1 [meta_schedule.RewriteParallelVectorizeUnroll(0x5eda4a11ad68)]: 0 failure(s)
Postproc #2 [meta_schedule.RewriteReductionBlock(0x5eda49fd1e18)]: 0 failure(s)
Postproc #3 [meta_schedule.RewriteLayout(0x5eda4a0e2898)]: 0 failure(s)
2026-04-08 09:37:29 [INFO] [evolutionary_search.cc:647] Scores of the best 51 candidates:
[1 : 16]:	0.8479  0.8406  0.8273  0.8206  0.8137  0.8072  0.8066  0.8040  0.7942  0.7871  0.7861  0.7848  0.7830  0.7824  0.7822  0.7816
[17 : 32]:	0.7813  0.7794  0.7790  0.7780  0.7771  0.7771  0.7752  0.7751  0.7719  0.7717  0.7714  0.7714  0.7712  0.7706  0.7684  0.7681
[33 : 48]:	0.7678  0.7675  0.7666  0.7657  0.7649  0.7649  0.7645  0.7641  0.7638  0.7625  0.7622  0.7605  0.7603  0.7603  0.7596  0.7589
[49 : 51]:	0.7586  0.7585  0.7578
2026-04-08 09:37:29 [INFO] [evolutionary_search.cc:725] Got 51 candidate(s) with evolutionary search
2026-04-08 09:37:29 [INFO] [evolutionary_search.cc:728] Sending 51 candidates(s) for measurement
2026-04-08 09:37:51 [INFO] [task_scheduler.cc:137] [Task #0: main] Trial #257: GFLOPs: 96.8915. Time: 194.7990 us. Best GFLOPs: 110.7213
2026-04-08 09:37:51 [INFO] [task_scheduler.cc:137] [Task #0: main] Trial #258: GFLOPs: 76.6698. Time: 246.1775 us. Best GFLOPs: 110.7213
2026-04-08 09:37:51 [INFO] [task_scheduler.cc:137] [Task #0: main] Trial #259: GFLOPs: 95.5463. Time: 197.5416 us. Best GFLOPs: 110.7213
2026-04-08 09:37:51 [INFO] [task_scheduler.cc:137] [Task #0: main] Trial #260: GFLOPs: 82.9686. Time: 227.4880 us. Best GFLOPs: 110.7213
2026-04-08 09:37:51 [INFO] [task_scheduler.cc:137] [Task #0: main] Trial #261: GFLOPs: 87.9161. Time: 214.6861 us. Best GFLOPs: 110.7213
2026-04-08 09:37:51 [INFO] [task_scheduler.cc:137] [Task #0: main] Trial #262: GFLOPs: 103.2185. Time: 182.8584 us. Best GFLOPs: 110.7213
2026-04-08 09:37:51 [INFO] [task_scheduler.cc:137] [Task #0: main] Trial #263: GFLOPs: 78.9815. Time: 238.9719 us. Best GFLOPs: 110.7213
2026-04-08 09:37:51 [INFO] [task_scheduler.cc:137] [Task #0: main] Trial #264: GFLOPs: 87.3617. Time: 216.0485 us. Best GFLOPs: 110.7213
2026-04-08 09:37:51 [INFO] [task_scheduler.cc:137] [Task #0: main] Trial #265: GFLOPs: 60.0262. Time: 314.4353 us. Best GFLOPs: 110.7213
2026-04-08 09:37:51 [INFO] [task_scheduler.cc:137] [Task #0: main] Trial #266: GFLOPs: 91.5041. Time: 206.2680 us. Best GFLOPs: 110.7213
2026-04-08 09:37:51 [INFO] [task_scheduler.cc:137] [Task #0: main] Trial #267: GFLOPs: 80.6937. Time: 233.9013 us. Best GFLOPs: 110.7213
2026-04-08 09:37:51 [INFO] [task_scheduler.cc:137] [Task #0: main] Trial #268: GFLOPs: 63.8278. Time: 295.7077 us. Best GFLOPs: 110.7213
2026-04-08 09:37:51 [INFO] [task_scheduler.cc:137] [Task #0: main] Trial #269: GFLOPs: 79.9744. Time: 236.0052 us. Best GFLOPs: 110.7213
2026-04-08 09:37:51 [INFO] [task_scheduler.cc:137] [Task #0: main] Trial #270: GFLOPs: 58.8153. Time: 320.9094 us. Best GFLOPs: 110.7213
2026-04-08 09:37:51 [INFO] [task_scheduler.cc:137] [Task #0: main] Trial #271: GFLOPs: 86.1329. Time: 219.1309 us. Best GFLOPs: 110.7213
2026-04-08 09:37:51 [INFO] [task_scheduler.cc:137] [Task #0: main] Trial #272: GFLOPs: 64.4706. Time: 292.7594 us. Best GFLOPs: 110.7213
2026-04-08 09:37:51 [INFO] [task_scheduler.cc:137] [Task #0: main] Trial #273: GFLOPs: 68.9375. Time: 273.7895 us. Best GFLOPs: 110.7213
2026-04-08 09:37:51 [INFO] [task_scheduler.cc:137] [Task #0: main] Trial #274: GFLOPs: 80.7967. Time: 233.6031 us. Best GFLOPs: 110.7213
2026-04-08 09:37:51 [INFO] [task_scheduler.cc:137] [Task #0: main] Trial #275: GFLOPs: 81.2023. Time: 232.4363 us. Best GFLOPs: 110.7213
2026-04-08 09:37:51 [INFO] [task_scheduler.cc:137] [Task #0: main] Trial #276: GFLOPs: 101.8806. Time: 185.2597 us. Best GFLOPs: 110.7213
2026-04-08 09:37:51 [INFO] [task_scheduler.cc:137] [Task #0: main] Trial #277: GFLOPs: 74.5408. Time: 253.2085 us. Best GFLOPs: 110.7213
2026-04-08 09:37:51 [INFO] [task_scheduler.cc:137] [Task #0: main] Trial #278: GFLOPs: 68.3225. Time: 276.2539 us. Best GFLOPs: 110.7213
2026-04-08 09:37:51 [INFO] [task_scheduler.cc:137] [Task #0: main] Trial #279: GFLOPs: 76.2581. Time: 247.5064 us. Best GFLOPs: 110.7213
2026-04-08 09:37:51 [INFO] [task_scheduler.cc:137] [Task #0: main] Trial #280: GFLOPs: 96.0799. Time: 196.4445 us. Best GFLOPs: 110.7213
2026-04-08 09:37:51 [INFO] [task_scheduler.cc:137] [Task #0: main] Trial #281: GFLOPs: 85.6420. Time: 220.3867 us. Best GFLOPs: 110.7213
2026-04-08 09:37:51 [INFO] [task_scheduler.cc:137] [Task #0: main] Trial #282: GFLOPs: 70.3610. Time: 268.2503 us. Best GFLOPs: 110.7213
2026-04-08 09:37:51 [INFO] [task_scheduler.cc:137] [Task #0: main] Trial #283: GFLOPs: 91.9768. Time: 205.2078 us. Best GFLOPs: 110.7213
2026-04-08 09:37:51 [INFO] [task_scheduler.cc:137] [Task #0: main] Trial #284: GFLOPs: 101.3297. Time: 186.2669 us. Best GFLOPs: 110.7213
2026-04-08 09:37:51 [INFO] [task_scheduler.cc:137] [Task #0: main] Trial #285: GFLOPs: 96.4922. Time: 195.6052 us. Best GFLOPs: 110.7213
2026-04-08 09:37:51 [INFO] [task_scheduler.cc:137] [Task #0: main] Trial #286: GFLOPs: 75.9946. Time: 248.3644 us. Best GFLOPs: 110.7213
2026-04-08 09:37:51 [INFO] [task_scheduler.cc:137] [Task #0: main] Trial #287: GFLOPs: 62.6453. Time: 301.2896 us. Best GFLOPs: 110.7213
2026-04-08 09:37:51 [INFO] [task_scheduler.cc:137] [Task #0: main] Trial #288: GFLOPs: 80.1423. Time: 235.5106 us. Best GFLOPs: 110.7213
2026-04-08 09:37:51 [INFO] [task_scheduler.cc:137] [Task #0: main] Trial #289: GFLOPs: 78.8597. Time: 239.3412 us. Best GFLOPs: 110.7213
2026-04-08 09:37:51 [INFO] [task_scheduler.cc:137] [Task #0: main] Trial #290: GFLOPs: 90.0973. Time: 209.4888 us. Best GFLOPs: 110.7213
2026-04-08 09:37:51 [INFO] [task_scheduler.cc:137] [Task #0: main] Trial #291: GFLOPs: 96.1931. Time: 196.2134 us. Best GFLOPs: 110.7213
2026-04-08 09:37:51 [INFO] [task_scheduler.cc:137] [Task #0: main] Trial #292: GFLOPs: 77.5589. Time: 243.3552 us. Best GFLOPs: 110.7213
2026-04-08 09:37:51 [INFO] [task_scheduler.cc:137] [Task #0: main] Trial #293: GFLOPs: 94.0473. Time: 200.6902 us. Best GFLOPs: 110.7213
2026-04-08 09:37:51 [INFO] [task_scheduler.cc:137] [Task #0: main] Trial #294: GFLOPs: 94.8159. Time: 199.0634 us. Best GFLOPs: 110.7213
2026-04-08 09:37:51 [INFO] [task_scheduler.cc:137] [Task #0: main] Trial #295: GFLOPs: 73.1788. Time: 257.9212 us. Best GFLOPs: 110.7213
2026-04-08 09:37:51 [INFO] [task_scheduler.cc:137] [Task #0: main] Trial #296: GFLOPs: 81.7132. Time: 230.9831 us. Best GFLOPs: 110.7213
2026-04-08 09:37:51 [INFO] [task_scheduler.cc:137] [Task #0: main] Trial #297: GFLOPs: 72.7182. Time: 259.5550 us. Best GFLOPs: 110.7213
2026-04-08 09:37:51 [INFO] [task_scheduler.cc:137] [Task #0: main] Trial #298: GFLOPs: 83.0494. Time: 227.2668 us. Best GFLOPs: 110.7213
2026-04-08 09:37:51 [INFO] [task_scheduler.cc:137] [Task #0: main] Trial #299: GFLOPs: 75.4460. Time: 250.1707 us. Best GFLOPs: 110.7213
2026-04-08 09:37:51 [INFO] [task_scheduler.cc:137] [Task #0: main] Trial #300: GFLOPs: 83.2703. Time: 226.6638 us. Best GFLOPs: 110.7213
2026-04-08 09:37:51 [INFO] [task_scheduler.cc:137] [Task #0: main] Trial #301: GFLOPs: 62.2391. Time: 303.2559 us. Best GFLOPs: 110.7213
2026-04-08 09:37:51 [INFO] [task_scheduler.cc:137] [Task #0: main] Trial #302: GFLOPs: 83.6002. Time: 225.7695 us. Best GFLOPs: 110.7213
2026-04-08 09:37:51 [INFO] [task_scheduler.cc:137] [Task #0: main] Trial #303: GFLOPs: 75.7129. Time: 249.2887 us. Best GFLOPs: 110.7213
2026-04-08 09:37:51 [INFO] [task_scheduler.cc:137] [Task #0: main] Trial #304: GFLOPs: 82.3359. Time: 229.2362 us. Best GFLOPs: 110.7213
2026-04-08 09:37:51 [INFO] [task_scheduler.cc:137] [Task #0: main] Trial #305: GFLOPs: 83.5565. Time: 225.8874 us. Best GFLOPs: 110.7213
2026-04-08 09:37:51 [INFO] [task_scheduler.cc:137] [Task #0: main] Trial #306: GFLOPs: 24.7941. Time: 761.2449 us. Best GFLOPs: 110.7213
2026-04-08 09:37:51 [INFO] [task_scheduler.cc:137] [Task #0: main] Trial #307: GFLOPs: 73.2239. Time: 257.7624 us. Best GFLOPs: 110.7213
2026-04-10 15:38:16 [INFO] [task_scheduler.cc:166] Initializing Task #0: "main"
2026-04-10 15:38:16 [INFO] [task_scheduler.cc:41] 
# from tvm.script import ir as I
# from tvm.script import tir as T

@I.ir_module
class Module:
    @T.prim_func
    def main(A: T.Buffer((16, 768), "float32"), B: T.Buffer((768, 768), "float32"), C: T.Buffer((16, 768), "float32")):
        T.func_attr({"tir.noalias": True})
        # with T.block("root"):
        for i, j, k in T.grid(16, 768, 768):
            with T.block("C"):
                vi, vj, vk = T.axis.remap("SSR", [i, j, k])
                T.reads(A[vi, vk], B[vk, vj])
                T.writes(C[vi, vj])
                with T.init():
                    C[vi, vj] = T.float32(0.0)
                C[vi, vj] = C[vi, vj] + A[vi, vk] * B[vk, vj]
2026-04-10 15:38:16 [INFO] [task_scheduler.cc:170] Total 3 design space(s) generated
2026-04-10 15:38:16 [INFO] [task_scheduler.cc:176] Design space #0:
# from tvm.script import ir as I
# from tvm.script import tir as T

@I.ir_module
class Module:
    @T.prim_func
    def main(A: T.Buffer((16, 768), "float32"), B: T.Buffer((768, 768), "float32"), C: T.Buffer((16, 768), "float32")):
        T.func_attr({"tir.noalias": True})
        with T.block("root"):
            T.reads()
            T.writes()
            T.block_attr({"meta_schedule.parallel": 128, "meta_schedule.unroll_explicit": 0, "meta_schedule.vectorize": 64})
            C_global = T.alloc_buffer((16, 768))
            for i_0, j_0, i_1, j_1 in T.grid(1, 64, 8, 6):
                for k_0, i_2, j_2, k_1, i_3, j_3 in T.grid(24, 1, 2, 32, 2, 1):
                    with T.block("C"):
                        vi = T.axis.spatial(16, i_0 * 16 + i_1 * 2 + i_2 * 2 + i_3)
                        vj = T.axis.spatial(768, j_0 * 12 + j_1 * 2 + j_2 + j_3)
                        vk = T.axis.reduce(768, k_0 * 32 + k_1)
                        T.reads(A[vi, vk], B[vk, vj])
                        T.writes(C_global[vi, vj])
                        T.block_attr({"meta_schedule.tiling_structure": "SSRSRS"})
                        with T.init():
                            C_global[vi, vj] = T.float32(0.0)
                        C_global[vi, vj] = C_global[vi, vj] + A[vi, vk] * B[vk, vj]
                for ax0, ax1 in T.grid(2, 2):
                    with T.block("C_global"):
                        v0 = T.axis.spatial(16, i_1 * 2 + ax0)
                        v1 = T.axis.spatial(768, j_0 * 12 + j_1 * 2 + ax1)
                        T.reads(C_global[v0, v1])
                        T.writes(C[v0, v1])
                        C[v0, v1] = C_global[v0, v1]
b0 = sch.get_block(name="C", func_name="main")
b1 = sch.get_block(name="root", func_name="main")
sch.annotate(block_or_loop=b0, ann_key="meta_schedule.tiling_structure", ann_val="SSRSRS")
l2, l3, l4 = sch.get_loops(block=b0)
v5, v6, v7, v8 = sch.sample_perfect_tile(loop=l2, n=4, max_innermost_factor=64, decision=[1, 8, 1, 2])
l9, l10, l11, l12 = sch.split(loop=l2, factors=[v5, v6, v7, v8], preserve_unit_iters=True, disable_predication=False)
v13, v14, v15, v16 = sch.sample_perfect_tile(loop=l3, n=4, max_innermost_factor=64, decision=[64, 6, 2, 1])
l17, l18, l19, l20 = sch.split(loop=l3, factors=[v13, v14, v15, v16], preserve_unit_iters=True, disable_predication=False)
v21, v22 = sch.sample_perfect_tile(loop=l4, n=2, max_innermost_factor=64, decision=[24, 32])
l23, l24 = sch.split(loop=l4, factors=[v21, v22], preserve_unit_iters=True, disable_predication=False)
sch.reorder(l9, l17, l10, l18, l23, l11, l19, l24, l12, l20)
b25 = sch.cache_write(block=b0, write_buffer_index=0, storage_scope="global")
sch.reverse_compute_at(block=b25, loop=l18, preserve_unit_loops=True, index=-1)
sch.annotate(block_or_loop=b1, ann_key="meta_schedule.parallel", ann_val=128)
sch.annotate(block_or_loop=b1, ann_key="meta_schedule.vectorize", ann_val=64)
v26 = sch.sample_categorical(candidates=[0, 16, 64, 512], probs=[0.25, 0.25, 0.25, 0.25], decision=0)
sch.annotate(block_or_loop=b1, ann_key="meta_schedule.unroll_explicit", ann_val=v26)
2026-04-10 15:38:16 [INFO] [task_scheduler.cc:176] Design space #1:
# from tvm.script import ir as I
# from tvm.script import tir as T

@I.ir_module
class Module:
    @T.prim_func
    def main(A: T.Buffer((16, 768), "float32"), B: T.Buffer((768, 768), "float32"), C: T.Buffer((16, 768), "float32")):
        T.func_attr({"tir.noalias": True})
        with T.block("root"):
            T.reads()
            T.writes()
            T.block_attr({"meta_schedule.parallel": 128, "meta_schedule.unroll_explicit": 512, "meta_schedule.vectorize": 64})
            C_global = T.alloc_buffer((16, 768))
            for i_0, j_0 in T.grid(1, 64):
                for i_1, j_1, k_0, i_2, j_2, k_1, i_3, j_3 in T.grid(8, 6, 24, 1, 2, 32, 2, 1):
                    with T.block("C"):
                        vi = T.axis.spatial(16, i_0 * 16 + i_1 * 2 + i_2 * 2 + i_3)
                        vj = T.axis.spatial(768, j_0 * 12 + j_1 * 2 + j_2 + j_3)
                        vk = T.axis.reduce(768, k_0 * 32 + k_1)
                        T.reads(A[vi, vk], B[vk, vj])
                        T.writes(C_global[vi, vj])
                        T.block_attr({"meta_schedule.tiling_structure": "SSRSRS"})
                        with T.init():
                            C_global[vi, vj] = T.float32(0.0)
                        C_global[vi, vj] = C_global[vi, vj] + A[vi, vk] * B[vk, vj]
                for ax0, ax1 in T.grid(16, 12):
                    with T.block("C_global"):
                        v0 = T.axis.spatial(16, ax0)
                        v1 = T.axis.spatial(768, j_0 * 12 + ax1)
                        T.reads(C_global[v0, v1])
                        T.writes(C[v0, v1])
                        C[v0, v1] = C_global[v0, v1]
b0 = sch.get_block(name="C", func_name="main")
b1 = sch.get_block(name="root", func_name="main")
sch.annotate(block_or_loop=b0, ann_key="meta_schedule.tiling_structure", ann_val="SSRSRS")
l2, l3, l4 = sch.get_loops(block=b0)
v5, v6, v7, v8 = sch.sample_perfect_tile(loop=l2, n=4, max_innermost_factor=64, decision=[1, 8, 1, 2])
l9, l10, l11, l12 = sch.split(loop=l2, factors=[v5, v6, v7, v8], preserve_unit_iters=True, disable_predication=False)
v13, v14, v15, v16 = sch.sample_perfect_tile(loop=l3, n=4, max_innermost_factor=64, decision=[64, 6, 2, 1])
l17, l18, l19, l20 = sch.split(loop=l3, factors=[v13, v14, v15, v16], preserve_unit_iters=True, disable_predication=False)
v21, v22 = sch.sample_perfect_tile(loop=l4, n=2, max_innermost_factor=64, decision=[24, 32])
l23, l24 = sch.split(loop=l4, factors=[v21, v22], preserve_unit_iters=True, disable_predication=False)
sch.reorder(l9, l17, l10, l18, l23, l11, l19, l24, l12, l20)
b25 = sch.cache_write(block=b0, write_buffer_index=0, storage_scope="global")
sch.reverse_compute_at(block=b25, loop=l17, preserve_unit_loops=True, index=-1)
sch.annotate(block_or_loop=b1, ann_key="meta_schedule.parallel", ann_val=128)
sch.annotate(block_or_loop=b1, ann_key="meta_schedule.vectorize", ann_val=64)
v26 = sch.sample_categorical(candidates=[0, 16, 64, 512], probs=[0.25, 0.25, 0.25, 0.25], decision=3)
sch.annotate(block_or_loop=b1, ann_key="meta_schedule.unroll_explicit", ann_val=v26)
2026-04-10 15:38:16 [INFO] [task_scheduler.cc:176] Design space #2:
# from tvm.script import ir as I
# from tvm.script import tir as T

@I.ir_module
class Module:
    @T.prim_func
    def main(A: T.Buffer((16, 768), "float32"), B: T.Buffer((768, 768), "float32"), C: T.Buffer((16, 768), "float32")):
        T.func_attr({"tir.noalias": True})
        with T.block("root"):
            T.reads()
            T.writes()
            T.block_attr({"meta_schedule.parallel": 128, "meta_schedule.unroll_explicit": 0, "meta_schedule.vectorize": 64})
            for i_0, j_0, i_1, j_1, k_0, i_2, j_2, k_1, i_3, j_3 in T.grid(1, 64, 8, 6, 24, 1, 2, 32, 2, 1):
                with T.block("C"):
                    vi = T.axis.spatial(16, i_0 * 16 + i_1 * 2 + i_2 * 2 + i_3)
                    vj = T.axis.spatial(768, j_0 * 12 + j_1 * 2 + j_2 + j_3)
                    vk = T.axis.reduce(768, k_0 * 32 + k_1)
                    T.reads(A[vi, vk], B[vk, vj])
                    T.writes(C[vi, vj])
                    T.block_attr({"meta_schedule.tiling_structure": "SSRSRS"})
                    with T.init():
                        C[vi, vj] = T.float32(0.0)
                    C[vi, vj] = C[vi, vj] + A[vi, vk] * B[vk, vj]
b0 = sch.get_block(name="C", func_name="main")
b1 = sch.get_block(name="root", func_name="main")
sch.annotate(block_or_loop=b0, ann_key="meta_schedule.tiling_structure", ann_val="SSRSRS")
l2, l3, l4 = sch.get_loops(block=b0)
v5, v6, v7, v8 = sch.sample_perfect_tile(loop=l2, n=4, max_innermost_factor=64, decision=[1, 8, 1, 2])
l9, l10, l11, l12 = sch.split(loop=l2, factors=[v5, v6, v7, v8], preserve_unit_iters=True, disable_predication=False)
v13, v14, v15, v16 = sch.sample_perfect_tile(loop=l3, n=4, max_innermost_factor=64, decision=[64, 6, 2, 1])
l17, l18, l19, l20 = sch.split(loop=l3, factors=[v13, v14, v15, v16], preserve_unit_iters=True, disable_predication=False)
v21, v22 = sch.sample_perfect_tile(loop=l4, n=2, max_innermost_factor=64, decision=[24, 32])
l23, l24 = sch.split(loop=l4, factors=[v21, v22], preserve_unit_iters=True, disable_predication=False)
sch.reorder(l9, l17, l10, l18, l23, l11, l19, l24, l12, l20)
sch.annotate(block_or_loop=b1, ann_key="meta_schedule.parallel", ann_val=128)
sch.annotate(block_or_loop=b1, ann_key="meta_schedule.vectorize", ann_val=64)
v25 = sch.sample_categorical(candidates=[0, 16, 64, 512], probs=[0.25, 0.25, 0.25, 0.25], decision=0)
sch.annotate(block_or_loop=b1, ann_key="meta_schedule.unroll_explicit", ann_val=v25)
2026-04-10 15:38:16 [INFO] [evolutionary_search.cc:711] Generating candidates......
2026-04-10 15:38:16 [INFO] [evolutionary_search.cc:713] Picked top 122 candidate(s) from database
2026-04-10 15:38:16 [INFO] [evolutionary_search.cc:530] Sample-Init-Population summary:
Postproc #0 [meta_schedule.DisallowDynamicLoop(0x60ffc85bc4f8)]: 0 failure(s)
Postproc #1 [meta_schedule.RewriteParallelVectorizeUnroll(0x60ffc844dcc8)]: 0 failure(s)
Postproc #2 [meta_schedule.RewriteReductionBlock(0x60ffc84b59c8)]: 0 failure(s)
Postproc #3 [meta_schedule.RewriteLayout(0x60ffc85def28)]: 0 failure(s)
2026-04-10 15:38:16 [INFO] [evolutionary_search.cc:721] Sampled 492 candidate(s)
2026-04-10 15:38:17 [INFO] [evolutionary_search.cc:619] Evolve iter #0 done. Summary:
Postproc #0 [meta_schedule.DisallowDynamicLoop(0x60ffc85bc4f8)]: 0 failure(s)
Postproc #1 [meta_schedule.RewriteParallelVectorizeUnroll(0x60ffc844dcc8)]: 0 failure(s)
Postproc #2 [meta_schedule.RewriteReductionBlock(0x60ffc84b59c8)]: 0 failure(s)
Postproc #3 [meta_schedule.RewriteLayout(0x60ffc85def28)]: 0 failure(s)
2026-04-10 15:38:17 [INFO] [evolutionary_search.cc:619] Evolve iter #1 done. Summary:
Postproc #0 [meta_schedule.DisallowDynamicLoop(0x60ffc85bc4f8)]: 0 failure(s)
Postproc #1 [meta_schedule.RewriteParallelVectorizeUnroll(0x60ffc844dcc8)]: 0 failure(s)
Postproc #2 [meta_schedule.RewriteReductionBlock(0x60ffc84b59c8)]: 0 failure(s)
Postproc #3 [meta_schedule.RewriteLayout(0x60ffc85def28)]: 0 failure(s)
2026-04-10 15:38:17 [INFO] [evolutionary_search.cc:619] Evolve iter #2 done. Summary:
Postproc #0 [meta_schedule.DisallowDynamicLoop(0x60ffc85bc4f8)]: 0 failure(s)
Postproc #1 [meta_schedule.RewriteParallelVectorizeUnroll(0x60ffc844dcc8)]: 0 failure(s)
Postproc #2 [meta_schedule.RewriteReductionBlock(0x60ffc84b59c8)]: 0 failure(s)
Postproc #3 [meta_schedule.RewriteLayout(0x60ffc85def28)]: 0 failure(s)
2026-04-10 15:38:18 [INFO] [evolutionary_search.cc:619] Evolve iter #3 done. Summary:
Postproc #0 [meta_schedule.DisallowDynamicLoop(0x60ffc85bc4f8)]: 0 failure(s)
Postproc #1 [meta_schedule.RewriteParallelVectorizeUnroll(0x60ffc844dcc8)]: 0 failure(s)
Postproc #2 [meta_schedule.RewriteReductionBlock(0x60ffc84b59c8)]: 0 failure(s)
Postproc #3 [meta_schedule.RewriteLayout(0x60ffc85def28)]: 0 failure(s)
2026-04-10 15:38:18 [INFO] [evolutionary_search.cc:647] Scores of the best 64 candidates:
[1 : 16]:	0.9991  0.9991  0.9987  0.9982  0.9965  0.9961  0.9959  0.9949  0.9944  0.9944  0.9931  0.9923  0.9921  0.9919  0.9918  0.9907
[17 : 32]:	0.9906  0.9903  0.9895  0.9890  0.9888  0.9882  0.9882  0.9881  0.9881  0.9880  0.9880  0.9878  0.9875  0.9860  0.9838  0.9831
[33 : 48]:	0.9831  0.9828  0.9825  0.9824  0.9821  0.9820  0.9814  0.9802  0.9795  0.9787  0.9787  0.9784  0.9784  0.9782  0.9772  0.9757
[49 : 64]:	0.9750  0.9739  0.9731  0.9728  0.9710  0.9703  0.9701  0.9700  0.9695  0.9691  0.9688  0.9679  0.9664  0.9646  0.9634  0.9616
2026-04-10 15:38:18 [INFO] [evolutionary_search.cc:725] Got 64 candidate(s) with evolutionary search
2026-04-10 15:38:18 [INFO] [evolutionary_search.cc:728] Sending 64 candidates(s) for measurement
