2026-04-07 11:29:07 [INFO] [task_scheduler.cc:166] Initializing Task #0: "main"
2026-04-07 11:29:07 [INFO] [task_scheduler.cc:41] 
# from tvm.script import ir as I
# from tvm.script import tir as T

@I.ir_module
class Module:
    @T.prim_func
    def main(A: T.Buffer((128, 768), "float32"), B: T.Buffer((768, 768), "float32"), C: T.Buffer((128, 768), "float32")):
        T.func_attr({"tir.noalias": True})
        # with T.block("root"):
        for i, j, k in T.grid(128, 768, 768):
            with T.block("C"):
                vi, vj, vk = T.axis.remap("SSR", [i, j, k])
                T.reads(A[vi, vk], B[vk, vj])
                T.writes(C[vi, vj])
                with T.init():
                    C[vi, vj] = T.float32(0.0)
                C[vi, vj] = C[vi, vj] + A[vi, vk] * B[vk, vj]
2026-04-07 11:29:07 [INFO] [task_scheduler.cc:170] Total 3 design space(s) generated
2026-04-07 11:29:07 [INFO] [task_scheduler.cc:176] Design space #0:
# from tvm.script import ir as I
# from tvm.script import tir as T

@I.ir_module
class Module:
    @T.prim_func
    def main(A: T.Buffer((128, 768), "float32"), B: T.Buffer((768, 768), "float32"), C: T.Buffer((128, 768), "float32")):
        T.func_attr({"tir.noalias": True})
        with T.block("root"):
            T.reads()
            T.writes()
            T.block_attr({"meta_schedule.parallel": 128, "meta_schedule.unroll_explicit": 512, "meta_schedule.vectorize": 64})
            C_global = T.alloc_buffer((128, 768))
            for i_0, j_0, i_1, j_1 in T.grid(16, 24, 1, 1):
                for k_0, i_2, j_2, k_1, i_3, j_3 in T.grid(12, 2, 32, 64, 4, 1):
                    with T.block("C"):
                        vi = T.axis.spatial(128, i_0 * 8 + i_1 * 8 + i_2 * 4 + i_3)
                        vj = T.axis.spatial(768, j_0 * 32 + j_1 * 32 + j_2 + j_3)
                        vk = T.axis.reduce(768, k_0 * 64 + k_1)
                        T.reads(A[vi, vk], B[vk, vj])
                        T.writes(C_global[vi, vj])
                        T.block_attr({"meta_schedule.tiling_structure": "SSRSRS"})
                        with T.init():
                            C_global[vi, vj] = T.float32(0.0)
                        C_global[vi, vj] = C_global[vi, vj] + A[vi, vk] * B[vk, vj]
                for ax0, ax1 in T.grid(8, 32):
                    with T.block("C_global"):
                        v0 = T.axis.spatial(128, i_0 * 8 + ax0)
                        v1 = T.axis.spatial(768, j_0 * 32 + ax1)
                        T.reads(C_global[v0, v1])
                        T.writes(C[v0, v1])
                        C[v0, v1] = C_global[v0, v1]
b0 = sch.get_block(name="C", func_name="main")
b1 = sch.get_block(name="root", func_name="main")
sch.annotate(block_or_loop=b0, ann_key="meta_schedule.tiling_structure", ann_val="SSRSRS")
l2, l3, l4 = sch.get_loops(block=b0)
v5, v6, v7, v8 = sch.sample_perfect_tile(loop=l2, n=4, max_innermost_factor=64, decision=[16, 1, 2, 4])
l9, l10, l11, l12 = sch.split(loop=l2, factors=[v5, v6, v7, v8], preserve_unit_iters=True, disable_predication=False)
v13, v14, v15, v16 = sch.sample_perfect_tile(loop=l3, n=4, max_innermost_factor=64, decision=[24, 1, 32, 1])
l17, l18, l19, l20 = sch.split(loop=l3, factors=[v13, v14, v15, v16], preserve_unit_iters=True, disable_predication=False)
v21, v22 = sch.sample_perfect_tile(loop=l4, n=2, max_innermost_factor=64, decision=[12, 64])
l23, l24 = sch.split(loop=l4, factors=[v21, v22], preserve_unit_iters=True, disable_predication=False)
sch.reorder(l9, l17, l10, l18, l23, l11, l19, l24, l12, l20)
b25 = sch.cache_write(block=b0, write_buffer_index=0, storage_scope="global")
sch.reverse_compute_at(block=b25, loop=l18, preserve_unit_loops=True, index=-1)
sch.annotate(block_or_loop=b1, ann_key="meta_schedule.parallel", ann_val=128)
sch.annotate(block_or_loop=b1, ann_key="meta_schedule.vectorize", ann_val=64)
v26 = sch.sample_categorical(candidates=[0, 16, 64, 512], probs=[0.25, 0.25, 0.25, 0.25], decision=3)
sch.annotate(block_or_loop=b1, ann_key="meta_schedule.unroll_explicit", ann_val=v26)
2026-04-07 11:29:07 [INFO] [task_scheduler.cc:176] Design space #1:
# from tvm.script import ir as I
# from tvm.script import tir as T

@I.ir_module
class Module:
    @T.prim_func
    def main(A: T.Buffer((128, 768), "float32"), B: T.Buffer((768, 768), "float32"), C: T.Buffer((128, 768), "float32")):
        T.func_attr({"tir.noalias": True})
        with T.block("root"):
            T.reads()
            T.writes()
            T.block_attr({"meta_schedule.parallel": 128, "meta_schedule.unroll_explicit": 16, "meta_schedule.vectorize": 64})
            C_global = T.alloc_buffer((128, 768))
            for i_0, j_0 in T.grid(16, 24):
                for i_1, j_1, k_0, i_2, j_2, k_1, i_3, j_3 in T.grid(1, 1, 12, 2, 32, 64, 4, 1):
                    with T.block("C"):
                        vi = T.axis.spatial(128, i_0 * 8 + i_1 * 8 + i_2 * 4 + i_3)
                        vj = T.axis.spatial(768, j_0 * 32 + j_1 * 32 + j_2 + j_3)
                        vk = T.axis.reduce(768, k_0 * 64 + k_1)
                        T.reads(A[vi, vk], B[vk, vj])
                        T.writes(C_global[vi, vj])
                        T.block_attr({"meta_schedule.tiling_structure": "SSRSRS"})
                        with T.init():
                            C_global[vi, vj] = T.float32(0.0)
                        C_global[vi, vj] = C_global[vi, vj] + A[vi, vk] * B[vk, vj]
                for ax0, ax1 in T.grid(8, 32):
                    with T.block("C_global"):
                        v0 = T.axis.spatial(128, i_0 * 8 + ax0)
                        v1 = T.axis.spatial(768, j_0 * 32 + ax1)
                        T.reads(C_global[v0, v1])
                        T.writes(C[v0, v1])
                        C[v0, v1] = C_global[v0, v1]
b0 = sch.get_block(name="C", func_name="main")
b1 = sch.get_block(name="root", func_name="main")
sch.annotate(block_or_loop=b0, ann_key="meta_schedule.tiling_structure", ann_val="SSRSRS")
l2, l3, l4 = sch.get_loops(block=b0)
v5, v6, v7, v8 = sch.sample_perfect_tile(loop=l2, n=4, max_innermost_factor=64, decision=[16, 1, 2, 4])
l9, l10, l11, l12 = sch.split(loop=l2, factors=[v5, v6, v7, v8], preserve_unit_iters=True, disable_predication=False)
v13, v14, v15, v16 = sch.sample_perfect_tile(loop=l3, n=4, max_innermost_factor=64, decision=[24, 1, 32, 1])
l17, l18, l19, l20 = sch.split(loop=l3, factors=[v13, v14, v15, v16], preserve_unit_iters=True, disable_predication=False)
v21, v22 = sch.sample_perfect_tile(loop=l4, n=2, max_innermost_factor=64, decision=[12, 64])
l23, l24 = sch.split(loop=l4, factors=[v21, v22], preserve_unit_iters=True, disable_predication=False)
sch.reorder(l9, l17, l10, l18, l23, l11, l19, l24, l12, l20)
b25 = sch.cache_write(block=b0, write_buffer_index=0, storage_scope="global")
sch.reverse_compute_at(block=b25, loop=l17, preserve_unit_loops=True, index=-1)
sch.annotate(block_or_loop=b1, ann_key="meta_schedule.parallel", ann_val=128)
sch.annotate(block_or_loop=b1, ann_key="meta_schedule.vectorize", ann_val=64)
v26 = sch.sample_categorical(candidates=[0, 16, 64, 512], probs=[0.25, 0.25, 0.25, 0.25], decision=1)
sch.annotate(block_or_loop=b1, ann_key="meta_schedule.unroll_explicit", ann_val=v26)
2026-04-07 11:29:07 [INFO] [task_scheduler.cc:176] Design space #2:
# from tvm.script import ir as I
# from tvm.script import tir as T

@I.ir_module
class Module:
    @T.prim_func
    def main(A: T.Buffer((128, 768), "float32"), B: T.Buffer((768, 768), "float32"), C: T.Buffer((128, 768), "float32")):
        T.func_attr({"tir.noalias": True})
        with T.block("root"):
            T.reads()
            T.writes()
            T.block_attr({"meta_schedule.parallel": 128, "meta_schedule.unroll_explicit": 512, "meta_schedule.vectorize": 64})
            for i_0, j_0, i_1, j_1, k_0, i_2, j_2, k_1, i_3, j_3 in T.grid(16, 24, 1, 1, 12, 2, 32, 64, 4, 1):
                with T.block("C"):
                    vi = T.axis.spatial(128, i_0 * 8 + i_1 * 8 + i_2 * 4 + i_3)
                    vj = T.axis.spatial(768, j_0 * 32 + j_1 * 32 + j_2 + j_3)
                    vk = T.axis.reduce(768, k_0 * 64 + k_1)
                    T.reads(A[vi, vk], B[vk, vj])
                    T.writes(C[vi, vj])
                    T.block_attr({"meta_schedule.tiling_structure": "SSRSRS"})
                    with T.init():
                        C[vi, vj] = T.float32(0.0)
                    C[vi, vj] = C[vi, vj] + A[vi, vk] * B[vk, vj]
b0 = sch.get_block(name="C", func_name="main")
b1 = sch.get_block(name="root", func_name="main")
sch.annotate(block_or_loop=b0, ann_key="meta_schedule.tiling_structure", ann_val="SSRSRS")
l2, l3, l4 = sch.get_loops(block=b0)
v5, v6, v7, v8 = sch.sample_perfect_tile(loop=l2, n=4, max_innermost_factor=64, decision=[16, 1, 2, 4])
l9, l10, l11, l12 = sch.split(loop=l2, factors=[v5, v6, v7, v8], preserve_unit_iters=True, disable_predication=False)
v13, v14, v15, v16 = sch.sample_perfect_tile(loop=l3, n=4, max_innermost_factor=64, decision=[24, 1, 32, 1])
l17, l18, l19, l20 = sch.split(loop=l3, factors=[v13, v14, v15, v16], preserve_unit_iters=True, disable_predication=False)
v21, v22 = sch.sample_perfect_tile(loop=l4, n=2, max_innermost_factor=64, decision=[12, 64])
l23, l24 = sch.split(loop=l4, factors=[v21, v22], preserve_unit_iters=True, disable_predication=False)
sch.reorder(l9, l17, l10, l18, l23, l11, l19, l24, l12, l20)
sch.annotate(block_or_loop=b1, ann_key="meta_schedule.parallel", ann_val=128)
sch.annotate(block_or_loop=b1, ann_key="meta_schedule.vectorize", ann_val=64)
v25 = sch.sample_categorical(candidates=[0, 16, 64, 512], probs=[0.25, 0.25, 0.25, 0.25], decision=3)
sch.annotate(block_or_loop=b1, ann_key="meta_schedule.unroll_explicit", ann_val=v25)
2026-04-07 11:29:07 [INFO] [evolutionary_search.cc:711] Generating candidates......
2026-04-07 11:29:07 [INFO] [evolutionary_search.cc:713] Picked top 0 candidate(s) from database
2026-04-07 11:29:07 [INFO] [evolutionary_search.cc:530] Sample-Init-Population summary:
Postproc #0 [meta_schedule.DisallowDynamicLoop(0x5bdf3a10a0e8)]: 0 failure(s)
Postproc #1 [meta_schedule.RewriteParallelVectorizeUnroll(0x5bdf39f0bd78)]: 0 failure(s)
Postproc #2 [meta_schedule.RewriteReductionBlock(0x5bdf39cf5e98)]: 0 failure(s)
Postproc #3 [meta_schedule.RewriteLayout(0x5bdf3a1613b8)]: 0 failure(s)
2026-04-07 11:29:07 [INFO] [evolutionary_search.cc:721] Sampled 614 candidate(s)
2026-04-07 11:29:08 [INFO] [evolutionary_search.cc:619] Evolve iter #0 done. Summary:
Postproc #0 [meta_schedule.DisallowDynamicLoop(0x5bdf3a10a0e8)]: 0 failure(s)
Postproc #1 [meta_schedule.RewriteParallelVectorizeUnroll(0x5bdf39f0bd78)]: 0 failure(s)
Postproc #2 [meta_schedule.RewriteReductionBlock(0x5bdf39cf5e98)]: 0 failure(s)
Postproc #3 [meta_schedule.RewriteLayout(0x5bdf3a1613b8)]: 0 failure(s)
2026-04-07 11:29:08 [INFO] [evolutionary_search.cc:619] Evolve iter #1 done. Summary:
Postproc #0 [meta_schedule.DisallowDynamicLoop(0x5bdf3a10a0e8)]: 0 failure(s)
Postproc #1 [meta_schedule.RewriteParallelVectorizeUnroll(0x5bdf39f0bd78)]: 0 failure(s)
Postproc #2 [meta_schedule.RewriteReductionBlock(0x5bdf39cf5e98)]: 0 failure(s)
Postproc #3 [meta_schedule.RewriteLayout(0x5bdf3a1613b8)]: 0 failure(s)
2026-04-07 11:29:09 [INFO] [evolutionary_search.cc:619] Evolve iter #2 done. Summary:
Postproc #0 [meta_schedule.DisallowDynamicLoop(0x5bdf3a10a0e8)]: 0 failure(s)
Postproc #1 [meta_schedule.RewriteParallelVectorizeUnroll(0x5bdf39f0bd78)]: 0 failure(s)
Postproc #2 [meta_schedule.RewriteReductionBlock(0x5bdf39cf5e98)]: 0 failure(s)
Postproc #3 [meta_schedule.RewriteLayout(0x5bdf3a1613b8)]: 0 failure(s)
2026-04-07 11:29:09 [INFO] [evolutionary_search.cc:619] Evolve iter #3 done. Summary:
Postproc #0 [meta_schedule.DisallowDynamicLoop(0x5bdf3a10a0e8)]: 0 failure(s)
Postproc #1 [meta_schedule.RewriteParallelVectorizeUnroll(0x5bdf39f0bd78)]: 0 failure(s)
Postproc #2 [meta_schedule.RewriteReductionBlock(0x5bdf39cf5e98)]: 0 failure(s)
Postproc #3 [meta_schedule.RewriteLayout(0x5bdf3a1613b8)]: 0 failure(s)
2026-04-07 11:29:09 [INFO] [evolutionary_search.cc:647] Scores of the best 64 candidates:
[1 : 16]:	1.0000  0.9997  0.9985  0.9980  0.9967  0.9966  0.9958  0.9955  0.9950  0.9950  0.9949  0.9939  0.9935  0.9935  0.9933  0.9929
[17 : 32]:	0.9925  0.9924  0.9922  0.9917  0.9915  0.9910  0.9907  0.9906  0.9898  0.9891  0.9885  0.9884  0.9879  0.9875  0.9875  0.9874
[33 : 48]:	0.9867  0.9862  0.9860  0.9859  0.9859  0.9854  0.9850  0.9845  0.9842  0.9839  0.9838  0.9831  0.9827  0.9821  0.9811  0.9805
[49 : 64]:	0.9805  0.9803  0.9799  0.9799  0.9792  0.9782  0.9778  0.9778  0.9775  0.9763  0.9760  0.9756  0.9741  0.9741  0.9725  0.9712
2026-04-07 11:29:09 [INFO] [evolutionary_search.cc:725] Got 64 candidate(s) with evolutionary search
2026-04-07 11:29:09 [INFO] [evolutionary_search.cc:728] Sending 63 candidates(s) for measurement
2026-04-07 11:29:38 [INFO] [task_scheduler.cc:137] [Task #0: main] Trial #1: GFLOPs: 71.5648. Time: 2109.9061 us. Best GFLOPs: 71.5648
2026-04-07 11:29:38 [INFO] [task_scheduler.cc:137] [Task #0: main] Trial #2: GFLOPs: 15.0722. Time: 10018.1249 us. Best GFLOPs: 71.5648
2026-04-07 11:29:38 [INFO] [task_scheduler.cc:137] [Task #0: main] Trial #3: GFLOPs: 33.1010. Time: 4561.6498 us. Best GFLOPs: 71.5648
2026-04-07 11:29:38 [INFO] [task_scheduler.cc:137] [Task #0: main] Trial #4: GFLOPs: 41.9883. Time: 3596.1161 us. Best GFLOPs: 71.5648
2026-04-07 11:29:38 [INFO] [task_scheduler.cc:137] [Task #0: main] Trial #5: GFLOPs: 21.1181. Time: 7150.0119 us. Best GFLOPs: 71.5648
2026-04-07 11:29:38 [INFO] [task_scheduler.cc:137] [Task #0: main] Trial #6: GFLOPs: 19.1531. Time: 7883.5756 us. Best GFLOPs: 71.5648
2026-04-07 11:29:38 [INFO] [task_scheduler.cc:137] [Task #0: main] Trial #7: GFLOPs: 81.5553. Time: 1851.4417 us. Best GFLOPs: 81.5553
2026-04-07 11:29:38 [INFO] [task_scheduler.cc:137] [Task #0: main] Trial #8: GFLOPs: 13.1493. Time: 11483.1280 us. Best GFLOPs: 81.5553
2026-04-07 11:29:38 [INFO] [task_scheduler.cc:137] [Task #0: main] Trial #9: GFLOPs: 5.5951. Time: 26986.7900 us. Best GFLOPs: 81.5553
2026-04-07 11:29:38 [INFO] [task_scheduler.cc:137] [Task #0: main] Trial #10: GFLOPs: 61.8261. Time: 2442.2541 us. Best GFLOPs: 81.5553
2026-04-07 11:29:38 [INFO] [task_scheduler.cc:137] [Task #0: main] Trial #11: GFLOPs: 21.2043. Time: 7120.9521 us. Best GFLOPs: 81.5553
2026-04-07 11:29:38 [INFO] [task_scheduler.cc:137] [Task #0: main] Trial #12: GFLOPs: 20.8240. Time: 7250.9953 us. Best GFLOPs: 81.5553
2026-04-07 11:29:38 [INFO] [task_scheduler.cc:137] [Task #0: main] Trial #13: GFLOPs: 32.3044. Time: 4674.1330 us. Best GFLOPs: 81.5553
2026-04-07 11:29:38 [INFO] [task_scheduler.cc:137] [Task #0: main] Trial #14: GFLOPs: 87.3263. Time: 1729.0881 us. Best GFLOPs: 87.3263
2026-04-07 11:29:38 [INFO] [task_scheduler.cc:137] [Task #0: main] Trial #15: GFLOPs: 27.3566. Time: 5519.5119 us. Best GFLOPs: 87.3263
2026-04-07 11:29:38 [INFO] [task_scheduler.cc:137] [Task #0: main] Trial #16: GFLOPs: 62.7118. Time: 2407.7609 us. Best GFLOPs: 87.3263
2026-04-07 11:29:38 [INFO] [task_scheduler.cc:137] [Task #0: main] Trial #17: GFLOPs: 57.6916. Time: 2617.2796 us. Best GFLOPs: 87.3263
2026-04-07 11:29:38 [INFO] [task_scheduler.cc:137] [Task #0: main] Trial #18: GFLOPs: 37.1693. Time: 4062.3554 us. Best GFLOPs: 87.3263
2026-04-07 11:29:38 [INFO] [task_scheduler.cc:137] [Task #0: main] Trial #19: GFLOPs: 32.6637. Time: 4622.7112 us. Best GFLOPs: 87.3263
2026-04-07 11:29:38 [INFO] [task_scheduler.cc:137] [Task #0: main] Trial #20: GFLOPs: 59.3658. Time: 2543.4683 us. Best GFLOPs: 87.3263
2026-04-07 11:29:38 [INFO] [task_scheduler.cc:137] [Task #0: main] Trial #21: GFLOPs: 12.6376. Time: 11948.1042 us. Best GFLOPs: 87.3263
2026-04-07 11:29:38 [INFO] [task_scheduler.cc:137] [Task #0: main] Trial #22: GFLOPs: 54.9422. Time: 2748.2484 us. Best GFLOPs: 87.3263
2026-04-07 11:29:38 [INFO] [task_scheduler.cc:137] [Task #0: main] Trial #23: GFLOPs: 35.8052. Time: 4217.1179 us. Best GFLOPs: 87.3263
2026-04-07 11:29:38 [INFO] [task_scheduler.cc:137] [Task #0: main] Trial #24: GFLOPs: 12.5912. Time: 11992.1383 us. Best GFLOPs: 87.3263
2026-04-07 11:29:38 [INFO] [task_scheduler.cc:137] [Task #0: main] Trial #25: GFLOPs: 38.8832. Time: 3883.2942 us. Best GFLOPs: 87.3263
2026-04-07 11:29:38 [INFO] [task_scheduler.cc:137] [Task #0: main] Trial #26: GFLOPs: 34.2868. Time: 4403.8861 us. Best GFLOPs: 87.3263
2026-04-07 11:29:38 [INFO] [task_scheduler.cc:137] [Task #0: main] Trial #27: GFLOPs: 68.8857. Time: 2191.9645 us. Best GFLOPs: 87.3263
2026-04-07 11:29:38 [INFO] [task_scheduler.cc:137] [Task #0: main] Trial #28: GFLOPs: 71.8815. Time: 2100.6084 us. Best GFLOPs: 87.3263
2026-04-07 11:29:38 [INFO] [task_scheduler.cc:137] [Task #0: main] Trial #29: GFLOPs: 20.7134. Time: 7289.7380 us. Best GFLOPs: 87.3263
2026-04-07 11:29:38 [INFO] [task_scheduler.cc:137] [Task #0: main] Trial #30: GFLOPs: 47.4195. Time: 3184.2383 us. Best GFLOPs: 87.3263
2026-04-07 11:29:38 [INFO] [task_scheduler.cc:137] [Task #0: main] Trial #31: GFLOPs: 27.1062. Time: 5570.5027 us. Best GFLOPs: 87.3263
2026-04-07 11:29:38 [INFO] [task_scheduler.cc:137] [Task #0: main] Trial #32: GFLOPs: 83.1472. Time: 1815.9948 us. Best GFLOPs: 87.3263
2026-04-07 11:29:38 [INFO] [task_scheduler.cc:137] [Task #0: main] Trial #33: GFLOPs: 97.4809. Time: 1548.9689 us. Best GFLOPs: 97.4809
2026-04-07 11:29:38 [INFO] [task_scheduler.cc:137] [Task #0: main] Trial #34: GFLOPs: 12.5221. Time: 12058.3002 us. Best GFLOPs: 97.4809
2026-04-07 11:29:38 [INFO] [task_scheduler.cc:137] [Task #0: main] Trial #35: GFLOPs: 92.0413. Time: 1640.5128 us. Best GFLOPs: 97.4809
2026-04-07 11:29:38 [INFO] [task_scheduler.cc:137] [Task #0: main] Trial #36: GFLOPs: 53.9963. Time: 2796.3925 us. Best GFLOPs: 97.4809
2026-04-07 11:29:38 [INFO] [task_scheduler.cc:137] [Task #0: main] Trial #37: GFLOPs: 72.6022. Time: 2079.7557 us. Best GFLOPs: 97.4809
2026-04-07 11:29:38 [INFO] [task_scheduler.cc:137] [Task #0: main] Trial #38: GFLOPs: 23.2637. Time: 6490.5711 us. Best GFLOPs: 97.4809
2026-04-07 11:29:38 [INFO] [task_scheduler.cc:137] [Task #0: main] Trial #39: GFLOPs: 89.2344. Time: 1692.1163 us. Best GFLOPs: 97.4809
2026-04-07 11:29:38 [INFO] [task_scheduler.cc:137] [Task #0: main] Trial #40: GFLOPs: 88.6950. Time: 1702.4056 us. Best GFLOPs: 97.4809
2026-04-07 11:29:38 [INFO] [task_scheduler.cc:137] [Task #0: main] Trial #41: GFLOPs: 44.9178. Time: 3361.5851 us. Best GFLOPs: 97.4809
2026-04-07 11:29:38 [INFO] [task_scheduler.cc:137] [Task #0: main] Trial #42: GFLOPs: 26.8590. Time: 5621.7656 us. Best GFLOPs: 97.4809
2026-04-07 11:29:38 [INFO] [task_scheduler.cc:137] [Task #0: main] Trial #43: GFLOPs: 29.0348. Time: 5200.4897 us. Best GFLOPs: 97.4809
2026-04-07 11:29:38 [INFO] [task_scheduler.cc:137] [Task #0: main] Trial #44: GFLOPs: 82.8964. Time: 1821.4887 us. Best GFLOPs: 97.4809
2026-04-07 11:29:38 [INFO] [task_scheduler.cc:137] [Task #0: main] Trial #45: GFLOPs: 50.8840. Time: 2967.4337 us. Best GFLOPs: 97.4809
2026-04-07 11:29:38 [INFO] [task_scheduler.cc:137] [Task #0: main] Trial #46: GFLOPs: 21.9979. Time: 6864.0542 us. Best GFLOPs: 97.4809
2026-04-07 11:29:38 [INFO] [task_scheduler.cc:137] [Task #0: main] Trial #47: GFLOPs: 42.6093. Time: 3543.7104 us. Best GFLOPs: 97.4809
2026-04-07 11:29:38 [INFO] [task_scheduler.cc:137] [Task #0: main] Trial #48: GFLOPs: 48.5038. Time: 3113.0550 us. Best GFLOPs: 97.4809
2026-04-07 11:29:38 [INFO] [task_scheduler.cc:137] [Task #0: main] Trial #49: GFLOPs: 80.9031. Time: 1866.3672 us. Best GFLOPs: 97.4809
2026-04-07 11:29:38 [INFO] [task_scheduler.cc:137] [Task #0: main] Trial #50: GFLOPs: 77.9876. Time: 1936.1395 us. Best GFLOPs: 97.4809
2026-04-07 11:29:38 [INFO] [task_scheduler.cc:137] [Task #0: main] Trial #51: GFLOPs: 74.4608. Time: 2027.8439 us. Best GFLOPs: 97.4809
2026-04-07 11:29:38 [INFO] [task_scheduler.cc:137] [Task #0: main] Trial #52: GFLOPs: 77.2835. Time: 1953.7797 us. Best GFLOPs: 97.4809
2026-04-07 11:29:38 [INFO] [task_scheduler.cc:137] [Task #0: main] Trial #53: GFLOPs: 38.9218. Time: 3879.4450 us. Best GFLOPs: 97.4809
2026-04-07 11:29:38 [INFO] [task_scheduler.cc:137] [Task #0: main] Trial #54: GFLOPs: 46.5079. Time: 3246.6526 us. Best GFLOPs: 97.4809
2026-04-07 11:29:38 [INFO] [task_scheduler.cc:137] [Task #0: main] Trial #55: GFLOPs: 27.3936. Time: 5512.0475 us. Best GFLOPs: 97.4809
2026-04-07 11:29:38 [INFO] [task_scheduler.cc:137] [Task #0: main] Trial #56: GFLOPs: 97.8757. Time: 1542.7217 us. Best GFLOPs: 97.8757
2026-04-07 11:29:38 [INFO] [task_scheduler.cc:137] [Task #0: main] Trial #57: GFLOPs: 27.5434. Time: 5482.0702 us. Best GFLOPs: 97.8757
2026-04-07 11:29:38 [INFO] [task_scheduler.cc:137] [Task #0: main] Trial #58: GFLOPs: 20.5526. Time: 7346.7498 us. Best GFLOPs: 97.8757
2026-04-07 11:29:38 [INFO] [task_scheduler.cc:137] [Task #0: main] Trial #59: GFLOPs: 64.1191. Time: 2354.9145 us. Best GFLOPs: 97.8757
2026-04-07 11:29:38 [INFO] [task_scheduler.cc:137] [Task #0: main] Trial #60: GFLOPs: 85.8899. Time: 1758.0064 us. Best GFLOPs: 97.8757
2026-04-07 11:29:38 [INFO] [task_scheduler.cc:137] [Task #0: main] Trial #61: GFLOPs: 32.6764. Time: 4620.9214 us. Best GFLOPs: 97.8757
2026-04-07 11:29:38 [INFO] [task_scheduler.cc:137] [Task #0: main] Trial #62: GFLOPs: 81.6393. Time: 1849.5366 us. Best GFLOPs: 97.8757
2026-04-07 11:29:38 [INFO] [task_scheduler.cc:137] [Task #0: main] Trial #63: GFLOPs: 79.9039. Time: 1889.7058 us. Best GFLOPs: 97.8757
2026-04-07 11:29:38 [INFO] [evolutionary_search.cc:711] Generating candidates......
2026-04-07 11:29:39 [INFO] [evolutionary_search.cc:713] Picked top 63 candidate(s) from database
2026-04-07 11:29:39 [INFO] [evolutionary_search.cc:530] Sample-Init-Population summary:
Postproc #0 [meta_schedule.DisallowDynamicLoop(0x5bdf3a10a0e8)]: 0 failure(s)
Postproc #1 [meta_schedule.RewriteParallelVectorizeUnroll(0x5bdf39f0bd78)]: 0 failure(s)
Postproc #2 [meta_schedule.RewriteReductionBlock(0x5bdf39cf5e98)]: 0 failure(s)
Postproc #3 [meta_schedule.RewriteLayout(0x5bdf3a1613b8)]: 0 failure(s)
2026-04-07 11:29:39 [INFO] [evolutionary_search.cc:721] Sampled 551 candidate(s)
2026-04-07 11:29:39 [INFO] [evolutionary_search.cc:619] Evolve iter #0 done. Summary:
Postproc #0 [meta_schedule.DisallowDynamicLoop(0x5bdf3a10a0e8)]: 0 failure(s)
Postproc #1 [meta_schedule.RewriteParallelVectorizeUnroll(0x5bdf39f0bd78)]: 0 failure(s)
Postproc #2 [meta_schedule.RewriteReductionBlock(0x5bdf39cf5e98)]: 0 failure(s)
Postproc #3 [meta_schedule.RewriteLayout(0x5bdf3a1613b8)]: 0 failure(s)
2026-04-07 11:29:40 [INFO] [evolutionary_search.cc:619] Evolve iter #1 done. Summary:
Postproc #0 [meta_schedule.DisallowDynamicLoop(0x5bdf3a10a0e8)]: 0 failure(s)
Postproc #1 [meta_schedule.RewriteParallelVectorizeUnroll(0x5bdf39f0bd78)]: 0 failure(s)
Postproc #2 [meta_schedule.RewriteReductionBlock(0x5bdf39cf5e98)]: 0 failure(s)
Postproc #3 [meta_schedule.RewriteLayout(0x5bdf3a1613b8)]: 0 failure(s)
2026-04-07 11:29:40 [INFO] [evolutionary_search.cc:619] Evolve iter #2 done. Summary:
Postproc #0 [meta_schedule.DisallowDynamicLoop(0x5bdf3a10a0e8)]: 0 failure(s)
Postproc #1 [meta_schedule.RewriteParallelVectorizeUnroll(0x5bdf39f0bd78)]: 0 failure(s)
Postproc #2 [meta_schedule.RewriteReductionBlock(0x5bdf39cf5e98)]: 0 failure(s)
Postproc #3 [meta_schedule.RewriteLayout(0x5bdf3a1613b8)]: 0 failure(s)
2026-04-07 11:29:40 [INFO] [evolutionary_search.cc:619] Evolve iter #3 done. Summary:
Postproc #0 [meta_schedule.DisallowDynamicLoop(0x5bdf3a10a0e8)]: 0 failure(s)
Postproc #1 [meta_schedule.RewriteParallelVectorizeUnroll(0x5bdf39f0bd78)]: 0 failure(s)
Postproc #2 [meta_schedule.RewriteReductionBlock(0x5bdf39cf5e98)]: 0 failure(s)
Postproc #3 [meta_schedule.RewriteLayout(0x5bdf3a1613b8)]: 0 failure(s)
2026-04-07 11:29:40 [INFO] [evolutionary_search.cc:647] Scores of the best 64 candidates:
[1 : 16]:	0.9999  0.9997  0.9997  0.9993  0.9993  0.9991  0.9985  0.9985  0.9982  0.9979  0.9976  0.9956  0.9946  0.9945  0.9938  0.9934
[17 : 32]:	0.9932  0.9932  0.9931  0.9928  0.9927  0.9927  0.9926  0.9925  0.9921  0.9919  0.9915  0.9911  0.9910  0.9910  0.9903  0.9903
[33 : 48]:	0.9900  0.9895  0.9893  0.9892  0.9883  0.9871  0.9869  0.9865  0.9855  0.9850  0.9848  0.9842  0.9839  0.9839  0.9839  0.9836
[49 : 64]:	0.9821  0.9818  0.9818  0.9814  0.9811  0.9805  0.9802  0.9801  0.9794  0.9792  0.9776  0.9776  0.9771  0.9767  0.9764  0.9761
2026-04-07 11:29:40 [INFO] [evolutionary_search.cc:725] Got 64 candidate(s) with evolutionary search
2026-04-07 11:29:40 [INFO] [evolutionary_search.cc:728] Sending 64 candidates(s) for measurement
2026-04-07 11:30:08 [INFO] [task_scheduler.cc:137] [Task #0: main] Trial #64: GFLOPs: 16.3094. Time: 9258.1285 us. Best GFLOPs: 97.8757
2026-04-07 11:30:08 [INFO] [task_scheduler.cc:137] [Task #0: main] Trial #65: GFLOPs: 28.2440. Time: 5346.0853 us. Best GFLOPs: 97.8757
2026-04-07 11:30:08 [INFO] [task_scheduler.cc:137] [Task #0: main] Trial #66: GFLOPs: 49.8970. Time: 3026.1316 us. Best GFLOPs: 97.8757
2026-04-07 11:30:08 [INFO] [task_scheduler.cc:137] [Task #0: main] Trial #67: GFLOPs: 40.8407. Time: 3697.1695 us. Best GFLOPs: 97.8757
2026-04-07 11:30:08 [INFO] [task_scheduler.cc:137] [Task #0: main] Trial #68: GFLOPs: 40.9643. Time: 3686.0100 us. Best GFLOPs: 97.8757
2026-04-07 11:30:08 [INFO] [task_scheduler.cc:137] [Task #0: main] Trial #69: GFLOPs: 37.2260. Time: 4056.1738 us. Best GFLOPs: 97.8757
2026-04-07 11:30:08 [INFO] [task_scheduler.cc:137] [Task #0: main] Trial #70: GFLOPs: 59.0865. Time: 2555.4909 us. Best GFLOPs: 97.8757
2026-04-07 11:30:08 [INFO] [task_scheduler.cc:137] [Task #0: main] Trial #71: GFLOPs: 24.9222. Time: 6058.6606 us. Best GFLOPs: 97.8757
2026-04-07 11:30:08 [INFO] [task_scheduler.cc:137] [Task #0: main] Trial #72: GFLOPs: 20.5939. Time: 7332.0181 us. Best GFLOPs: 97.8757
2026-04-07 11:30:08 [INFO] [task_scheduler.cc:137] [Task #0: main] Trial #73: GFLOPs: 75.4292. Time: 2001.8104 us. Best GFLOPs: 97.8757
2026-04-07 11:30:08 [INFO] [task_scheduler.cc:137] [Task #0: main] Trial #74: GFLOPs: 31.4043. Time: 4808.0907 us. Best GFLOPs: 97.8757
2026-04-07 11:30:08 [INFO] [task_scheduler.cc:137] [Task #0: main] Trial #75: GFLOPs: 28.6065. Time: 5278.3445 us. Best GFLOPs: 97.8757
2026-04-07 11:30:08 [INFO] [task_scheduler.cc:137] [Task #0: main] Trial #76: GFLOPs: 4.9311. Time: 30620.6610 us. Best GFLOPs: 97.8757
2026-04-07 11:30:08 [INFO] [task_scheduler.cc:137] [Task #0: main] Trial #77: GFLOPs: 61.8039. Time: 2443.1293 us. Best GFLOPs: 97.8757
2026-04-07 11:30:08 [INFO] [task_scheduler.cc:137] [Task #0: main] Trial #78: GFLOPs: 2.8626. Time: 52748.3500 us. Best GFLOPs: 97.8757
2026-04-07 11:30:08 [INFO] [task_scheduler.cc:137] [Task #0: main] Trial #79: GFLOPs: 105.1920. Time: 1435.4217 us. Best GFLOPs: 105.1920
2026-04-07 11:30:08 [INFO] [task_scheduler.cc:137] [Task #0: main] Trial #80: GFLOPs: 29.7957. Time: 5067.6676 us. Best GFLOPs: 105.1920
2026-04-07 11:30:08 [INFO] [task_scheduler.cc:137] [Task #0: main] Trial #81: GFLOPs: 23.4274. Time: 6445.2262 us. Best GFLOPs: 105.1920
2026-04-07 11:30:08 [INFO] [task_scheduler.cc:137] [Task #0: main] Trial #82: GFLOPs: 87.4527. Time: 1726.5900 us. Best GFLOPs: 105.1920
2026-04-07 11:30:08 [INFO] [task_scheduler.cc:137] [Task #0: main] Trial #83: GFLOPs: 52.4251. Time: 2880.2058 us. Best GFLOPs: 105.1920
2026-04-07 11:30:08 [INFO] [task_scheduler.cc:137] [Task #0: main] Trial #84: GFLOPs: 75.4048. Time: 2002.4593 us. Best GFLOPs: 105.1920
2026-04-07 11:30:08 [INFO] [task_scheduler.cc:137] [Task #0: main] Trial #85: GFLOPs: 79.9598. Time: 1888.3845 us. Best GFLOPs: 105.1920
2026-04-07 11:30:08 [INFO] [task_scheduler.cc:137] [Task #0: main] Trial #86: GFLOPs: 9.3553. Time: 16140.0614 us. Best GFLOPs: 105.1920
2026-04-07 11:30:08 [INFO] [task_scheduler.cc:137] [Task #0: main] Trial #87: GFLOPs: 60.9597. Time: 2476.9638 us. Best GFLOPs: 105.1920
2026-04-07 11:30:08 [INFO] [task_scheduler.cc:137] [Task #0: main] Trial #88: GFLOPs: 89.1476. Time: 1693.7642 us. Best GFLOPs: 105.1920
2026-04-07 11:30:08 [INFO] [task_scheduler.cc:137] [Task #0: main] Trial #89: GFLOPs: 107.1215. Time: 1409.5669 us. Best GFLOPs: 107.1215
2026-04-07 11:30:08 [INFO] [task_scheduler.cc:137] [Task #0: main] Trial #90: GFLOPs: 21.9849. Time: 6868.1143 us. Best GFLOPs: 107.1215
2026-04-07 11:30:08 [INFO] [task_scheduler.cc:137] [Task #0: main] Trial #91: GFLOPs: 41.1921. Time: 3665.6245 us. Best GFLOPs: 107.1215
2026-04-07 11:30:08 [INFO] [task_scheduler.cc:137] [Task #0: main] Trial #92: GFLOPs: 109.2174. Time: 1382.5175 us. Best GFLOPs: 109.2174
2026-04-07 11:30:08 [INFO] [task_scheduler.cc:137] [Task #0: main] Trial #93: GFLOPs: 24.0037. Time: 6290.4814 us. Best GFLOPs: 109.2174
2026-04-07 11:30:08 [INFO] [task_scheduler.cc:137] [Task #0: main] Trial #94: GFLOPs: 39.8281. Time: 3791.1630 us. Best GFLOPs: 109.2174
2026-04-07 11:30:08 [INFO] [task_scheduler.cc:137] [Task #0: main] Trial #95: GFLOPs: 13.7073. Time: 11015.6459 us. Best GFLOPs: 109.2174
2026-04-07 11:30:08 [INFO] [task_scheduler.cc:137] [Task #0: main] Trial #96: GFLOPs: 54.9665. Time: 2747.0369 us. Best GFLOPs: 109.2174
2026-04-07 11:30:08 [INFO] [task_scheduler.cc:137] [Task #0: main] Trial #97: GFLOPs: 20.0130. Time: 7544.8462 us. Best GFLOPs: 109.2174
2026-04-07 11:30:08 [INFO] [task_scheduler.cc:137] [Task #0: main] Trial #98: GFLOPs: 24.0111. Time: 6288.5564 us. Best GFLOPs: 109.2174
2026-04-07 11:30:08 [INFO] [task_scheduler.cc:137] [Task #0: main] Trial #99: GFLOPs: 49.7602. Time: 3034.4541 us. Best GFLOPs: 109.2174
2026-04-07 11:30:08 [INFO] [task_scheduler.cc:137] [Task #0: main] Trial #100: GFLOPs: 27.8742. Time: 5417.0057 us. Best GFLOPs: 109.2174
2026-04-07 11:30:08 [INFO] [task_scheduler.cc:137] [Task #0: main] Trial #101: GFLOPs: 46.2036. Time: 3268.0318 us. Best GFLOPs: 109.2174
2026-04-07 11:30:08 [INFO] [task_scheduler.cc:137] [Task #0: main] Trial #102: GFLOPs: 23.8333. Time: 6335.4663 us. Best GFLOPs: 109.2174
2026-04-07 11:30:08 [INFO] [task_scheduler.cc:137] [Task #0: main] Trial #103: GFLOPs: 24.1153. Time: 6261.3852 us. Best GFLOPs: 109.2174
2026-04-07 11:30:08 [INFO] [task_scheduler.cc:137] [Task #0: main] Trial #104: GFLOPs: 70.7387. Time: 2134.5459 us. Best GFLOPs: 109.2174
2026-04-07 11:30:08 [INFO] [task_scheduler.cc:137] [Task #0: main] Trial #105: GFLOPs: 28.9636. Time: 5213.2581 us. Best GFLOPs: 109.2174
2026-04-07 11:30:08 [INFO] [task_scheduler.cc:137] [Task #0: main] Trial #106: GFLOPs: 82.8422. Time: 1822.6813 us. Best GFLOPs: 109.2174
2026-04-07 11:30:08 [INFO] [task_scheduler.cc:137] [Task #0: main] Trial #107: GFLOPs: 27.3439. Time: 5522.0785 us. Best GFLOPs: 109.2174
2026-04-07 11:30:08 [INFO] [task_scheduler.cc:137] [Task #0: main] Trial #108: GFLOPs: 32.6019. Time: 4631.4774 us. Best GFLOPs: 109.2174
2026-04-07 11:30:08 [INFO] [task_scheduler.cc:137] [Task #0: main] Trial #109: GFLOPs: 19.6948. Time: 7666.7432 us. Best GFLOPs: 109.2174
2026-04-07 11:30:08 [INFO] [task_scheduler.cc:137] [Task #0: main] Trial #110: GFLOPs: 19.8436. Time: 7609.2338 us. Best GFLOPs: 109.2174
2026-04-07 11:30:08 [INFO] [task_scheduler.cc:137] [Task #0: main] Trial #111: GFLOPs: 37.3417. Time: 4043.5993 us. Best GFLOPs: 109.2174
2026-04-07 11:30:08 [INFO] [task_scheduler.cc:137] [Task #0: main] Trial #112: GFLOPs: 14.2543. Time: 10592.9729 us. Best GFLOPs: 109.2174
2026-04-07 11:30:08 [INFO] [task_scheduler.cc:137] [Task #0: main] Trial #113: GFLOPs: 12.5343. Time: 12046.5240 us. Best GFLOPs: 109.2174
2026-04-07 11:30:08 [INFO] [task_scheduler.cc:137] [Task #0: main] Trial #114: GFLOPs: 82.1257. Time: 1838.5844 us. Best GFLOPs: 109.2174
2026-04-07 11:30:08 [INFO] [task_scheduler.cc:137] [Task #0: main] Trial #115: GFLOPs: 46.0430. Time: 3279.4333 us. Best GFLOPs: 109.2174
2026-04-07 11:30:08 [INFO] [task_scheduler.cc:137] [Task #0: main] Trial #116: GFLOPs: 46.2002. Time: 3268.2757 us. Best GFLOPs: 109.2174
2026-04-07 11:30:08 [INFO] [task_scheduler.cc:137] [Task #0: main] Trial #117: GFLOPs: 8.5015. Time: 17761.0336 us. Best GFLOPs: 109.2174
2026-04-07 11:30:08 [INFO] [task_scheduler.cc:137] [Task #0: main] Trial #118: GFLOPs: 12.1023. Time: 12476.5774 us. Best GFLOPs: 109.2174
2026-04-07 11:30:08 [INFO] [task_scheduler.cc:137] [Task #0: main] Trial #119: GFLOPs: 12.9110. Time: 11695.0943 us. Best GFLOPs: 109.2174
2026-04-07 11:30:08 [INFO] [task_scheduler.cc:137] [Task #0: main] Trial #120: GFLOPs: 47.7155. Time: 3164.4832 us. Best GFLOPs: 109.2174
2026-04-07 11:30:08 [INFO] [task_scheduler.cc:137] [Task #0: main] Trial #121: GFLOPs: 59.2278. Time: 2549.3937 us. Best GFLOPs: 109.2174
2026-04-07 11:30:08 [INFO] [task_scheduler.cc:137] [Task #0: main] Trial #122: GFLOPs: 40.4983. Time: 3728.4229 us. Best GFLOPs: 109.2174
2026-04-07 11:30:08 [INFO] [task_scheduler.cc:137] [Task #0: main] Trial #123: GFLOPs: 61.5019. Time: 2455.1263 us. Best GFLOPs: 109.2174
2026-04-07 11:30:08 [INFO] [task_scheduler.cc:137] [Task #0: main] Trial #124: GFLOPs: 22.4675. Time: 6720.5922 us. Best GFLOPs: 109.2174
2026-04-07 11:30:08 [INFO] [task_scheduler.cc:137] [Task #0: main] Trial #125: GFLOPs: 14.2832. Time: 10571.5244 us. Best GFLOPs: 109.2174
2026-04-07 11:30:08 [INFO] [task_scheduler.cc:137] [Task #0: main] Trial #126: GFLOPs: 11.3250. Time: 13332.8926 us. Best GFLOPs: 109.2174
2026-04-07 11:30:08 [INFO] [task_scheduler.cc:137] [Task #0: main] Trial #127: GFLOPs: 22.7370. Time: 6640.9224 us. Best GFLOPs: 109.2174
2026-04-07 11:30:08 [INFO] [evolutionary_search.cc:711] Generating candidates......
2026-04-07 11:30:09 [INFO] [evolutionary_search.cc:713] Picked top 122 candidate(s) from database
2026-04-07 11:30:09 [INFO] [evolutionary_search.cc:530] Sample-Init-Population summary:
Postproc #0 [meta_schedule.DisallowDynamicLoop(0x5bdf3a10a0e8)]: 0 failure(s)
Postproc #1 [meta_schedule.RewriteParallelVectorizeUnroll(0x5bdf39f0bd78)]: 0 failure(s)
Postproc #2 [meta_schedule.RewriteReductionBlock(0x5bdf39cf5e98)]: 0 failure(s)
Postproc #3 [meta_schedule.RewriteLayout(0x5bdf3a1613b8)]: 0 failure(s)
2026-04-07 11:30:09 [INFO] [evolutionary_search.cc:721] Sampled 492 candidate(s)
2026-04-07 11:30:10 [INFO] [evolutionary_search.cc:619] Evolve iter #0 done. Summary:
Postproc #0 [meta_schedule.DisallowDynamicLoop(0x5bdf3a10a0e8)]: 0 failure(s)
Postproc #1 [meta_schedule.RewriteParallelVectorizeUnroll(0x5bdf39f0bd78)]: 0 failure(s)
Postproc #2 [meta_schedule.RewriteReductionBlock(0x5bdf39cf5e98)]: 0 failure(s)
Postproc #3 [meta_schedule.RewriteLayout(0x5bdf3a1613b8)]: 0 failure(s)
2026-04-07 11:30:11 [INFO] [evolutionary_search.cc:619] Evolve iter #1 done. Summary:
Postproc #0 [meta_schedule.DisallowDynamicLoop(0x5bdf3a10a0e8)]: 0 failure(s)
Postproc #1 [meta_schedule.RewriteParallelVectorizeUnroll(0x5bdf39f0bd78)]: 0 failure(s)
Postproc #2 [meta_schedule.RewriteReductionBlock(0x5bdf39cf5e98)]: 0 failure(s)
Postproc #3 [meta_schedule.RewriteLayout(0x5bdf3a1613b8)]: 0 failure(s)
2026-04-07 11:30:12 [INFO] [evolutionary_search.cc:619] Evolve iter #2 done. Summary:
Postproc #0 [meta_schedule.DisallowDynamicLoop(0x5bdf3a10a0e8)]: 0 failure(s)
Postproc #1 [meta_schedule.RewriteParallelVectorizeUnroll(0x5bdf39f0bd78)]: 0 failure(s)
Postproc #2 [meta_schedule.RewriteReductionBlock(0x5bdf39cf5e98)]: 0 failure(s)
Postproc #3 [meta_schedule.RewriteLayout(0x5bdf3a1613b8)]: 0 failure(s)
2026-04-07 11:30:13 [INFO] [evolutionary_search.cc:619] Evolve iter #3 done. Summary:
Postproc #0 [meta_schedule.DisallowDynamicLoop(0x5bdf3a10a0e8)]: 0 failure(s)
Postproc #1 [meta_schedule.RewriteParallelVectorizeUnroll(0x5bdf39f0bd78)]: 0 failure(s)
Postproc #2 [meta_schedule.RewriteReductionBlock(0x5bdf39cf5e98)]: 0 failure(s)
Postproc #3 [meta_schedule.RewriteLayout(0x5bdf3a1613b8)]: 0 failure(s)
2026-04-07 11:30:14 [INFO] [evolutionary_search.cc:647] Scores of the best 64 candidates:
[1 : 16]:	1.0695  1.0060  0.9612  0.9512  0.9512  0.9494  0.9469  0.9469  0.9401  0.9378  0.9306  0.9306  0.9306  0.9306  0.9306  0.9278
[17 : 32]:	0.9264  0.9167  0.9132  0.9132  0.9104  0.9104  0.9094  0.9093  0.9063  0.9047  0.9036  0.8886  0.8860  0.8852  0.8845  0.8840
[33 : 48]:	0.8804  0.8783  0.8717  0.8712  0.8712  0.8702  0.8702  0.8692  0.8680  0.8680  0.8663  0.8622  0.8621  0.8620  0.8597  0.8587
[49 : 64]:	0.8579  0.8571  0.8570  0.8570  0.8570  0.8561  0.8556  0.8547  0.8520  0.8509  0.8506  0.8506  0.8498  0.8493  0.8462  0.8462
2026-04-07 11:30:14 [INFO] [evolutionary_search.cc:725] Got 64 candidate(s) with evolutionary search
2026-04-07 11:30:14 [INFO] [evolutionary_search.cc:728] Sending 64 candidates(s) for measurement
2026-04-07 11:30:47 [INFO] [task_scheduler.cc:137] [Task #0: main] Trial #128: GFLOPs: 43.7266. Time: 3453.1578 us. Best GFLOPs: 109.2174
2026-04-07 11:30:47 [INFO] [task_scheduler.cc:137] [Task #0: main] Trial #129: GFLOPs: 10.7492. Time: 14047.1380 us. Best GFLOPs: 109.2174
2026-04-07 11:30:47 [INFO] [task_scheduler.cc:137] [Task #0: main] Trial #130: GFLOPs: 31.1759. Time: 4843.3210 us. Best GFLOPs: 109.2174
2026-04-07 11:30:47 [INFO] [task_scheduler.cc:137] [Task #0: main] Trial #131: GFLOPs: 98.7201. Time: 1529.5255 us. Best GFLOPs: 109.2174
2026-04-07 11:30:47 [INFO] [task_scheduler.cc:137] [Task #0: main] Trial #132: GFLOPs: 106.2644. Time: 1420.9363 us. Best GFLOPs: 109.2174
2026-04-07 11:30:47 [INFO] [task_scheduler.cc:137] [Task #0: main] Trial #133: GFLOPs: 27.0899. Time: 5573.8486 us. Best GFLOPs: 109.2174
2026-04-07 11:30:47 [INFO] [task_scheduler.cc:137] [Task #0: main] Trial #134: GFLOPs: 97.6283. Time: 1546.6311 us. Best GFLOPs: 109.2174
2026-04-07 11:30:47 [INFO] [task_scheduler.cc:137] [Task #0: main] Trial #135: GFLOPs: 99.9302. Time: 1511.0035 us. Best GFLOPs: 109.2174
2026-04-07 11:30:47 [INFO] [task_scheduler.cc:137] [Task #0: main] Trial #136: GFLOPs: 22.8009. Time: 6622.3363 us. Best GFLOPs: 109.2174
2026-04-07 11:30:47 [INFO] [task_scheduler.cc:137] [Task #0: main] Trial #137: GFLOPs: 20.6799. Time: 7301.5205 us. Best GFLOPs: 109.2174
2026-04-07 11:30:47 [INFO] [task_scheduler.cc:137] [Task #0: main] Trial #138: GFLOPs: 71.7078. Time: 2105.6984 us. Best GFLOPs: 109.2174
2026-04-07 11:30:47 [INFO] [task_scheduler.cc:137] [Task #0: main] Trial #139: GFLOPs: 64.2138. Time: 2351.4402 us. Best GFLOPs: 109.2174
2026-04-07 11:30:47 [INFO] [task_scheduler.cc:137] [Task #0: main] Trial #140: GFLOPs: 78.2251. Time: 1930.2614 us. Best GFLOPs: 109.2174
2026-04-07 11:30:47 [INFO] [task_scheduler.cc:137] [Task #0: main] Trial #141: GFLOPs: 68.6453. Time: 2199.6409 us. Best GFLOPs: 109.2174
2026-04-07 11:30:47 [INFO] [task_scheduler.cc:137] [Task #0: main] Trial #142: GFLOPs: 76.8401. Time: 1965.0535 us. Best GFLOPs: 109.2174
2026-04-07 11:30:47 [INFO] [task_scheduler.cc:137] [Task #0: main] Trial #143: GFLOPs: 95.1387. Time: 1587.1025 us. Best GFLOPs: 109.2174
2026-04-07 11:30:47 [INFO] [task_scheduler.cc:137] [Task #0: main] Trial #144: GFLOPs: 26.7266. Time: 5649.6138 us. Best GFLOPs: 109.2174
2026-04-07 11:30:47 [INFO] [task_scheduler.cc:137] [Task #0: main] Trial #145: GFLOPs: 90.3726. Time: 1670.8047 us. Best GFLOPs: 109.2174
2026-04-07 11:30:47 [INFO] [task_scheduler.cc:137] [Task #0: main] Trial #146: GFLOPs: 91.7807. Time: 1645.1709 us. Best GFLOPs: 109.2174
2026-04-07 11:30:47 [INFO] [task_scheduler.cc:137] [Task #0: main] Trial #147: GFLOPs: 76.0343. Time: 1985.8802 us. Best GFLOPs: 109.2174
2026-04-07 11:30:47 [INFO] [task_scheduler.cc:137] [Task #0: main] Trial #148: GFLOPs: 95.9966. Time: 1572.9194 us. Best GFLOPs: 109.2174
2026-04-07 11:30:47 [INFO] [task_scheduler.cc:137] [Task #0: main] Trial #149: GFLOPs: 93.5304. Time: 1614.3949 us. Best GFLOPs: 109.2174
2026-04-07 11:30:47 [INFO] [task_scheduler.cc:137] [Task #0: main] Trial #150: GFLOPs: 89.5621. Time: 1685.9245 us. Best GFLOPs: 109.2174
2026-04-07 11:30:47 [INFO] [task_scheduler.cc:137] [Task #0: main] Trial #151: GFLOPs: 82.7095. Time: 1825.6068 us. Best GFLOPs: 109.2174
2026-04-07 11:30:47 [INFO] [task_scheduler.cc:137] [Task #0: main] Trial #152: GFLOPs: 76.9809. Time: 1961.4611 us. Best GFLOPs: 109.2174
2026-04-07 11:30:47 [INFO] [task_scheduler.cc:137] [Task #0: main] Trial #153: GFLOPs: 63.2091. Time: 2388.8160 us. Best GFLOPs: 109.2174
2026-04-07 11:30:47 [INFO] [task_scheduler.cc:137] [Task #0: main] Trial #154: GFLOPs: 86.5611. Time: 1744.3732 us. Best GFLOPs: 109.2174
2026-04-07 11:30:47 [INFO] [task_scheduler.cc:137] [Task #0: main] Trial #155: GFLOPs: 107.2094. Time: 1408.4119 us. Best GFLOPs: 109.2174
2026-04-07 11:30:47 [INFO] [task_scheduler.cc:137] [Task #0: main] Trial #156: GFLOPs: 96.2218. Time: 1569.2381 us. Best GFLOPs: 109.2174
2026-04-07 11:30:47 [INFO] [task_scheduler.cc:137] [Task #0: main] Trial #157: GFLOPs: 75.1066. Time: 2010.4079 us. Best GFLOPs: 109.2174
2026-04-07 11:30:47 [INFO] [task_scheduler.cc:137] [Task #0: main] Trial #158: GFLOPs: 110.1913. Time: 1370.2989 us. Best GFLOPs: 110.1913
2026-04-07 11:30:47 [INFO] [task_scheduler.cc:137] [Task #0: main] Trial #159: GFLOPs: 45.7318. Time: 3301.7528 us. Best GFLOPs: 110.1913
2026-04-07 11:30:47 [INFO] [task_scheduler.cc:137] [Task #0: main] Trial #160: GFLOPs: 38.4075. Time: 3931.3964 us. Best GFLOPs: 110.1913
2026-04-07 11:30:47 [INFO] [task_scheduler.cc:137] [Task #0: main] Trial #161: GFLOPs: 63.1938. Time: 2389.3943 us. Best GFLOPs: 110.1913
2026-04-07 11:30:47 [INFO] [task_scheduler.cc:137] [Task #0: main] Trial #162: GFLOPs: 97.9943. Time: 1540.8542 us. Best GFLOPs: 110.1913
2026-04-07 11:30:47 [INFO] [task_scheduler.cc:137] [Task #0: main] Trial #163: GFLOPs: 90.4982. Time: 1668.4849 us. Best GFLOPs: 110.1913
2026-04-07 11:30:47 [INFO] [task_scheduler.cc:137] [Task #0: main] Trial #164: GFLOPs: 86.1391. Time: 1752.9200 us. Best GFLOPs: 110.1913
2026-04-07 11:30:47 [INFO] [task_scheduler.cc:137] [Task #0: main] Trial #165: GFLOPs: 67.4719. Time: 2237.8949 us. Best GFLOPs: 110.1913
2026-04-07 11:30:47 [INFO] [task_scheduler.cc:137] [Task #0: main] Trial #166: GFLOPs: 75.8924. Time: 1989.5914 us. Best GFLOPs: 110.1913
2026-04-07 11:30:47 [INFO] [task_scheduler.cc:137] [Task #0: main] Trial #167: GFLOPs: 92.7404. Time: 1628.1466 us. Best GFLOPs: 110.1913
2026-04-07 11:30:47 [INFO] [task_scheduler.cc:137] [Task #0: main] Trial #168: GFLOPs: 89.5737. Time: 1685.7062 us. Best GFLOPs: 110.1913
2026-04-07 11:30:47 [INFO] [task_scheduler.cc:137] [Task #0: main] Trial #169: GFLOPs: 92.2184. Time: 1637.3629 us. Best GFLOPs: 110.1913
2026-04-07 11:30:47 [INFO] [task_scheduler.cc:137] [Task #0: main] Trial #170: GFLOPs: 88.6881. Time: 1702.5380 us. Best GFLOPs: 110.1913
2026-04-07 11:30:47 [INFO] [task_scheduler.cc:137] [Task #0: main] Trial #171: GFLOPs: 14.8418. Time: 10173.6354 us. Best GFLOPs: 110.1913
2026-04-07 11:30:47 [INFO] [task_scheduler.cc:137] [Task #0: main] Trial #172: GFLOPs: 102.5526. Time: 1472.3660 us. Best GFLOPs: 110.1913
2026-04-07 11:30:47 [INFO] [task_scheduler.cc:137] [Task #0: main] Trial #173: GFLOPs: 27.5641. Time: 5477.9521 us. Best GFLOPs: 110.1913
2026-04-07 11:30:47 [INFO] [task_scheduler.cc:137] [Task #0: main] Trial #174: GFLOPs: 95.1243. Time: 1587.3436 us. Best GFLOPs: 110.1913
2026-04-07 11:30:47 [INFO] [task_scheduler.cc:137] [Task #0: main] Trial #175: GFLOPs: 80.5993. Time: 1873.4015 us. Best GFLOPs: 110.1913
2026-04-07 11:30:47 [INFO] [task_scheduler.cc:137] [Task #0: main] Trial #176: GFLOPs: 48.2737. Time: 3127.8955 us. Best GFLOPs: 110.1913
2026-04-07 11:30:47 [INFO] [task_scheduler.cc:137] [Task #0: main] Trial #177: GFLOPs: 82.4960. Time: 1830.3294 us. Best GFLOPs: 110.1913
2026-04-07 11:30:47 [INFO] [task_scheduler.cc:137] [Task #0: main] Trial #178: GFLOPs: 81.1717. Time: 1860.1927 us. Best GFLOPs: 110.1913
2026-04-07 11:30:47 [INFO] [task_scheduler.cc:137] [Task #0: main] Trial #179: GFLOPs: 83.2329. Time: 1814.1250 us. Best GFLOPs: 110.1913
2026-04-07 11:30:47 [INFO] [task_scheduler.cc:137] [Task #0: main] Trial #180: GFLOPs: 93.9830. Time: 1606.6204 us. Best GFLOPs: 110.1913
2026-04-07 11:30:47 [INFO] [task_scheduler.cc:137] [Task #0: main] Trial #181: GFLOPs: 22.3830. Time: 6745.9555 us. Best GFLOPs: 110.1913
2026-04-07 11:30:47 [INFO] [task_scheduler.cc:137] [Task #0: main] Trial #182: GFLOPs: 35.7088. Time: 4228.5101 us. Best GFLOPs: 110.1913
2026-04-07 11:30:47 [INFO] [task_scheduler.cc:137] [Task #0: main] Trial #183: GFLOPs: 101.2079. Time: 1491.9278 us. Best GFLOPs: 110.1913
2026-04-07 11:30:47 [INFO] [task_scheduler.cc:137] [Task #0: main] Trial #184: GFLOPs: 63.2685. Time: 2386.5747 us. Best GFLOPs: 110.1913
2026-04-07 11:30:47 [INFO] [task_scheduler.cc:137] [Task #0: main] Trial #185: GFLOPs: 58.6041. Time: 2576.5247 us. Best GFLOPs: 110.1913
2026-04-07 11:30:47 [INFO] [task_scheduler.cc:137] [Task #0: main] Trial #186: GFLOPs: 78.2014. Time: 1930.8464 us. Best GFLOPs: 110.1913
2026-04-07 11:30:47 [INFO] [task_scheduler.cc:137] [Task #0: main] Trial #187: GFLOPs: 83.9952. Time: 1797.6621 us. Best GFLOPs: 110.1913
2026-04-07 11:30:47 [INFO] [task_scheduler.cc:137] [Task #0: main] Trial #188: GFLOPs: 51.1524. Time: 2951.8628 us. Best GFLOPs: 110.1913
2026-04-07 11:30:47 [INFO] [task_scheduler.cc:137] [Task #0: main] Trial #189: GFLOPs: 57.5997. Time: 2621.4540 us. Best GFLOPs: 110.1913
2026-04-07 11:30:47 [INFO] [task_scheduler.cc:137] [Task #0: main] Trial #190: GFLOPs: 48.8581. Time: 3090.4797 us. Best GFLOPs: 110.1913
2026-04-07 11:30:47 [INFO] [task_scheduler.cc:137] [Task #0: main] Trial #191: GFLOPs: 75.2963. Time: 2005.3435 us. Best GFLOPs: 110.1913
2026-04-07 11:30:47 [INFO] [evolutionary_search.cc:711] Generating candidates......
2026-04-07 11:30:47 [INFO] [evolutionary_search.cc:713] Picked top 122 candidate(s) from database
2026-04-07 11:30:47 [INFO] [evolutionary_search.cc:530] Sample-Init-Population summary:
Postproc #0 [meta_schedule.DisallowDynamicLoop(0x5bdf3a10a0e8)]: 0 failure(s)
Postproc #1 [meta_schedule.RewriteParallelVectorizeUnroll(0x5bdf39f0bd78)]: 0 failure(s)
Postproc #2 [meta_schedule.RewriteReductionBlock(0x5bdf39cf5e98)]: 0 failure(s)
Postproc #3 [meta_schedule.RewriteLayout(0x5bdf3a1613b8)]: 0 failure(s)
2026-04-07 11:30:47 [INFO] [evolutionary_search.cc:721] Sampled 492 candidate(s)
2026-04-07 11:30:48 [INFO] [evolutionary_search.cc:619] Evolve iter #0 done. Summary:
Postproc #0 [meta_schedule.DisallowDynamicLoop(0x5bdf3a10a0e8)]: 0 failure(s)
Postproc #1 [meta_schedule.RewriteParallelVectorizeUnroll(0x5bdf39f0bd78)]: 0 failure(s)
Postproc #2 [meta_schedule.RewriteReductionBlock(0x5bdf39cf5e98)]: 0 failure(s)
Postproc #3 [meta_schedule.RewriteLayout(0x5bdf3a1613b8)]: 0 failure(s)
2026-04-07 11:30:49 [INFO] [evolutionary_search.cc:619] Evolve iter #1 done. Summary:
Postproc #0 [meta_schedule.DisallowDynamicLoop(0x5bdf3a10a0e8)]: 0 failure(s)
Postproc #1 [meta_schedule.RewriteParallelVectorizeUnroll(0x5bdf39f0bd78)]: 0 failure(s)
Postproc #2 [meta_schedule.RewriteReductionBlock(0x5bdf39cf5e98)]: 0 failure(s)
Postproc #3 [meta_schedule.RewriteLayout(0x5bdf3a1613b8)]: 0 failure(s)
2026-04-07 11:30:50 [INFO] [evolutionary_search.cc:619] Evolve iter #2 done. Summary:
Postproc #0 [meta_schedule.DisallowDynamicLoop(0x5bdf3a10a0e8)]: 0 failure(s)
Postproc #1 [meta_schedule.RewriteParallelVectorizeUnroll(0x5bdf39f0bd78)]: 0 failure(s)
Postproc #2 [meta_schedule.RewriteReductionBlock(0x5bdf39cf5e98)]: 0 failure(s)
Postproc #3 [meta_schedule.RewriteLayout(0x5bdf3a1613b8)]: 0 failure(s)
2026-04-07 11:30:51 [INFO] [evolutionary_search.cc:619] Evolve iter #3 done. Summary:
Postproc #0 [meta_schedule.DisallowDynamicLoop(0x5bdf3a10a0e8)]: 0 failure(s)
Postproc #1 [meta_schedule.RewriteParallelVectorizeUnroll(0x5bdf39f0bd78)]: 0 failure(s)
Postproc #2 [meta_schedule.RewriteReductionBlock(0x5bdf39cf5e98)]: 0 failure(s)
Postproc #3 [meta_schedule.RewriteLayout(0x5bdf3a1613b8)]: 0 failure(s)
2026-04-07 11:30:52 [INFO] [evolutionary_search.cc:647] Scores of the best 64 candidates:
[1 : 16]:	0.9208  0.9171  0.9169  0.9164  0.9164  0.9164  0.9164  0.9122  0.9096  0.9077  0.9077  0.9077  0.9049  0.8999  0.8999  0.8982
[17 : 32]:	0.8978  0.8978  0.8976  0.8967  0.8962  0.8957  0.8941  0.8893  0.8889  0.8826  0.8778  0.8778  0.8764  0.8711  0.8663  0.8652
[33 : 48]:	0.8643  0.8643  0.8638  0.8618  0.8603  0.8592  0.8573  0.8561  0.8561  0.8560  0.8560  0.8556  0.8551  0.8551  0.8551  0.8548
[49 : 64]:	0.8525  0.8507  0.8480  0.8477  0.8460  0.8450  0.8448  0.8441  0.8430  0.8428  0.8413  0.8404  0.8391  0.8380  0.8367  0.8354
2026-04-07 11:30:52 [INFO] [evolutionary_search.cc:725] Got 64 candidate(s) with evolutionary search
2026-04-07 11:30:52 [INFO] [evolutionary_search.cc:728] Sending 64 candidates(s) for measurement
2026-04-07 11:31:21 [INFO] [task_scheduler.cc:137] [Task #0: main] Trial #192: GFLOPs: 116.6729. Time: 1294.1730 us. Best GFLOPs: 116.6729
2026-04-07 11:31:21 [INFO] [task_scheduler.cc:137] [Task #0: main] Trial #193: GFLOPs: 123.6290. Time: 1221.3557 us. Best GFLOPs: 123.6290
2026-04-07 11:31:21 [INFO] [task_scheduler.cc:137] [Task #0: main] Trial #194: GFLOPs: 120.1874. Time: 1256.3291 us. Best GFLOPs: 123.6290
2026-04-07 11:31:21 [INFO] [task_scheduler.cc:137] [Task #0: main] Trial #195: GFLOPs: 76.4208. Time: 1975.8352 us. Best GFLOPs: 123.6290
2026-04-07 11:31:21 [INFO] [task_scheduler.cc:137] [Task #0: main] Trial #196: GFLOPs: 105.1411. Time: 1436.1175 us. Best GFLOPs: 123.6290
2026-04-07 11:31:21 [INFO] [task_scheduler.cc:137] [Task #0: main] Trial #197: GFLOPs: 104.3391. Time: 1447.1556 us. Best GFLOPs: 123.6290
2026-04-07 11:31:21 [INFO] [task_scheduler.cc:137] [Task #0: main] Trial #198: GFLOPs: 106.8834. Time: 1412.7068 us. Best GFLOPs: 123.6290
2026-04-07 11:31:21 [INFO] [task_scheduler.cc:137] [Task #0: main] Trial #199: GFLOPs: 89.1068. Time: 1694.5386 us. Best GFLOPs: 123.6290
2026-04-07 11:31:21 [INFO] [task_scheduler.cc:137] [Task #0: main] Trial #200: GFLOPs: 101.7390. Time: 1484.1399 us. Best GFLOPs: 123.6290
2026-04-07 11:31:21 [INFO] [task_scheduler.cc:137] [Task #0: main] Trial #201: GFLOPs: 89.0309. Time: 1695.9839 us. Best GFLOPs: 123.6290
2026-04-07 11:31:21 [INFO] [task_scheduler.cc:137] [Task #0: main] Trial #202: GFLOPs: 83.8814. Time: 1800.0996 us. Best GFLOPs: 123.6290
2026-04-07 11:31:21 [INFO] [task_scheduler.cc:137] [Task #0: main] Trial #203: GFLOPs: 97.6089. Time: 1546.9379 us. Best GFLOPs: 123.6290
2026-04-07 11:31:21 [INFO] [task_scheduler.cc:137] [Task #0: main] Trial #204: GFLOPs: 91.7165. Time: 1646.3230 us. Best GFLOPs: 123.6290
2026-04-07 11:31:21 [INFO] [task_scheduler.cc:137] [Task #0: main] Trial #205: GFLOPs: 77.4225. Time: 1950.2726 us. Best GFLOPs: 123.6290
2026-04-07 11:31:21 [INFO] [task_scheduler.cc:137] [Task #0: main] Trial #206: GFLOPs: 69.2687. Time: 2179.8427 us. Best GFLOPs: 123.6290
2026-04-07 11:31:21 [INFO] [task_scheduler.cc:137] [Task #0: main] Trial #207: GFLOPs: 86.5469. Time: 1744.6611 us. Best GFLOPs: 123.6290
2026-04-07 11:31:21 [INFO] [task_scheduler.cc:137] [Task #0: main] Trial #208: GFLOPs: 83.3817. Time: 1810.8891 us. Best GFLOPs: 123.6290
2026-04-07 11:31:21 [INFO] [task_scheduler.cc:137] [Task #0: main] Trial #209: GFLOPs: 83.4425. Time: 1809.5697 us. Best GFLOPs: 123.6290
2026-04-07 11:31:21 [INFO] [task_scheduler.cc:137] [Task #0: main] Trial #210: GFLOPs: 82.7631. Time: 1824.4238 us. Best GFLOPs: 123.6290
2026-04-07 11:31:21 [INFO] [task_scheduler.cc:137] [Task #0: main] Trial #211: GFLOPs: 112.5190. Time: 1341.9508 us. Best GFLOPs: 123.6290
2026-04-07 11:31:21 [INFO] [task_scheduler.cc:137] [Task #0: main] Trial #212: GFLOPs: 77.1135. Time: 1958.0869 us. Best GFLOPs: 123.6290
2026-04-07 11:31:21 [INFO] [task_scheduler.cc:137] [Task #0: main] Trial #213: GFLOPs: 36.3018. Time: 4159.4394 us. Best GFLOPs: 123.6290
2026-04-07 11:31:21 [INFO] [task_scheduler.cc:137] [Task #0: main] Trial #214: GFLOPs: 83.1921. Time: 1815.0152 us. Best GFLOPs: 123.6290
2026-04-07 11:31:21 [INFO] [task_scheduler.cc:137] [Task #0: main] Trial #215: GFLOPs: 97.9791. Time: 1541.0939 us. Best GFLOPs: 123.6290
2026-04-07 11:31:21 [INFO] [task_scheduler.cc:137] [Task #0: main] Trial #216: GFLOPs: 92.0629. Time: 1640.1276 us. Best GFLOPs: 123.6290
2026-04-07 11:31:21 [INFO] [task_scheduler.cc:137] [Task #0: main] Trial #217: GFLOPs: 81.6969. Time: 1848.2344 us. Best GFLOPs: 123.6290
2026-04-07 11:31:21 [INFO] [task_scheduler.cc:137] [Task #0: main] Trial #218: GFLOPs: 96.5643. Time: 1563.6722 us. Best GFLOPs: 123.6290
2026-04-07 11:31:21 [INFO] [task_scheduler.cc:137] [Task #0: main] Trial #219: GFLOPs: 87.9348. Time: 1717.1243 us. Best GFLOPs: 123.6290
2026-04-07 11:31:21 [INFO] [task_scheduler.cc:137] [Task #0: main] Trial #220: GFLOPs: 88.4767. Time: 1706.6069 us. Best GFLOPs: 123.6290
2026-04-07 11:31:21 [INFO] [task_scheduler.cc:137] [Task #0: main] Trial #221: GFLOPs: 95.0806. Time: 1588.0733 us. Best GFLOPs: 123.6290
2026-04-07 11:31:21 [INFO] [task_scheduler.cc:137] [Task #0: main] Trial #222: GFLOPs: 106.6415. Time: 1415.9123 us. Best GFLOPs: 123.6290
2026-04-07 11:31:21 [INFO] [task_scheduler.cc:137] [Task #0: main] Trial #223: GFLOPs: 103.5979. Time: 1457.5092 us. Best GFLOPs: 123.6290
2026-04-07 11:31:21 [INFO] [task_scheduler.cc:137] [Task #0: main] Trial #224: GFLOPs: 64.1174. Time: 2354.9763 us. Best GFLOPs: 123.6290
2026-04-07 11:31:21 [INFO] [task_scheduler.cc:137] [Task #0: main] Trial #225: GFLOPs: 76.4444. Time: 1975.2265 us. Best GFLOPs: 123.6290
2026-04-07 11:31:21 [INFO] [task_scheduler.cc:137] [Task #0: main] Trial #226: GFLOPs: 100.6439. Time: 1500.2889 us. Best GFLOPs: 123.6290
2026-04-07 11:31:21 [INFO] [task_scheduler.cc:137] [Task #0: main] Trial #227: GFLOPs: 62.8171. Time: 2403.7253 us. Best GFLOPs: 123.6290
2026-04-07 11:31:21 [INFO] [task_scheduler.cc:137] [Task #0: main] Trial #228: GFLOPs: 73.9353. Time: 2042.2569 us. Best GFLOPs: 123.6290
2026-04-07 11:31:21 [INFO] [task_scheduler.cc:137] [Task #0: main] Trial #229: GFLOPs: 99.1996. Time: 1522.1319 us. Best GFLOPs: 123.6290
2026-04-07 11:31:21 [INFO] [task_scheduler.cc:137] [Task #0: main] Trial #230: GFLOPs: 91.9782. Time: 1641.6381 us. Best GFLOPs: 123.6290
2026-04-07 11:31:21 [INFO] [task_scheduler.cc:137] [Task #0: main] Trial #231: GFLOPs: 107.5996. Time: 1403.3037 us. Best GFLOPs: 123.6290
2026-04-07 11:31:21 [INFO] [task_scheduler.cc:137] [Task #0: main] Trial #232: GFLOPs: 107.8323. Time: 1400.2761 us. Best GFLOPs: 123.6290
2026-04-07 11:31:21 [INFO] [task_scheduler.cc:137] [Task #0: main] Trial #233: GFLOPs: 76.6822. Time: 1969.1016 us. Best GFLOPs: 123.6290
2026-04-07 11:31:21 [INFO] [task_scheduler.cc:137] [Task #0: main] Trial #234: GFLOPs: 70.1163. Time: 2153.4919 us. Best GFLOPs: 123.6290
2026-04-07 11:31:21 [INFO] [task_scheduler.cc:137] [Task #0: main] Trial #235: GFLOPs: 78.1720. Time: 1931.5732 us. Best GFLOPs: 123.6290
2026-04-07 11:31:21 [INFO] [task_scheduler.cc:137] [Task #0: main] Trial #236: GFLOPs: 79.9938. Time: 1887.5835 us. Best GFLOPs: 123.6290
2026-04-07 11:31:21 [INFO] [task_scheduler.cc:137] [Task #0: main] Trial #237: GFLOPs: 87.1134. Time: 1733.3152 us. Best GFLOPs: 123.6290
2026-04-07 11:31:21 [INFO] [task_scheduler.cc:137] [Task #0: main] Trial #238: GFLOPs: 105.4092. Time: 1432.4645 us. Best GFLOPs: 123.6290
2026-04-07 11:31:21 [INFO] [task_scheduler.cc:137] [Task #0: main] Trial #239: GFLOPs: 104.5072. Time: 1444.8285 us. Best GFLOPs: 123.6290
2026-04-07 11:31:21 [INFO] [task_scheduler.cc:137] [Task #0: main] Trial #240: GFLOPs: 79.6149. Time: 1896.5670 us. Best GFLOPs: 123.6290
2026-04-07 11:31:21 [INFO] [task_scheduler.cc:137] [Task #0: main] Trial #241: GFLOPs: 102.0979. Time: 1478.9231 us. Best GFLOPs: 123.6290
2026-04-07 11:31:21 [INFO] [task_scheduler.cc:137] [Task #0: main] Trial #242: GFLOPs: 115.1981. Time: 1310.7421 us. Best GFLOPs: 123.6290
2026-04-07 11:31:21 [INFO] [task_scheduler.cc:137] [Task #0: main] Trial #243: GFLOPs: 95.0513. Time: 1588.5625 us. Best GFLOPs: 123.6290
2026-04-07 11:31:21 [INFO] [task_scheduler.cc:137] [Task #0: main] Trial #244: GFLOPs: 101.6185. Time: 1485.9000 us. Best GFLOPs: 123.6290
2026-04-07 11:31:21 [INFO] [task_scheduler.cc:137] [Task #0: main] Trial #245: GFLOPs: 102.1895. Time: 1477.5981 us. Best GFLOPs: 123.6290
2026-04-07 11:31:21 [INFO] [task_scheduler.cc:137] [Task #0: main] Trial #246: GFLOPs: 88.7071. Time: 1702.1743 us. Best GFLOPs: 123.6290
2026-04-07 11:31:21 [INFO] [task_scheduler.cc:137] [Task #0: main] Trial #247: GFLOPs: 93.0319. Time: 1623.0452 us. Best GFLOPs: 123.6290
2026-04-07 11:31:21 [INFO] [task_scheduler.cc:137] [Task #0: main] Trial #248: GFLOPs: 102.1331. Time: 1478.4136 us. Best GFLOPs: 123.6290
2026-04-07 11:31:21 [INFO] [task_scheduler.cc:137] [Task #0: main] Trial #249: GFLOPs: 91.9276. Time: 1642.5429 us. Best GFLOPs: 123.6290
2026-04-07 11:31:21 [INFO] [task_scheduler.cc:137] [Task #0: main] Trial #250: GFLOPs: 103.4180. Time: 1460.0456 us. Best GFLOPs: 123.6290
2026-04-07 11:31:21 [INFO] [task_scheduler.cc:137] [Task #0: main] Trial #251: GFLOPs: 102.1656. Time: 1477.9425 us. Best GFLOPs: 123.6290
2026-04-07 11:31:21 [INFO] [task_scheduler.cc:137] [Task #0: main] Trial #252: GFLOPs: 31.7476. Time: 4756.1104 us. Best GFLOPs: 123.6290
2026-04-07 11:31:21 [INFO] [task_scheduler.cc:137] [Task #0: main] Trial #253: GFLOPs: 21.7980. Time: 6927.0202 us. Best GFLOPs: 123.6290
2026-04-07 11:31:21 [INFO] [task_scheduler.cc:137] [Task #0: main] Trial #254: GFLOPs: 94.1589. Time: 1603.6176 us. Best GFLOPs: 123.6290
2026-04-07 11:31:21 [INFO] [task_scheduler.cc:137] [Task #0: main] Trial #255: GFLOPs: 43.3747. Time: 3481.1770 us. Best GFLOPs: 123.6290
2026-04-07 11:31:21 [INFO] [evolutionary_search.cc:711] Generating candidates......
2026-04-07 11:31:21 [INFO] [evolutionary_search.cc:713] Picked top 122 candidate(s) from database
2026-04-07 11:31:21 [INFO] [evolutionary_search.cc:530] Sample-Init-Population summary:
Postproc #0 [meta_schedule.DisallowDynamicLoop(0x5bdf3a10a0e8)]: 0 failure(s)
Postproc #1 [meta_schedule.RewriteParallelVectorizeUnroll(0x5bdf39f0bd78)]: 0 failure(s)
Postproc #2 [meta_schedule.RewriteReductionBlock(0x5bdf39cf5e98)]: 0 failure(s)
Postproc #3 [meta_schedule.RewriteLayout(0x5bdf3a1613b8)]: 0 failure(s)
2026-04-07 11:31:21 [INFO] [evolutionary_search.cc:721] Sampled 492 candidate(s)
2026-04-07 11:31:22 [INFO] [evolutionary_search.cc:619] Evolve iter #0 done. Summary:
Postproc #0 [meta_schedule.DisallowDynamicLoop(0x5bdf3a10a0e8)]: 0 failure(s)
Postproc #1 [meta_schedule.RewriteParallelVectorizeUnroll(0x5bdf39f0bd78)]: 0 failure(s)
Postproc #2 [meta_schedule.RewriteReductionBlock(0x5bdf39cf5e98)]: 0 failure(s)
Postproc #3 [meta_schedule.RewriteLayout(0x5bdf3a1613b8)]: 0 failure(s)
2026-04-07 11:31:23 [INFO] [evolutionary_search.cc:619] Evolve iter #1 done. Summary:
Postproc #0 [meta_schedule.DisallowDynamicLoop(0x5bdf3a10a0e8)]: 0 failure(s)
Postproc #1 [meta_schedule.RewriteParallelVectorizeUnroll(0x5bdf39f0bd78)]: 0 failure(s)
Postproc #2 [meta_schedule.RewriteReductionBlock(0x5bdf39cf5e98)]: 0 failure(s)
Postproc #3 [meta_schedule.RewriteLayout(0x5bdf3a1613b8)]: 0 failure(s)
2026-04-07 11:31:24 [INFO] [evolutionary_search.cc:619] Evolve iter #2 done. Summary:
Postproc #0 [meta_schedule.DisallowDynamicLoop(0x5bdf3a10a0e8)]: 0 failure(s)
Postproc #1 [meta_schedule.RewriteParallelVectorizeUnroll(0x5bdf39f0bd78)]: 0 failure(s)
Postproc #2 [meta_schedule.RewriteReductionBlock(0x5bdf39cf5e98)]: 0 failure(s)
Postproc #3 [meta_schedule.RewriteLayout(0x5bdf3a1613b8)]: 0 failure(s)
2026-04-07 11:31:25 [INFO] [evolutionary_search.cc:619] Evolve iter #3 done. Summary:
Postproc #0 [meta_schedule.DisallowDynamicLoop(0x5bdf3a10a0e8)]: 0 failure(s)
Postproc #1 [meta_schedule.RewriteParallelVectorizeUnroll(0x5bdf39f0bd78)]: 0 failure(s)
Postproc #2 [meta_schedule.RewriteReductionBlock(0x5bdf39cf5e98)]: 0 failure(s)
Postproc #3 [meta_schedule.RewriteLayout(0x5bdf3a1613b8)]: 0 failure(s)
2026-04-07 11:31:26 [INFO] [evolutionary_search.cc:647] Scores of the best 52 candidates:
[1 : 16]:	0.8801  0.8801  0.8801  0.8711  0.8695  0.8673  0.8660  0.8648  0.8648  0.8610  0.8608  0.8608  0.8571  0.8546  0.8540  0.8483
[17 : 32]:	0.8433  0.8429  0.8420  0.8420  0.8420  0.8413  0.8410  0.8409  0.8409  0.8404  0.8399  0.8399  0.8378  0.8365  0.8353  0.8346
[33 : 48]:	0.8334  0.8328  0.8298  0.8298  0.8285  0.8285  0.8231  0.8231  0.8227  0.8221  0.8212  0.8204  0.8194  0.8194  0.8194  0.8190
[49 : 52]:	0.8189  0.8156  0.8135  0.8128
2026-04-07 11:31:26 [INFO] [evolutionary_search.cc:725] Got 52 candidate(s) with evolutionary search
2026-04-07 11:31:26 [INFO] [evolutionary_search.cc:728] Sending 52 candidates(s) for measurement
2026-04-07 11:31:48 [INFO] [task_scheduler.cc:137] [Task #0: main] Trial #256: GFLOPs: 118.2997. Time: 1276.3763 us. Best GFLOPs: 123.6290
2026-04-07 11:31:48 [INFO] [task_scheduler.cc:137] [Task #0: main] Trial #257: GFLOPs: 89.2541. Time: 1691.7424 us. Best GFLOPs: 123.6290
2026-04-07 11:31:48 [INFO] [task_scheduler.cc:137] [Task #0: main] Trial #258: GFLOPs: 99.1828. Time: 1522.3898 us. Best GFLOPs: 123.6290
2026-04-07 11:31:48 [INFO] [task_scheduler.cc:137] [Task #0: main] Trial #259: GFLOPs: 97.4112. Time: 1550.0781 us. Best GFLOPs: 123.6290
2026-04-07 11:31:48 [INFO] [task_scheduler.cc:137] [Task #0: main] Trial #260: GFLOPs: 94.4162. Time: 1599.2490 us. Best GFLOPs: 123.6290
2026-04-07 11:31:48 [INFO] [task_scheduler.cc:137] [Task #0: main] Trial #261: GFLOPs: 85.2303. Time: 1771.6113 us. Best GFLOPs: 123.6290
2026-04-07 11:31:48 [INFO] [task_scheduler.cc:137] [Task #0: main] Trial #262: GFLOPs: 74.1879. Time: 2035.3034 us. Best GFLOPs: 123.6290
2026-04-07 11:31:48 [INFO] [task_scheduler.cc:137] [Task #0: main] Trial #263: GFLOPs: 76.4778. Time: 1974.3629 us. Best GFLOPs: 123.6290
2026-04-07 11:31:48 [INFO] [task_scheduler.cc:137] [Task #0: main] Trial #264: GFLOPs: 75.4959. Time: 2000.0421 us. Best GFLOPs: 123.6290
2026-04-07 11:31:48 [INFO] [task_scheduler.cc:137] [Task #0: main] Trial #265: GFLOPs: 89.0864. Time: 1694.9273 us. Best GFLOPs: 123.6290
2026-04-07 11:31:48 [INFO] [task_scheduler.cc:137] [Task #0: main] Trial #266: GFLOPs: 75.4929. Time: 2000.1203 us. Best GFLOPs: 123.6290
2026-04-07 11:31:48 [INFO] [task_scheduler.cc:137] [Task #0: main] Trial #267: GFLOPs: 70.3438. Time: 2146.5295 us. Best GFLOPs: 123.6290
2026-04-07 11:31:48 [INFO] [task_scheduler.cc:137] [Task #0: main] Trial #268: GFLOPs: 78.1409. Time: 1932.3417 us. Best GFLOPs: 123.6290
2026-04-07 11:31:48 [INFO] [task_scheduler.cc:137] [Task #0: main] Trial #269: GFLOPs: 85.6361. Time: 1763.2163 us. Best GFLOPs: 123.6290
2026-04-07 11:31:48 [INFO] [task_scheduler.cc:137] [Task #0: main] Trial #270: GFLOPs: 101.6123. Time: 1485.9903 us. Best GFLOPs: 123.6290
2026-04-07 11:31:48 [INFO] [task_scheduler.cc:137] [Task #0: main] Trial #271: GFLOPs: 102.5658. Time: 1472.1759 us. Best GFLOPs: 123.6290
2026-04-07 11:31:48 [INFO] [task_scheduler.cc:137] [Task #0: main] Trial #272: GFLOPs: 89.4678. Time: 1687.7019 us. Best GFLOPs: 123.6290
2026-04-07 11:31:48 [INFO] [task_scheduler.cc:137] [Task #0: main] Trial #273: GFLOPs: 90.5160. Time: 1668.1569 us. Best GFLOPs: 123.6290
2026-04-07 11:31:48 [INFO] [task_scheduler.cc:137] [Task #0: main] Trial #274: GFLOPs: 83.9537. Time: 1798.5504 us. Best GFLOPs: 123.6290
2026-04-07 11:31:48 [INFO] [task_scheduler.cc:137] [Task #0: main] Trial #275: GFLOPs: 75.0220. Time: 2012.6765 us. Best GFLOPs: 123.6290
2026-04-07 11:31:48 [INFO] [task_scheduler.cc:137] [Task #0: main] Trial #276: GFLOPs: 72.9328. Time: 2070.3299 us. Best GFLOPs: 123.6290
2026-04-07 11:31:48 [INFO] [task_scheduler.cc:137] [Task #0: main] Trial #277: GFLOPs: 71.3421. Time: 2116.4919 us. Best GFLOPs: 123.6290
2026-04-07 11:31:48 [INFO] [task_scheduler.cc:137] [Task #0: main] Trial #278: GFLOPs: 78.0653. Time: 1934.2137 us. Best GFLOPs: 123.6290
2026-04-07 11:31:48 [INFO] [task_scheduler.cc:137] [Task #0: main] Trial #279: GFLOPs: 85.1048. Time: 1774.2234 us. Best GFLOPs: 123.6290
2026-04-07 11:31:48 [INFO] [task_scheduler.cc:137] [Task #0: main] Trial #280: GFLOPs: 89.1358. Time: 1693.9878 us. Best GFLOPs: 123.6290
2026-04-07 11:31:48 [INFO] [task_scheduler.cc:137] [Task #0: main] Trial #281: GFLOPs: 90.9394. Time: 1660.3907 us. Best GFLOPs: 123.6290
2026-04-07 11:31:48 [INFO] [task_scheduler.cc:137] [Task #0: main] Trial #282: GFLOPs: 80.0321. Time: 1886.6808 us. Best GFLOPs: 123.6290
2026-04-07 11:31:48 [INFO] [task_scheduler.cc:137] [Task #0: main] Trial #283: GFLOPs: 78.0536. Time: 1934.5033 us. Best GFLOPs: 123.6290
2026-04-07 11:31:48 [INFO] [task_scheduler.cc:137] [Task #0: main] Trial #284: GFLOPs: 98.8304. Time: 1527.8190 us. Best GFLOPs: 123.6290
2026-04-07 11:31:48 [INFO] [task_scheduler.cc:137] [Task #0: main] Trial #285: GFLOPs: 93.8926. Time: 1608.1674 us. Best GFLOPs: 123.6290
2026-04-07 11:31:48 [INFO] [task_scheduler.cc:137] [Task #0: main] Trial #286: GFLOPs: 99.4526. Time: 1518.2601 us. Best GFLOPs: 123.6290
2026-04-07 11:31:48 [INFO] [task_scheduler.cc:137] [Task #0: main] Trial #287: GFLOPs: 107.7944. Time: 1400.7681 us. Best GFLOPs: 123.6290
2026-04-07 11:31:48 [INFO] [task_scheduler.cc:137] [Task #0: main] Trial #288: GFLOPs: 94.9346. Time: 1590.5153 us. Best GFLOPs: 123.6290
2026-04-07 11:31:48 [INFO] [task_scheduler.cc:137] [Task #0: main] Trial #289: GFLOPs: 78.8230. Time: 1915.6201 us. Best GFLOPs: 123.6290
2026-04-07 11:31:48 [INFO] [task_scheduler.cc:137] [Task #0: main] Trial #290: GFLOPs: 93.1362. Time: 1621.2272 us. Best GFLOPs: 123.6290
2026-04-07 11:31:48 [INFO] [task_scheduler.cc:137] [Task #0: main] Trial #291: GFLOPs: 68.5510. Time: 2202.6668 us. Best GFLOPs: 123.6290
2026-04-07 11:31:48 [INFO] [task_scheduler.cc:137] [Task #0: main] Trial #292: GFLOPs: 88.2108. Time: 1711.7515 us. Best GFLOPs: 123.6290
2026-04-07 11:31:48 [INFO] [task_scheduler.cc:137] [Task #0: main] Trial #293: GFLOPs: 88.6740. Time: 1702.8096 us. Best GFLOPs: 123.6290
2026-04-07 11:31:48 [INFO] [task_scheduler.cc:137] [Task #0: main] Trial #294: GFLOPs: 89.4361. Time: 1688.3000 us. Best GFLOPs: 123.6290
2026-04-07 11:31:48 [INFO] [task_scheduler.cc:137] [Task #0: main] Trial #295: GFLOPs: 97.9235. Time: 1541.9686 us. Best GFLOPs: 123.6290
2026-04-07 11:31:48 [INFO] [task_scheduler.cc:137] [Task #0: main] Trial #296: GFLOPs: 88.1485. Time: 1712.9613 us. Best GFLOPs: 123.6290
2026-04-07 11:31:48 [INFO] [task_scheduler.cc:137] [Task #0: main] Trial #297: GFLOPs: 82.2309. Time: 1836.2320 us. Best GFLOPs: 123.6290
2026-04-07 11:31:48 [INFO] [task_scheduler.cc:137] [Task #0: main] Trial #298: GFLOPs: 81.7970. Time: 1845.9706 us. Best GFLOPs: 123.6290
2026-04-07 11:31:48 [INFO] [task_scheduler.cc:137] [Task #0: main] Trial #299: GFLOPs: 72.4562. Time: 2083.9480 us. Best GFLOPs: 123.6290
2026-04-07 11:31:48 [INFO] [task_scheduler.cc:137] [Task #0: main] Trial #300: GFLOPs: 73.6745. Time: 2049.4863 us. Best GFLOPs: 123.6290
2026-04-07 11:31:48 [INFO] [task_scheduler.cc:137] [Task #0: main] Trial #301: GFLOPs: 85.2504. Time: 1771.1939 us. Best GFLOPs: 123.6290
2026-04-07 11:31:48 [INFO] [task_scheduler.cc:137] [Task #0: main] Trial #302: GFLOPs: 91.2037. Time: 1655.5785 us. Best GFLOPs: 123.6290
2026-04-07 11:31:48 [INFO] [task_scheduler.cc:137] [Task #0: main] Trial #303: GFLOPs: 81.7262. Time: 1847.5717 us. Best GFLOPs: 123.6290
2026-04-07 11:31:48 [INFO] [task_scheduler.cc:137] [Task #0: main] Trial #304: GFLOPs: 116.8540. Time: 1292.1678 us. Best GFLOPs: 123.6290
2026-04-07 11:31:48 [INFO] [task_scheduler.cc:137] [Task #0: main] Trial #305: GFLOPs: 100.6298. Time: 1500.4988 us. Best GFLOPs: 123.6290
2026-04-07 11:31:48 [INFO] [task_scheduler.cc:137] [Task #0: main] Trial #306: GFLOPs: 14.4047. Time: 10482.3201 us. Best GFLOPs: 123.6290
2026-04-07 11:31:48 [INFO] [task_scheduler.cc:137] [Task #0: main] Trial #307: GFLOPs: 15.4101. Time: 9798.4670 us. Best GFLOPs: 123.6290
2026-04-08 09:37:54 [INFO] [task_scheduler.cc:166] Initializing Task #0: "main"
2026-04-08 09:37:54 [INFO] [task_scheduler.cc:41] 
# from tvm.script import ir as I
# from tvm.script import tir as T

@I.ir_module
class Module:
    @T.prim_func
    def main(A: T.Buffer((128, 768), "float32"), B: T.Buffer((768, 768), "float32"), C: T.Buffer((128, 768), "float32")):
        T.func_attr({"tir.noalias": True})
        # with T.block("root"):
        for i, j, k in T.grid(128, 768, 768):
            with T.block("C"):
                vi, vj, vk = T.axis.remap("SSR", [i, j, k])
                T.reads(A[vi, vk], B[vk, vj])
                T.writes(C[vi, vj])
                with T.init():
                    C[vi, vj] = T.float32(0.0)
                C[vi, vj] = C[vi, vj] + A[vi, vk] * B[vk, vj]
2026-04-08 09:37:54 [INFO] [task_scheduler.cc:170] Total 3 design space(s) generated
2026-04-08 09:37:54 [INFO] [task_scheduler.cc:176] Design space #0:
# from tvm.script import ir as I
# from tvm.script import tir as T

@I.ir_module
class Module:
    @T.prim_func
    def main(A: T.Buffer((128, 768), "float32"), B: T.Buffer((768, 768), "float32"), C: T.Buffer((128, 768), "float32")):
        T.func_attr({"tir.noalias": True})
        with T.block("root"):
            T.reads()
            T.writes()
            T.block_attr({"meta_schedule.parallel": 128, "meta_schedule.unroll_explicit": 512, "meta_schedule.vectorize": 64})
            C_global = T.alloc_buffer((128, 768))
            for i_0, j_0, i_1, j_1 in T.grid(16, 24, 1, 1):
                for k_0, i_2, j_2, k_1, i_3, j_3 in T.grid(12, 2, 32, 64, 4, 1):
                    with T.block("C"):
                        vi = T.axis.spatial(128, i_0 * 8 + i_1 * 8 + i_2 * 4 + i_3)
                        vj = T.axis.spatial(768, j_0 * 32 + j_1 * 32 + j_2 + j_3)
                        vk = T.axis.reduce(768, k_0 * 64 + k_1)
                        T.reads(A[vi, vk], B[vk, vj])
                        T.writes(C_global[vi, vj])
                        T.block_attr({"meta_schedule.tiling_structure": "SSRSRS"})
                        with T.init():
                            C_global[vi, vj] = T.float32(0.0)
                        C_global[vi, vj] = C_global[vi, vj] + A[vi, vk] * B[vk, vj]
                for ax0, ax1 in T.grid(8, 32):
                    with T.block("C_global"):
                        v0 = T.axis.spatial(128, i_0 * 8 + ax0)
                        v1 = T.axis.spatial(768, j_0 * 32 + ax1)
                        T.reads(C_global[v0, v1])
                        T.writes(C[v0, v1])
                        C[v0, v1] = C_global[v0, v1]
b0 = sch.get_block(name="C", func_name="main")
b1 = sch.get_block(name="root", func_name="main")
sch.annotate(block_or_loop=b0, ann_key="meta_schedule.tiling_structure", ann_val="SSRSRS")
l2, l3, l4 = sch.get_loops(block=b0)
v5, v6, v7, v8 = sch.sample_perfect_tile(loop=l2, n=4, max_innermost_factor=64, decision=[16, 1, 2, 4])
l9, l10, l11, l12 = sch.split(loop=l2, factors=[v5, v6, v7, v8], preserve_unit_iters=True, disable_predication=False)
v13, v14, v15, v16 = sch.sample_perfect_tile(loop=l3, n=4, max_innermost_factor=64, decision=[24, 1, 32, 1])
l17, l18, l19, l20 = sch.split(loop=l3, factors=[v13, v14, v15, v16], preserve_unit_iters=True, disable_predication=False)
v21, v22 = sch.sample_perfect_tile(loop=l4, n=2, max_innermost_factor=64, decision=[12, 64])
l23, l24 = sch.split(loop=l4, factors=[v21, v22], preserve_unit_iters=True, disable_predication=False)
sch.reorder(l9, l17, l10, l18, l23, l11, l19, l24, l12, l20)
b25 = sch.cache_write(block=b0, write_buffer_index=0, storage_scope="global")
sch.reverse_compute_at(block=b25, loop=l18, preserve_unit_loops=True, index=-1)
sch.annotate(block_or_loop=b1, ann_key="meta_schedule.parallel", ann_val=128)
sch.annotate(block_or_loop=b1, ann_key="meta_schedule.vectorize", ann_val=64)
v26 = sch.sample_categorical(candidates=[0, 16, 64, 512], probs=[0.25, 0.25, 0.25, 0.25], decision=3)
sch.annotate(block_or_loop=b1, ann_key="meta_schedule.unroll_explicit", ann_val=v26)
2026-04-08 09:37:54 [INFO] [task_scheduler.cc:176] Design space #1:
# from tvm.script import ir as I
# from tvm.script import tir as T

@I.ir_module
class Module:
    @T.prim_func
    def main(A: T.Buffer((128, 768), "float32"), B: T.Buffer((768, 768), "float32"), C: T.Buffer((128, 768), "float32")):
        T.func_attr({"tir.noalias": True})
        with T.block("root"):
            T.reads()
            T.writes()
            T.block_attr({"meta_schedule.parallel": 128, "meta_schedule.unroll_explicit": 16, "meta_schedule.vectorize": 64})
            C_global = T.alloc_buffer((128, 768))
            for i_0, j_0 in T.grid(16, 24):
                for i_1, j_1, k_0, i_2, j_2, k_1, i_3, j_3 in T.grid(1, 1, 12, 2, 32, 64, 4, 1):
                    with T.block("C"):
                        vi = T.axis.spatial(128, i_0 * 8 + i_1 * 8 + i_2 * 4 + i_3)
                        vj = T.axis.spatial(768, j_0 * 32 + j_1 * 32 + j_2 + j_3)
                        vk = T.axis.reduce(768, k_0 * 64 + k_1)
                        T.reads(A[vi, vk], B[vk, vj])
                        T.writes(C_global[vi, vj])
                        T.block_attr({"meta_schedule.tiling_structure": "SSRSRS"})
                        with T.init():
                            C_global[vi, vj] = T.float32(0.0)
                        C_global[vi, vj] = C_global[vi, vj] + A[vi, vk] * B[vk, vj]
                for ax0, ax1 in T.grid(8, 32):
                    with T.block("C_global"):
                        v0 = T.axis.spatial(128, i_0 * 8 + ax0)
                        v1 = T.axis.spatial(768, j_0 * 32 + ax1)
                        T.reads(C_global[v0, v1])
                        T.writes(C[v0, v1])
                        C[v0, v1] = C_global[v0, v1]
b0 = sch.get_block(name="C", func_name="main")
b1 = sch.get_block(name="root", func_name="main")
sch.annotate(block_or_loop=b0, ann_key="meta_schedule.tiling_structure", ann_val="SSRSRS")
l2, l3, l4 = sch.get_loops(block=b0)
v5, v6, v7, v8 = sch.sample_perfect_tile(loop=l2, n=4, max_innermost_factor=64, decision=[16, 1, 2, 4])
l9, l10, l11, l12 = sch.split(loop=l2, factors=[v5, v6, v7, v8], preserve_unit_iters=True, disable_predication=False)
v13, v14, v15, v16 = sch.sample_perfect_tile(loop=l3, n=4, max_innermost_factor=64, decision=[24, 1, 32, 1])
l17, l18, l19, l20 = sch.split(loop=l3, factors=[v13, v14, v15, v16], preserve_unit_iters=True, disable_predication=False)
v21, v22 = sch.sample_perfect_tile(loop=l4, n=2, max_innermost_factor=64, decision=[12, 64])
l23, l24 = sch.split(loop=l4, factors=[v21, v22], preserve_unit_iters=True, disable_predication=False)
sch.reorder(l9, l17, l10, l18, l23, l11, l19, l24, l12, l20)
b25 = sch.cache_write(block=b0, write_buffer_index=0, storage_scope="global")
sch.reverse_compute_at(block=b25, loop=l17, preserve_unit_loops=True, index=-1)
sch.annotate(block_or_loop=b1, ann_key="meta_schedule.parallel", ann_val=128)
sch.annotate(block_or_loop=b1, ann_key="meta_schedule.vectorize", ann_val=64)
v26 = sch.sample_categorical(candidates=[0, 16, 64, 512], probs=[0.25, 0.25, 0.25, 0.25], decision=1)
sch.annotate(block_or_loop=b1, ann_key="meta_schedule.unroll_explicit", ann_val=v26)
2026-04-08 09:37:54 [INFO] [task_scheduler.cc:176] Design space #2:
# from tvm.script import ir as I
# from tvm.script import tir as T

@I.ir_module
class Module:
    @T.prim_func
    def main(A: T.Buffer((128, 768), "float32"), B: T.Buffer((768, 768), "float32"), C: T.Buffer((128, 768), "float32")):
        T.func_attr({"tir.noalias": True})
        with T.block("root"):
            T.reads()
            T.writes()
            T.block_attr({"meta_schedule.parallel": 128, "meta_schedule.unroll_explicit": 512, "meta_schedule.vectorize": 64})
            for i_0, j_0, i_1, j_1, k_0, i_2, j_2, k_1, i_3, j_3 in T.grid(16, 24, 1, 1, 12, 2, 32, 64, 4, 1):
                with T.block("C"):
                    vi = T.axis.spatial(128, i_0 * 8 + i_1 * 8 + i_2 * 4 + i_3)
                    vj = T.axis.spatial(768, j_0 * 32 + j_1 * 32 + j_2 + j_3)
                    vk = T.axis.reduce(768, k_0 * 64 + k_1)
                    T.reads(A[vi, vk], B[vk, vj])
                    T.writes(C[vi, vj])
                    T.block_attr({"meta_schedule.tiling_structure": "SSRSRS"})
                    with T.init():
                        C[vi, vj] = T.float32(0.0)
                    C[vi, vj] = C[vi, vj] + A[vi, vk] * B[vk, vj]
b0 = sch.get_block(name="C", func_name="main")
b1 = sch.get_block(name="root", func_name="main")
sch.annotate(block_or_loop=b0, ann_key="meta_schedule.tiling_structure", ann_val="SSRSRS")
l2, l3, l4 = sch.get_loops(block=b0)
v5, v6, v7, v8 = sch.sample_perfect_tile(loop=l2, n=4, max_innermost_factor=64, decision=[16, 1, 2, 4])
l9, l10, l11, l12 = sch.split(loop=l2, factors=[v5, v6, v7, v8], preserve_unit_iters=True, disable_predication=False)
v13, v14, v15, v16 = sch.sample_perfect_tile(loop=l3, n=4, max_innermost_factor=64, decision=[24, 1, 32, 1])
l17, l18, l19, l20 = sch.split(loop=l3, factors=[v13, v14, v15, v16], preserve_unit_iters=True, disable_predication=False)
v21, v22 = sch.sample_perfect_tile(loop=l4, n=2, max_innermost_factor=64, decision=[12, 64])
l23, l24 = sch.split(loop=l4, factors=[v21, v22], preserve_unit_iters=True, disable_predication=False)
sch.reorder(l9, l17, l10, l18, l23, l11, l19, l24, l12, l20)
sch.annotate(block_or_loop=b1, ann_key="meta_schedule.parallel", ann_val=128)
sch.annotate(block_or_loop=b1, ann_key="meta_schedule.vectorize", ann_val=64)
v25 = sch.sample_categorical(candidates=[0, 16, 64, 512], probs=[0.25, 0.25, 0.25, 0.25], decision=3)
sch.annotate(block_or_loop=b1, ann_key="meta_schedule.unroll_explicit", ann_val=v25)
2026-04-08 09:37:54 [INFO] [evolutionary_search.cc:711] Generating candidates......
2026-04-08 09:37:54 [INFO] [evolutionary_search.cc:713] Picked top 122 candidate(s) from database
2026-04-08 09:37:54 [INFO] [evolutionary_search.cc:530] Sample-Init-Population summary:
Postproc #0 [meta_schedule.DisallowDynamicLoop(0x5eda4b369d48)]: 0 failure(s)
Postproc #1 [meta_schedule.RewriteParallelVectorizeUnroll(0x5eda4a6a67f8)]: 0 failure(s)
Postproc #2 [meta_schedule.RewriteReductionBlock(0x5eda4abecd78)]: 0 failure(s)
Postproc #3 [meta_schedule.RewriteLayout(0x5eda4a4e1e48)]: 0 failure(s)
2026-04-08 09:37:54 [INFO] [evolutionary_search.cc:721] Sampled 492 candidate(s)
2026-04-08 09:37:54 [INFO] [evolutionary_search.cc:619] Evolve iter #0 done. Summary:
Postproc #0 [meta_schedule.DisallowDynamicLoop(0x5eda4b369d48)]: 0 failure(s)
Postproc #1 [meta_schedule.RewriteParallelVectorizeUnroll(0x5eda4a6a67f8)]: 0 failure(s)
Postproc #2 [meta_schedule.RewriteReductionBlock(0x5eda4abecd78)]: 0 failure(s)
Postproc #3 [meta_schedule.RewriteLayout(0x5eda4a4e1e48)]: 0 failure(s)
2026-04-08 09:37:55 [INFO] [evolutionary_search.cc:619] Evolve iter #1 done. Summary:
Postproc #0 [meta_schedule.DisallowDynamicLoop(0x5eda4b369d48)]: 0 failure(s)
Postproc #1 [meta_schedule.RewriteParallelVectorizeUnroll(0x5eda4a6a67f8)]: 0 failure(s)
Postproc #2 [meta_schedule.RewriteReductionBlock(0x5eda4abecd78)]: 0 failure(s)
Postproc #3 [meta_schedule.RewriteLayout(0x5eda4a4e1e48)]: 0 failure(s)
2026-04-08 09:37:55 [INFO] [evolutionary_search.cc:619] Evolve iter #2 done. Summary:
Postproc #0 [meta_schedule.DisallowDynamicLoop(0x5eda4b369d48)]: 0 failure(s)
Postproc #1 [meta_schedule.RewriteParallelVectorizeUnroll(0x5eda4a6a67f8)]: 0 failure(s)
Postproc #2 [meta_schedule.RewriteReductionBlock(0x5eda4abecd78)]: 0 failure(s)
Postproc #3 [meta_schedule.RewriteLayout(0x5eda4a4e1e48)]: 0 failure(s)
2026-04-08 09:37:55 [INFO] [evolutionary_search.cc:619] Evolve iter #3 done. Summary:
Postproc #0 [meta_schedule.DisallowDynamicLoop(0x5eda4b369d48)]: 0 failure(s)
Postproc #1 [meta_schedule.RewriteParallelVectorizeUnroll(0x5eda4a6a67f8)]: 0 failure(s)
Postproc #2 [meta_schedule.RewriteReductionBlock(0x5eda4abecd78)]: 0 failure(s)
Postproc #3 [meta_schedule.RewriteLayout(0x5eda4a4e1e48)]: 0 failure(s)
2026-04-08 09:37:55 [INFO] [evolutionary_search.cc:647] Scores of the best 64 candidates:
[1 : 16]:	1.0000  0.9997  0.9985  0.9980  0.9967  0.9966  0.9958  0.9955  0.9949  0.9943  0.9939  0.9935  0.9935  0.9933  0.9929  0.9925
[17 : 32]:	0.9924  0.9922  0.9917  0.9916  0.9915  0.9915  0.9910  0.9907  0.9906  0.9900  0.9891  0.9885  0.9884  0.9879  0.9875  0.9875
[33 : 48]:	0.9874  0.9864  0.9864  0.9862  0.9860  0.9859  0.9859  0.9854  0.9850  0.9845  0.9838  0.9832  0.9831  0.9827  0.9811  0.9805
[49 : 64]:	0.9805  0.9803  0.9799  0.9799  0.9795  0.9792  0.9782  0.9778  0.9778  0.9775  0.9763  0.9760  0.9756  0.9725  0.9712  0.9711
2026-04-08 09:37:55 [INFO] [evolutionary_search.cc:725] Got 64 candidate(s) with evolutionary search
2026-04-08 09:37:55 [INFO] [evolutionary_search.cc:728] Sending 64 candidates(s) for measurement
2026-04-08 09:38:25 [INFO] [task_scheduler.cc:137] [Task #0: main] Trial #1: GFLOPs: 117.5331. Time: 1284.7011 us. Best GFLOPs: 117.5331
2026-04-08 09:38:25 [INFO] [task_scheduler.cc:137] [Task #0: main] Trial #2: GFLOPs: 71.4761. Time: 2112.5232 us. Best GFLOPs: 117.5331
2026-04-08 09:38:25 [INFO] [task_scheduler.cc:137] [Task #0: main] Trial #3: GFLOPs: 5.9525. Time: 25366.7010 us. Best GFLOPs: 117.5331
2026-04-08 09:38:25 [INFO] [task_scheduler.cc:137] [Task #0: main] Trial #4: GFLOPs: 42.5884. Time: 3545.4506 us. Best GFLOPs: 117.5331
2026-04-08 09:38:25 [INFO] [task_scheduler.cc:137] [Task #0: main] Trial #5: GFLOPs: 11.7004. Time: 12905.1253 us. Best GFLOPs: 117.5331
2026-04-08 09:38:25 [INFO] [task_scheduler.cc:137] [Task #0: main] Trial #6: GFLOPs: 11.9215. Time: 12665.8000 us. Best GFLOPs: 117.5331
2026-04-08 09:38:25 [INFO] [task_scheduler.cc:137] [Task #0: main] Trial #7: GFLOPs: 92.5087. Time: 1632.2241 us. Best GFLOPs: 117.5331
2026-04-08 09:38:25 [INFO] [task_scheduler.cc:137] [Task #0: main] Trial #8: GFLOPs: 61.9797. Time: 2436.1999 us. Best GFLOPs: 117.5331
2026-04-08 09:38:25 [INFO] [task_scheduler.cc:137] [Task #0: main] Trial #9: GFLOPs: 91.4475. Time: 1651.1655 us. Best GFLOPs: 117.5331
2026-04-08 09:38:25 [INFO] [task_scheduler.cc:137] [Task #0: main] Trial #10: GFLOPs: 57.9450. Time: 2605.8303 us. Best GFLOPs: 117.5331
2026-04-08 09:38:25 [INFO] [task_scheduler.cc:137] [Task #0: main] Trial #11: GFLOPs: 36.0960. Time: 4183.1436 us. Best GFLOPs: 117.5331
2026-04-08 09:38:25 [INFO] [task_scheduler.cc:137] [Task #0: main] Trial #12: GFLOPs: 70.0272. Time: 2156.2325 us. Best GFLOPs: 117.5331
2026-04-08 09:38:25 [INFO] [task_scheduler.cc:137] [Task #0: main] Trial #13: GFLOPs: 64.9627. Time: 2324.3332 us. Best GFLOPs: 117.5331
2026-04-08 09:38:25 [INFO] [task_scheduler.cc:137] [Task #0: main] Trial #14: GFLOPs: 45.9018. Time: 3289.5224 us. Best GFLOPs: 117.5331
2026-04-08 09:38:25 [INFO] [task_scheduler.cc:137] [Task #0: main] Trial #15: GFLOPs: 24.7919. Time: 6090.5005 us. Best GFLOPs: 117.5331
2026-04-08 09:38:25 [INFO] [task_scheduler.cc:137] [Task #0: main] Trial #16: GFLOPs: 8.8832. Time: 16997.7780 us. Best GFLOPs: 117.5331
2026-04-08 09:38:25 [INFO] [task_scheduler.cc:137] [Task #0: main] Trial #17: GFLOPs: 5.5848. Time: 27036.9351 us. Best GFLOPs: 117.5331
2026-04-08 09:38:25 [INFO] [task_scheduler.cc:137] [Task #0: main] Trial #18: GFLOPs: 15.8199. Time: 9544.6121 us. Best GFLOPs: 117.5331
2026-04-08 09:38:25 [INFO] [task_scheduler.cc:137] [Task #0: main] Trial #19: GFLOPs: 16.2753. Time: 9277.5803 us. Best GFLOPs: 117.5331
2026-04-08 09:38:25 [INFO] [task_scheduler.cc:137] [Task #0: main] Trial #20: GFLOPs: 58.0861. Time: 2599.5004 us. Best GFLOPs: 117.5331
2026-04-08 09:38:25 [INFO] [task_scheduler.cc:137] [Task #0: main] Trial #21: GFLOPs: 18.7005. Time: 8074.3837 us. Best GFLOPs: 117.5331
2026-04-08 09:38:25 [INFO] [task_scheduler.cc:137] [Task #0: main] Trial #22: GFLOPs: 29.7452. Time: 5076.2754 us. Best GFLOPs: 117.5331
2026-04-08 09:38:25 [INFO] [task_scheduler.cc:137] [Task #0: main] Trial #23: GFLOPs: 33.2859. Time: 4536.2985 us. Best GFLOPs: 117.5331
2026-04-08 09:38:25 [INFO] [task_scheduler.cc:137] [Task #0: main] Trial #24: GFLOPs: 25.9359. Time: 5821.8592 us. Best GFLOPs: 117.5331
2026-04-08 09:38:25 [INFO] [task_scheduler.cc:137] [Task #0: main] Trial #25: GFLOPs: 66.7119. Time: 2263.3873 us. Best GFLOPs: 117.5331
2026-04-08 09:38:25 [INFO] [task_scheduler.cc:137] [Task #0: main] Trial #26: GFLOPs: 23.6057. Time: 6396.5433 us. Best GFLOPs: 117.5331
2026-04-08 09:38:25 [INFO] [task_scheduler.cc:137] [Task #0: main] Trial #27: GFLOPs: 93.3038. Time: 1618.3150 us. Best GFLOPs: 117.5331
2026-04-08 09:38:25 [INFO] [task_scheduler.cc:137] [Task #0: main] Trial #28: GFLOPs: 64.2109. Time: 2351.5484 us. Best GFLOPs: 117.5331
2026-04-08 09:38:25 [INFO] [task_scheduler.cc:137] [Task #0: main] Trial #29: GFLOPs: 88.8458. Time: 1699.5171 us. Best GFLOPs: 117.5331
2026-04-08 09:38:25 [INFO] [task_scheduler.cc:137] [Task #0: main] Trial #30: GFLOPs: 98.4462. Time: 1533.7808 us. Best GFLOPs: 117.5331
2026-04-08 09:38:25 [INFO] [task_scheduler.cc:137] [Task #0: main] Trial #31: GFLOPs: 51.4502. Time: 2934.7795 us. Best GFLOPs: 117.5331
2026-04-08 09:38:25 [INFO] [task_scheduler.cc:137] [Task #0: main] Trial #32: GFLOPs: 89.9626. Time: 1678.4193 us. Best GFLOPs: 117.5331
2026-04-08 09:38:25 [INFO] [task_scheduler.cc:137] [Task #0: main] Trial #33: GFLOPs: 20.3693. Time: 7412.8827 us. Best GFLOPs: 117.5331
2026-04-08 09:38:25 [INFO] [task_scheduler.cc:137] [Task #0: main] Trial #34: GFLOPs: 63.3793. Time: 2382.4005 us. Best GFLOPs: 117.5331
2026-04-08 09:38:25 [INFO] [task_scheduler.cc:137] [Task #0: main] Trial #35: GFLOPs: 103.7648. Time: 1455.1647 us. Best GFLOPs: 117.5331
2026-04-08 09:38:25 [INFO] [task_scheduler.cc:137] [Task #0: main] Trial #36: GFLOPs: 77.9349. Time: 1937.4505 us. Best GFLOPs: 117.5331
2026-04-08 09:38:25 [INFO] [task_scheduler.cc:137] [Task #0: main] Trial #37: GFLOPs: 17.8256. Time: 8470.6754 us. Best GFLOPs: 117.5331
2026-04-08 09:38:25 [INFO] [task_scheduler.cc:137] [Task #0: main] Trial #38: GFLOPs: 34.9366. Time: 4321.9671 us. Best GFLOPs: 117.5331
2026-04-08 09:38:25 [INFO] [task_scheduler.cc:137] [Task #0: main] Trial #39: GFLOPs: 7.5268. Time: 20060.9098 us. Best GFLOPs: 117.5331
2026-04-08 09:38:25 [INFO] [task_scheduler.cc:137] [Task #0: main] Trial #40: GFLOPs: 28.5219. Time: 5293.9949 us. Best GFLOPs: 117.5331
2026-04-08 09:38:25 [INFO] [task_scheduler.cc:137] [Task #0: main] Trial #41: GFLOPs: 76.3106. Time: 1978.6877 us. Best GFLOPs: 117.5331
2026-04-08 09:38:25 [INFO] [task_scheduler.cc:137] [Task #0: main] Trial #42: GFLOPs: 76.5610. Time: 1972.2183 us. Best GFLOPs: 117.5331
2026-04-08 09:38:25 [INFO] [task_scheduler.cc:137] [Task #0: main] Trial #43: GFLOPs: 61.3882. Time: 2459.6719 us. Best GFLOPs: 117.5331
2026-04-08 09:38:25 [INFO] [task_scheduler.cc:137] [Task #0: main] Trial #44: GFLOPs: 57.8106. Time: 2611.8922 us. Best GFLOPs: 117.5331
2026-04-08 09:38:25 [INFO] [task_scheduler.cc:137] [Task #0: main] Trial #45: GFLOPs: 73.9273. Time: 2042.4790 us. Best GFLOPs: 117.5331
2026-04-08 09:38:25 [INFO] [task_scheduler.cc:137] [Task #0: main] Trial #46: GFLOPs: 35.6957. Time: 4230.0606 us. Best GFLOPs: 117.5331
2026-04-08 09:38:25 [INFO] [task_scheduler.cc:137] [Task #0: main] Trial #47: GFLOPs: 94.7693. Time: 1593.2904 us. Best GFLOPs: 117.5331
2026-04-08 09:38:25 [INFO] [task_scheduler.cc:137] [Task #0: main] Trial #48: GFLOPs: 93.5221. Time: 1614.5384 us. Best GFLOPs: 117.5331
2026-04-08 09:38:25 [INFO] [task_scheduler.cc:137] [Task #0: main] Trial #49: GFLOPs: 21.6234. Time: 6982.9436 us. Best GFLOPs: 117.5331
2026-04-08 09:38:25 [INFO] [task_scheduler.cc:137] [Task #0: main] Trial #50: GFLOPs: 28.0174. Time: 5389.3335 us. Best GFLOPs: 117.5331
2026-04-08 09:38:25 [INFO] [task_scheduler.cc:137] [Task #0: main] Trial #51: GFLOPs: 61.9134. Time: 2438.8082 us. Best GFLOPs: 117.5331
2026-04-08 09:38:25 [INFO] [task_scheduler.cc:137] [Task #0: main] Trial #52: GFLOPs: 83.8269. Time: 1801.2697 us. Best GFLOPs: 117.5331
2026-04-08 09:38:25 [INFO] [task_scheduler.cc:137] [Task #0: main] Trial #53: GFLOPs: 84.7717. Time: 1781.1952 us. Best GFLOPs: 117.5331
2026-04-08 09:38:25 [INFO] [task_scheduler.cc:137] [Task #0: main] Trial #54: GFLOPs: 92.1793. Time: 1638.0562 us. Best GFLOPs: 117.5331
2026-04-08 09:38:25 [INFO] [task_scheduler.cc:137] [Task #0: main] Trial #55: GFLOPs: 44.6448. Time: 3382.1429 us. Best GFLOPs: 117.5331
2026-04-08 09:38:25 [INFO] [task_scheduler.cc:137] [Task #0: main] Trial #56: GFLOPs: 32.1688. Time: 4693.8337 us. Best GFLOPs: 117.5331
2026-04-08 09:38:25 [INFO] [task_scheduler.cc:137] [Task #0: main] Trial #57: GFLOPs: 20.8210. Time: 7252.0406 us. Best GFLOPs: 117.5331
2026-04-08 09:38:25 [INFO] [task_scheduler.cc:137] [Task #0: main] Trial #58: GFLOPs: 57.2546. Time: 2637.2524 us. Best GFLOPs: 117.5331
2026-04-08 09:38:25 [INFO] [task_scheduler.cc:137] [Task #0: main] Trial #59: GFLOPs: 40.5644. Time: 3722.3544 us. Best GFLOPs: 117.5331
2026-04-08 09:38:25 [INFO] [task_scheduler.cc:137] [Task #0: main] Trial #60: GFLOPs: 21.1894. Time: 7125.9675 us. Best GFLOPs: 117.5331
2026-04-08 09:38:25 [INFO] [task_scheduler.cc:137] [Task #0: main] Trial #61: GFLOPs: 31.5942. Time: 4779.2008 us. Best GFLOPs: 117.5331
2026-04-08 09:38:25 [INFO] [task_scheduler.cc:137] [Task #0: main] Trial #62: GFLOPs: 41.2097. Time: 3664.0594 us. Best GFLOPs: 117.5331
2026-04-08 09:38:25 [INFO] [task_scheduler.cc:137] [Task #0: main] Trial #63: GFLOPs: 91.4276. Time: 1651.5255 us. Best GFLOPs: 117.5331
2026-04-08 09:38:25 [INFO] [task_scheduler.cc:137] [Task #0: main] Trial #64: GFLOPs: 36.9945. Time: 4081.5471 us. Best GFLOPs: 117.5331
2026-04-08 09:38:25 [INFO] [evolutionary_search.cc:711] Generating candidates......
2026-04-08 09:38:25 [INFO] [evolutionary_search.cc:713] Picked top 122 candidate(s) from database
2026-04-08 09:38:26 [INFO] [evolutionary_search.cc:530] Sample-Init-Population summary:
Postproc #0 [meta_schedule.DisallowDynamicLoop(0x5eda4b369d48)]: 0 failure(s)
Postproc #1 [meta_schedule.RewriteParallelVectorizeUnroll(0x5eda4a6a67f8)]: 0 failure(s)
Postproc #2 [meta_schedule.RewriteReductionBlock(0x5eda4abecd78)]: 0 failure(s)
Postproc #3 [meta_schedule.RewriteLayout(0x5eda4a4e1e48)]: 0 failure(s)
2026-04-08 09:38:26 [INFO] [evolutionary_search.cc:721] Sampled 492 candidate(s)
2026-04-08 09:38:26 [INFO] [evolutionary_search.cc:619] Evolve iter #0 done. Summary:
Postproc #0 [meta_schedule.DisallowDynamicLoop(0x5eda4b369d48)]: 0 failure(s)
Postproc #1 [meta_schedule.RewriteParallelVectorizeUnroll(0x5eda4a6a67f8)]: 0 failure(s)
Postproc #2 [meta_schedule.RewriteReductionBlock(0x5eda4abecd78)]: 0 failure(s)
Postproc #3 [meta_schedule.RewriteLayout(0x5eda4a4e1e48)]: 0 failure(s)
2026-04-08 09:38:26 [INFO] [evolutionary_search.cc:619] Evolve iter #1 done. Summary:
Postproc #0 [meta_schedule.DisallowDynamicLoop(0x5eda4b369d48)]: 0 failure(s)
Postproc #1 [meta_schedule.RewriteParallelVectorizeUnroll(0x5eda4a6a67f8)]: 0 failure(s)
Postproc #2 [meta_schedule.RewriteReductionBlock(0x5eda4abecd78)]: 0 failure(s)
Postproc #3 [meta_schedule.RewriteLayout(0x5eda4a4e1e48)]: 0 failure(s)
2026-04-08 09:38:27 [INFO] [evolutionary_search.cc:619] Evolve iter #2 done. Summary:
Postproc #0 [meta_schedule.DisallowDynamicLoop(0x5eda4b369d48)]: 0 failure(s)
Postproc #1 [meta_schedule.RewriteParallelVectorizeUnroll(0x5eda4a6a67f8)]: 0 failure(s)
Postproc #2 [meta_schedule.RewriteReductionBlock(0x5eda4abecd78)]: 0 failure(s)
Postproc #3 [meta_schedule.RewriteLayout(0x5eda4a4e1e48)]: 0 failure(s)
2026-04-08 09:38:27 [INFO] [evolutionary_search.cc:619] Evolve iter #3 done. Summary:
Postproc #0 [meta_schedule.DisallowDynamicLoop(0x5eda4b369d48)]: 0 failure(s)
Postproc #1 [meta_schedule.RewriteParallelVectorizeUnroll(0x5eda4a6a67f8)]: 0 failure(s)
Postproc #2 [meta_schedule.RewriteReductionBlock(0x5eda4abecd78)]: 0 failure(s)
Postproc #3 [meta_schedule.RewriteLayout(0x5eda4a4e1e48)]: 0 failure(s)
2026-04-08 09:38:27 [INFO] [evolutionary_search.cc:647] Scores of the best 64 candidates:
[1 : 16]:	0.9999  0.9997  0.9997  0.9993  0.9991  0.9985  0.9985  0.9982  0.9979  0.9967  0.9966  0.9965  0.9956  0.9946  0.9945  0.9938
[17 : 32]:	0.9934  0.9932  0.9932  0.9930  0.9928  0.9928  0.9927  0.9926  0.9925  0.9919  0.9911  0.9910  0.9910  0.9904  0.9903  0.9903
[33 : 48]:	0.9900  0.9895  0.9893  0.9892  0.9883  0.9871  0.9869  0.9865  0.9863  0.9855  0.9850  0.9848  0.9842  0.9839  0.9839  0.9828
[49 : 64]:	0.9826  0.9821  0.9818  0.9818  0.9814  0.9811  0.9810  0.9805  0.9802  0.9801  0.9792  0.9789  0.9776  0.9776  0.9771  0.9767
2026-04-08 09:38:27 [INFO] [evolutionary_search.cc:725] Got 64 candidate(s) with evolutionary search
2026-04-08 09:38:27 [INFO] [evolutionary_search.cc:728] Sending 64 candidates(s) for measurement
2026-04-08 09:38:55 [INFO] [task_scheduler.cc:137] [Task #0: main] Trial #65: GFLOPs: 103.0405. Time: 1465.3942 us. Best GFLOPs: 117.5331
2026-04-08 09:38:55 [INFO] [task_scheduler.cc:137] [Task #0: main] Trial #66: GFLOPs: 47.5499. Time: 3175.5041 us. Best GFLOPs: 117.5331
2026-04-08 09:38:55 [INFO] [task_scheduler.cc:137] [Task #0: main] Trial #67: GFLOPs: 108.7565. Time: 1388.3757 us. Best GFLOPs: 117.5331
2026-04-08 09:38:55 [INFO] [task_scheduler.cc:137] [Task #0: main] Trial #68: GFLOPs: 9.8774. Time: 15286.9853 us. Best GFLOPs: 117.5331
2026-04-08 09:38:55 [INFO] [task_scheduler.cc:137] [Task #0: main] Trial #69: GFLOPs: 35.5881. Time: 4242.8453 us. Best GFLOPs: 117.5331
2026-04-08 09:38:55 [INFO] [task_scheduler.cc:137] [Task #0: main] Trial #70: GFLOPs: 42.7846. Time: 3529.1917 us. Best GFLOPs: 117.5331
2026-04-08 09:38:55 [INFO] [task_scheduler.cc:137] [Task #0: main] Trial #71: GFLOPs: 75.0552. Time: 2011.7846 us. Best GFLOPs: 117.5331
2026-04-08 09:38:55 [INFO] [task_scheduler.cc:137] [Task #0: main] Trial #72: GFLOPs: 22.2673. Time: 6781.0149 us. Best GFLOPs: 117.5331
2026-04-08 09:38:55 [INFO] [task_scheduler.cc:137] [Task #0: main] Trial #73: GFLOPs: 82.3521. Time: 1833.5296 us. Best GFLOPs: 117.5331
2026-04-08 09:38:55 [INFO] [task_scheduler.cc:137] [Task #0: main] Trial #74: GFLOPs: 58.2616. Time: 2591.6719 us. Best GFLOPs: 117.5331
2026-04-08 09:38:55 [INFO] [task_scheduler.cc:137] [Task #0: main] Trial #75: GFLOPs: 17.4758. Time: 8640.2310 us. Best GFLOPs: 117.5331
2026-04-08 09:38:55 [INFO] [task_scheduler.cc:137] [Task #0: main] Trial #76: GFLOPs: 76.4588. Time: 1974.8532 us. Best GFLOPs: 117.5331
2026-04-08 09:38:55 [INFO] [task_scheduler.cc:137] [Task #0: main] Trial #77: GFLOPs: 67.8776. Time: 2224.5196 us. Best GFLOPs: 117.5331
2026-04-08 09:38:55 [INFO] [task_scheduler.cc:137] [Task #0: main] Trial #78: GFLOPs: 21.1083. Time: 7153.3288 us. Best GFLOPs: 117.5331
2026-04-08 09:38:55 [INFO] [task_scheduler.cc:137] [Task #0: main] Trial #79: GFLOPs: 5.3839. Time: 28045.5082 us. Best GFLOPs: 117.5331
2026-04-08 09:38:55 [INFO] [task_scheduler.cc:137] [Task #0: main] Trial #80: GFLOPs: 18.2071. Time: 8293.1909 us. Best GFLOPs: 117.5331
2026-04-08 09:38:55 [INFO] [task_scheduler.cc:137] [Task #0: main] Trial #81: GFLOPs: 75.5509. Time: 1998.5845 us. Best GFLOPs: 117.5331
2026-04-08 09:38:55 [INFO] [task_scheduler.cc:137] [Task #0: main] Trial #82: GFLOPs: 18.8049. Time: 8029.5576 us. Best GFLOPs: 117.5331
2026-04-08 09:38:55 [INFO] [task_scheduler.cc:137] [Task #0: main] Trial #83: GFLOPs: 88.5633. Time: 1704.9390 us. Best GFLOPs: 117.5331
2026-04-08 09:38:55 [INFO] [task_scheduler.cc:137] [Task #0: main] Trial #84: GFLOPs: 83.1593. Time: 1815.7305 us. Best GFLOPs: 117.5331
2026-04-08 09:38:55 [INFO] [task_scheduler.cc:137] [Task #0: main] Trial #85: GFLOPs: 63.4266. Time: 2380.6261 us. Best GFLOPs: 117.5331
2026-04-08 09:38:55 [INFO] [task_scheduler.cc:137] [Task #0: main] Trial #86: GFLOPs: 6.7221. Time: 22462.4124 us. Best GFLOPs: 117.5331
2026-04-08 09:38:55 [INFO] [task_scheduler.cc:137] [Task #0: main] Trial #87: GFLOPs: 85.9078. Time: 1757.6405 us. Best GFLOPs: 117.5331
2026-04-08 09:38:55 [INFO] [task_scheduler.cc:137] [Task #0: main] Trial #88: GFLOPs: 32.7864. Time: 4605.4190 us. Best GFLOPs: 117.5331
2026-04-08 09:38:55 [INFO] [task_scheduler.cc:137] [Task #0: main] Trial #89: GFLOPs: 32.9148. Time: 4587.4449 us. Best GFLOPs: 117.5331
2026-04-08 09:38:55 [INFO] [task_scheduler.cc:137] [Task #0: main] Trial #90: GFLOPs: 2.6894. Time: 56145.2456 us. Best GFLOPs: 117.5331
2026-04-08 09:38:55 [INFO] [task_scheduler.cc:137] [Task #0: main] Trial #91: GFLOPs: 48.7911. Time: 3094.7235 us. Best GFLOPs: 117.5331
2026-04-08 09:38:55 [INFO] [task_scheduler.cc:137] [Task #0: main] Trial #92: GFLOPs: 23.6724. Time: 6378.5186 us. Best GFLOPs: 117.5331
2026-04-08 09:38:55 [INFO] [task_scheduler.cc:137] [Task #0: main] Trial #93: GFLOPs: 22.5254. Time: 6703.3105 us. Best GFLOPs: 117.5331
2026-04-08 09:38:55 [INFO] [task_scheduler.cc:137] [Task #0: main] Trial #94: GFLOPs: 23.2122. Time: 6504.9789 us. Best GFLOPs: 117.5331
2026-04-08 09:38:55 [INFO] [task_scheduler.cc:137] [Task #0: main] Trial #95: GFLOPs: 76.3129. Time: 1978.6302 us. Best GFLOPs: 117.5331
2026-04-08 09:38:55 [INFO] [task_scheduler.cc:137] [Task #0: main] Trial #96: GFLOPs: 79.6883. Time: 1894.8205 us. Best GFLOPs: 117.5331
2026-04-08 09:38:55 [INFO] [task_scheduler.cc:137] [Task #0: main] Trial #97: GFLOPs: 104.3426. Time: 1447.1071 us. Best GFLOPs: 117.5331
2026-04-08 09:38:55 [INFO] [task_scheduler.cc:137] [Task #0: main] Trial #98: GFLOPs: 58.1350. Time: 2597.3175 us. Best GFLOPs: 117.5331
2026-04-08 09:38:55 [INFO] [task_scheduler.cc:137] [Task #0: main] Trial #99: GFLOPs: 18.5653. Time: 8133.1715 us. Best GFLOPs: 117.5331
2026-04-08 09:38:55 [INFO] [task_scheduler.cc:137] [Task #0: main] Trial #100: GFLOPs: 17.8739. Time: 8447.7796 us. Best GFLOPs: 117.5331
2026-04-08 09:38:55 [INFO] [task_scheduler.cc:137] [Task #0: main] Trial #101: GFLOPs: 84.8595. Time: 1779.3517 us. Best GFLOPs: 117.5331
2026-04-08 09:38:55 [INFO] [task_scheduler.cc:137] [Task #0: main] Trial #102: GFLOPs: 82.6567. Time: 1826.7728 us. Best GFLOPs: 117.5331
2026-04-08 09:38:55 [INFO] [task_scheduler.cc:137] [Task #0: main] Trial #103: GFLOPs: 43.3113. Time: 3486.2716 us. Best GFLOPs: 117.5331
2026-04-08 09:38:55 [INFO] [task_scheduler.cc:137] [Task #0: main] Trial #104: GFLOPs: 24.0201. Time: 6286.1804 us. Best GFLOPs: 117.5331
2026-04-08 09:38:55 [INFO] [task_scheduler.cc:137] [Task #0: main] Trial #105: GFLOPs: 35.2820. Time: 4279.6637 us. Best GFLOPs: 117.5331
2026-04-08 09:38:55 [INFO] [task_scheduler.cc:137] [Task #0: main] Trial #106: GFLOPs: 66.5003. Time: 2270.5916 us. Best GFLOPs: 117.5331
2026-04-08 09:38:55 [INFO] [task_scheduler.cc:137] [Task #0: main] Trial #107: GFLOPs: 31.0217. Time: 4867.4007 us. Best GFLOPs: 117.5331
2026-04-08 09:38:55 [INFO] [task_scheduler.cc:137] [Task #0: main] Trial #108: GFLOPs: 72.9122. Time: 2070.9142 us. Best GFLOPs: 117.5331
2026-04-08 09:38:55 [INFO] [task_scheduler.cc:137] [Task #0: main] Trial #109: GFLOPs: 23.8258. Time: 6337.4442 us. Best GFLOPs: 117.5331
2026-04-08 09:38:55 [INFO] [task_scheduler.cc:137] [Task #0: main] Trial #110: GFLOPs: 40.7110. Time: 3708.9487 us. Best GFLOPs: 117.5331
2026-04-08 09:38:55 [INFO] [task_scheduler.cc:137] [Task #0: main] Trial #111: GFLOPs: 89.6818. Time: 1683.6740 us. Best GFLOPs: 117.5331
2026-04-08 09:38:55 [INFO] [task_scheduler.cc:137] [Task #0: main] Trial #112: GFLOPs: 79.2519. Time: 1905.2531 us. Best GFLOPs: 117.5331
2026-04-08 09:38:55 [INFO] [task_scheduler.cc:137] [Task #0: main] Trial #113: GFLOPs: 28.9546. Time: 5214.8782 us. Best GFLOPs: 117.5331
2026-04-08 09:38:55 [INFO] [task_scheduler.cc:137] [Task #0: main] Trial #114: GFLOPs: 66.7405. Time: 2262.4181 us. Best GFLOPs: 117.5331
2026-04-08 09:38:55 [INFO] [task_scheduler.cc:137] [Task #0: main] Trial #115: GFLOPs: 88.6804. Time: 1702.6861 us. Best GFLOPs: 117.5331
2026-04-08 09:38:55 [INFO] [task_scheduler.cc:137] [Task #0: main] Trial #116: GFLOPs: 33.2732. Time: 4538.0350 us. Best GFLOPs: 117.5331
2026-04-08 09:38:55 [INFO] [task_scheduler.cc:137] [Task #0: main] Trial #117: GFLOPs: 33.9934. Time: 4441.8875 us. Best GFLOPs: 117.5331
2026-04-08 09:38:55 [INFO] [task_scheduler.cc:137] [Task #0: main] Trial #118: GFLOPs: 69.1147. Time: 2184.7020 us. Best GFLOPs: 117.5331
2026-04-08 09:38:55 [INFO] [task_scheduler.cc:137] [Task #0: main] Trial #119: GFLOPs: 89.6555. Time: 1684.1686 us. Best GFLOPs: 117.5331
2026-04-08 09:38:55 [INFO] [task_scheduler.cc:137] [Task #0: main] Trial #120: GFLOPs: 20.1082. Time: 7509.1176 us. Best GFLOPs: 117.5331
2026-04-08 09:38:55 [INFO] [task_scheduler.cc:137] [Task #0: main] Trial #121: GFLOPs: 56.8117. Time: 2657.8141 us. Best GFLOPs: 117.5331
2026-04-08 09:38:55 [INFO] [task_scheduler.cc:137] [Task #0: main] Trial #122: GFLOPs: 86.3358. Time: 1748.9260 us. Best GFLOPs: 117.5331
2026-04-08 09:38:55 [INFO] [task_scheduler.cc:137] [Task #0: main] Trial #123: GFLOPs: 81.7153. Time: 1847.8178 us. Best GFLOPs: 117.5331
2026-04-08 09:38:55 [INFO] [task_scheduler.cc:137] [Task #0: main] Trial #124: GFLOPs: 71.8523. Time: 2101.4639 us. Best GFLOPs: 117.5331
2026-04-08 09:38:55 [INFO] [task_scheduler.cc:137] [Task #0: main] Trial #125: GFLOPs: 39.0606. Time: 3865.6538 us. Best GFLOPs: 117.5331
2026-04-08 09:38:55 [INFO] [task_scheduler.cc:137] [Task #0: main] Trial #126: GFLOPs: 45.6379. Time: 3308.5449 us. Best GFLOPs: 117.5331
2026-04-08 09:38:55 [INFO] [task_scheduler.cc:137] [Task #0: main] Trial #127: GFLOPs: 86.8313. Time: 1738.9459 us. Best GFLOPs: 117.5331
2026-04-08 09:38:55 [INFO] [task_scheduler.cc:137] [Task #0: main] Trial #128: GFLOPs: 71.7700. Time: 2103.8728 us. Best GFLOPs: 117.5331
2026-04-08 09:38:55 [INFO] [evolutionary_search.cc:711] Generating candidates......
2026-04-08 09:38:55 [INFO] [evolutionary_search.cc:713] Picked top 122 candidate(s) from database
2026-04-08 09:38:56 [INFO] [evolutionary_search.cc:530] Sample-Init-Population summary:
Postproc #0 [meta_schedule.DisallowDynamicLoop(0x5eda4b369d48)]: 0 failure(s)
Postproc #1 [meta_schedule.RewriteParallelVectorizeUnroll(0x5eda4a6a67f8)]: 0 failure(s)
Postproc #2 [meta_schedule.RewriteReductionBlock(0x5eda4abecd78)]: 0 failure(s)
Postproc #3 [meta_schedule.RewriteLayout(0x5eda4a4e1e48)]: 0 failure(s)
2026-04-08 09:38:56 [INFO] [evolutionary_search.cc:721] Sampled 492 candidate(s)
2026-04-08 09:38:57 [INFO] [evolutionary_search.cc:619] Evolve iter #0 done. Summary:
Postproc #0 [meta_schedule.DisallowDynamicLoop(0x5eda4b369d48)]: 0 failure(s)
Postproc #1 [meta_schedule.RewriteParallelVectorizeUnroll(0x5eda4a6a67f8)]: 0 failure(s)
Postproc #2 [meta_schedule.RewriteReductionBlock(0x5eda4abecd78)]: 0 failure(s)
Postproc #3 [meta_schedule.RewriteLayout(0x5eda4a4e1e48)]: 0 failure(s)
2026-04-08 09:38:58 [INFO] [evolutionary_search.cc:619] Evolve iter #1 done. Summary:
Postproc #0 [meta_schedule.DisallowDynamicLoop(0x5eda4b369d48)]: 0 failure(s)
Postproc #1 [meta_schedule.RewriteParallelVectorizeUnroll(0x5eda4a6a67f8)]: 0 failure(s)
Postproc #2 [meta_schedule.RewriteReductionBlock(0x5eda4abecd78)]: 0 failure(s)
Postproc #3 [meta_schedule.RewriteLayout(0x5eda4a4e1e48)]: 0 failure(s)
2026-04-08 09:38:59 [INFO] [evolutionary_search.cc:619] Evolve iter #2 done. Summary:
Postproc #0 [meta_schedule.DisallowDynamicLoop(0x5eda4b369d48)]: 0 failure(s)
Postproc #1 [meta_schedule.RewriteParallelVectorizeUnroll(0x5eda4a6a67f8)]: 0 failure(s)
Postproc #2 [meta_schedule.RewriteReductionBlock(0x5eda4abecd78)]: 0 failure(s)
Postproc #3 [meta_schedule.RewriteLayout(0x5eda4a4e1e48)]: 0 failure(s)
2026-04-08 09:39:00 [INFO] [evolutionary_search.cc:619] Evolve iter #3 done. Summary:
Postproc #0 [meta_schedule.DisallowDynamicLoop(0x5eda4b369d48)]: 0 failure(s)
Postproc #1 [meta_schedule.RewriteParallelVectorizeUnroll(0x5eda4a6a67f8)]: 0 failure(s)
Postproc #2 [meta_schedule.RewriteReductionBlock(0x5eda4abecd78)]: 0 failure(s)
Postproc #3 [meta_schedule.RewriteLayout(0x5eda4a4e1e48)]: 0 failure(s)
2026-04-08 09:39:01 [INFO] [evolutionary_search.cc:647] Scores of the best 64 candidates:
[1 : 16]:	0.8990  0.8578  0.8538  0.8462  0.8369  0.8363  0.8357  0.8353  0.8328  0.8301  0.8301  0.8301  0.8294  0.8291  0.8286  0.8286
[17 : 32]:	0.8286  0.8286  0.8286  0.8286  0.8286  0.8279  0.8277  0.8268  0.8268  0.8268  0.8268  0.8268  0.8265  0.8265  0.8253  0.8239
[33 : 48]:	0.8239  0.8239  0.8239  0.8236  0.8224  0.8224  0.8224  0.8212  0.8206  0.8206  0.8206  0.8206  0.8206  0.8206  0.8191  0.8180
[49 : 64]:	0.8169  0.8168  0.8134  0.8133  0.8133  0.8130  0.8127  0.8127  0.8127  0.8127  0.8127  0.8127  0.8127  0.8127  0.8127  0.8108
2026-04-08 09:39:01 [INFO] [evolutionary_search.cc:725] Got 64 candidate(s) with evolutionary search
2026-04-08 09:39:01 [INFO] [evolutionary_search.cc:728] Sending 64 candidates(s) for measurement
2026-04-08 09:39:30 [INFO] [task_scheduler.cc:137] [Task #0: main] Trial #129: GFLOPs: 104.7948. Time: 1440.8626 us. Best GFLOPs: 117.5331
2026-04-08 09:39:30 [INFO] [task_scheduler.cc:137] [Task #0: main] Trial #130: GFLOPs: 8.4826. Time: 17800.5619 us. Best GFLOPs: 117.5331
2026-04-08 09:39:30 [INFO] [task_scheduler.cc:137] [Task #0: main] Trial #131: GFLOPs: 98.8881. Time: 1526.9277 us. Best GFLOPs: 117.5331
2026-04-08 09:39:30 [INFO] [task_scheduler.cc:137] [Task #0: main] Trial #132: GFLOPs: 66.7328. Time: 2262.6795 us. Best GFLOPs: 117.5331
2026-04-08 09:39:30 [INFO] [task_scheduler.cc:137] [Task #0: main] Trial #133: GFLOPs: 67.4806. Time: 2237.6059 us. Best GFLOPs: 117.5331
2026-04-08 09:39:30 [INFO] [task_scheduler.cc:137] [Task #0: main] Trial #134: GFLOPs: 63.2363. Time: 2387.7894 us. Best GFLOPs: 117.5331
2026-04-08 09:39:30 [INFO] [task_scheduler.cc:137] [Task #0: main] Trial #135: GFLOPs: 76.1651. Time: 1982.4692 us. Best GFLOPs: 117.5331
2026-04-08 09:39:30 [INFO] [task_scheduler.cc:137] [Task #0: main] Trial #136: GFLOPs: 79.4953. Time: 1899.4198 us. Best GFLOPs: 117.5331
2026-04-08 09:39:30 [INFO] [task_scheduler.cc:137] [Task #0: main] Trial #137: GFLOPs: 76.9358. Time: 1962.6101 us. Best GFLOPs: 117.5331
2026-04-08 09:39:30 [INFO] [task_scheduler.cc:137] [Task #0: main] Trial #138: GFLOPs: 39.3005. Time: 3842.0608 us. Best GFLOPs: 117.5331
2026-04-08 09:39:30 [INFO] [task_scheduler.cc:137] [Task #0: main] Trial #139: GFLOPs: 71.9891. Time: 2097.4695 us. Best GFLOPs: 117.5331
2026-04-08 09:39:30 [INFO] [task_scheduler.cc:137] [Task #0: main] Trial #140: GFLOPs: 86.5756. Time: 1744.0817 us. Best GFLOPs: 117.5331
2026-04-08 09:39:30 [INFO] [task_scheduler.cc:137] [Task #0: main] Trial #141: GFLOPs: 88.1395. Time: 1713.1351 us. Best GFLOPs: 117.5331
2026-04-08 09:39:30 [INFO] [task_scheduler.cc:137] [Task #0: main] Trial #142: GFLOPs: 70.1592. Time: 2152.1754 us. Best GFLOPs: 117.5331
2026-04-08 09:39:30 [INFO] [task_scheduler.cc:137] [Task #0: main] Trial #143: GFLOPs: 88.9759. Time: 1697.0316 us. Best GFLOPs: 117.5331
2026-04-08 09:39:30 [INFO] [task_scheduler.cc:137] [Task #0: main] Trial #144: GFLOPs: 98.4045. Time: 1534.4319 us. Best GFLOPs: 117.5331
2026-04-08 09:39:30 [INFO] [task_scheduler.cc:137] [Task #0: main] Trial #145: GFLOPs: 55.8595. Time: 2703.1183 us. Best GFLOPs: 117.5331
2026-04-08 09:39:30 [INFO] [task_scheduler.cc:137] [Task #0: main] Trial #146: GFLOPs: 83.6147. Time: 1805.8413 us. Best GFLOPs: 117.5331
2026-04-08 09:39:30 [INFO] [task_scheduler.cc:137] [Task #0: main] Trial #147: GFLOPs: 78.7109. Time: 1918.3485 us. Best GFLOPs: 117.5331
2026-04-08 09:39:30 [INFO] [task_scheduler.cc:137] [Task #0: main] Trial #148: GFLOPs: 95.2820. Time: 1584.7164 us. Best GFLOPs: 117.5331
2026-04-08 09:39:30 [INFO] [task_scheduler.cc:137] [Task #0: main] Trial #149: GFLOPs: 108.9995. Time: 1385.2812 us. Best GFLOPs: 117.5331
2026-04-08 09:39:30 [INFO] [task_scheduler.cc:137] [Task #0: main] Trial #150: GFLOPs: 98.5642. Time: 1531.9449 us. Best GFLOPs: 117.5331
2026-04-08 09:39:30 [INFO] [task_scheduler.cc:137] [Task #0: main] Trial #151: GFLOPs: 90.0646. Time: 1676.5175 us. Best GFLOPs: 117.5331
2026-04-08 09:39:30 [INFO] [task_scheduler.cc:137] [Task #0: main] Trial #152: GFLOPs: 96.2608. Time: 1568.6032 us. Best GFLOPs: 117.5331
2026-04-08 09:39:30 [INFO] [task_scheduler.cc:137] [Task #0: main] Trial #153: GFLOPs: 97.9982. Time: 1540.7937 us. Best GFLOPs: 117.5331
2026-04-08 09:39:30 [INFO] [task_scheduler.cc:137] [Task #0: main] Trial #154: GFLOPs: 94.6096. Time: 1595.9794 us. Best GFLOPs: 117.5331
2026-04-08 09:39:30 [INFO] [task_scheduler.cc:137] [Task #0: main] Trial #155: GFLOPs: 94.1196. Time: 1604.2878 us. Best GFLOPs: 117.5331
2026-04-08 09:39:30 [INFO] [task_scheduler.cc:137] [Task #0: main] Trial #156: GFLOPs: 76.2260. Time: 1980.8862 us. Best GFLOPs: 117.5331
2026-04-08 09:39:30 [INFO] [task_scheduler.cc:137] [Task #0: main] Trial #157: GFLOPs: 87.1585. Time: 1732.4179 us. Best GFLOPs: 117.5331
2026-04-08 09:39:30 [INFO] [task_scheduler.cc:137] [Task #0: main] Trial #158: GFLOPs: 101.2480. Time: 1491.3373 us. Best GFLOPs: 117.5331
2026-04-08 09:39:30 [INFO] [task_scheduler.cc:137] [Task #0: main] Trial #159: GFLOPs: 101.8109. Time: 1483.0915 us. Best GFLOPs: 117.5331
2026-04-08 09:39:30 [INFO] [task_scheduler.cc:137] [Task #0: main] Trial #160: GFLOPs: 92.6470. Time: 1629.7874 us. Best GFLOPs: 117.5331
2026-04-08 09:39:30 [INFO] [task_scheduler.cc:137] [Task #0: main] Trial #161: GFLOPs: 89.4516. Time: 1688.0076 us. Best GFLOPs: 117.5331
2026-04-08 09:39:30 [INFO] [task_scheduler.cc:137] [Task #0: main] Trial #162: GFLOPs: 96.5079. Time: 1564.5866 us. Best GFLOPs: 117.5331
2026-04-08 09:39:30 [INFO] [task_scheduler.cc:137] [Task #0: main] Trial #163: GFLOPs: 101.7775. Time: 1483.5791 us. Best GFLOPs: 117.5331
2026-04-08 09:39:30 [INFO] [task_scheduler.cc:137] [Task #0: main] Trial #164: GFLOPs: 87.9890. Time: 1716.0660 us. Best GFLOPs: 117.5331
2026-04-08 09:39:30 [INFO] [task_scheduler.cc:137] [Task #0: main] Trial #165: GFLOPs: 87.5639. Time: 1724.3981 us. Best GFLOPs: 117.5331
2026-04-08 09:39:30 [INFO] [task_scheduler.cc:137] [Task #0: main] Trial #166: GFLOPs: 79.7818. Time: 1892.5998 us. Best GFLOPs: 117.5331
2026-04-08 09:39:30 [INFO] [task_scheduler.cc:137] [Task #0: main] Trial #167: GFLOPs: 90.2436. Time: 1673.1932 us. Best GFLOPs: 117.5331
2026-04-08 09:39:30 [INFO] [task_scheduler.cc:137] [Task #0: main] Trial #168: GFLOPs: 36.4770. Time: 4139.4567 us. Best GFLOPs: 117.5331
2026-04-08 09:39:30 [INFO] [task_scheduler.cc:137] [Task #0: main] Trial #169: GFLOPs: 99.0204. Time: 1524.8871 us. Best GFLOPs: 117.5331
2026-04-08 09:39:30 [INFO] [task_scheduler.cc:137] [Task #0: main] Trial #170: GFLOPs: 83.2738. Time: 1813.2349 us. Best GFLOPs: 117.5331
2026-04-08 09:39:30 [INFO] [task_scheduler.cc:137] [Task #0: main] Trial #171: GFLOPs: 91.1104. Time: 1657.2752 us. Best GFLOPs: 117.5331
2026-04-08 09:39:30 [INFO] [task_scheduler.cc:137] [Task #0: main] Trial #172: GFLOPs: 91.5863. Time: 1648.6630 us. Best GFLOPs: 117.5331
2026-04-08 09:39:30 [INFO] [task_scheduler.cc:137] [Task #0: main] Trial #173: GFLOPs: 72.6977. Time: 2077.0240 us. Best GFLOPs: 117.5331
2026-04-08 09:39:30 [INFO] [task_scheduler.cc:137] [Task #0: main] Trial #174: GFLOPs: 86.1643. Time: 1752.4069 us. Best GFLOPs: 117.5331
2026-04-08 09:39:30 [INFO] [task_scheduler.cc:137] [Task #0: main] Trial #175: GFLOPs: 98.7725. Time: 1528.7138 us. Best GFLOPs: 117.5331
2026-04-08 09:39:30 [INFO] [task_scheduler.cc:137] [Task #0: main] Trial #176: GFLOPs: 110.7136. Time: 1363.8332 us. Best GFLOPs: 117.5331
2026-04-08 09:39:30 [INFO] [task_scheduler.cc:137] [Task #0: main] Trial #177: GFLOPs: 111.1666. Time: 1358.2761 us. Best GFLOPs: 117.5331
2026-04-08 09:39:30 [INFO] [task_scheduler.cc:137] [Task #0: main] Trial #178: GFLOPs: 76.6536. Time: 1969.8358 us. Best GFLOPs: 117.5331
2026-04-08 09:39:30 [INFO] [task_scheduler.cc:137] [Task #0: main] Trial #179: GFLOPs: 105.9013. Time: 1425.8087 us. Best GFLOPs: 117.5331
2026-04-08 09:39:30 [INFO] [task_scheduler.cc:137] [Task #0: main] Trial #180: GFLOPs: 90.0242. Time: 1677.2710 us. Best GFLOPs: 117.5331
2026-04-08 09:39:30 [INFO] [task_scheduler.cc:137] [Task #0: main] Trial #181: GFLOPs: 92.8482. Time: 1626.2562 us. Best GFLOPs: 117.5331
2026-04-08 09:39:30 [INFO] [task_scheduler.cc:137] [Task #0: main] Trial #182: GFLOPs: 97.0156. Time: 1556.3982 us. Best GFLOPs: 117.5331
2026-04-08 09:39:30 [INFO] [task_scheduler.cc:137] [Task #0: main] Trial #183: GFLOPs: 108.9327. Time: 1386.1308 us. Best GFLOPs: 117.5331
2026-04-08 09:39:30 [INFO] [task_scheduler.cc:137] [Task #0: main] Trial #184: GFLOPs: 102.9680. Time: 1466.4265 us. Best GFLOPs: 117.5331
2026-04-08 09:39:30 [INFO] [task_scheduler.cc:137] [Task #0: main] Trial #185: GFLOPs: 108.4719. Time: 1392.0187 us. Best GFLOPs: 117.5331
2026-04-08 09:39:30 [INFO] [task_scheduler.cc:137] [Task #0: main] Trial #186: GFLOPs: 100.1561. Time: 1507.5968 us. Best GFLOPs: 117.5331
2026-04-08 09:39:30 [INFO] [task_scheduler.cc:137] [Task #0: main] Trial #187: GFLOPs: 99.1000. Time: 1523.6629 us. Best GFLOPs: 117.5331
2026-04-08 09:39:30 [INFO] [task_scheduler.cc:137] [Task #0: main] Trial #188: GFLOPs: 102.0729. Time: 1479.2851 us. Best GFLOPs: 117.5331
2026-04-08 09:39:30 [INFO] [task_scheduler.cc:137] [Task #0: main] Trial #189: GFLOPs: 109.1003. Time: 1384.0013 us. Best GFLOPs: 117.5331
2026-04-08 09:39:30 [INFO] [task_scheduler.cc:137] [Task #0: main] Trial #190: GFLOPs: 25.5694. Time: 5905.2991 us. Best GFLOPs: 117.5331
2026-04-08 09:39:30 [INFO] [task_scheduler.cc:137] [Task #0: main] Trial #191: GFLOPs: 38.7022. Time: 3901.4558 us. Best GFLOPs: 117.5331
2026-04-08 09:39:30 [INFO] [task_scheduler.cc:137] [Task #0: main] Trial #192: GFLOPs: 72.5996. Time: 2079.8314 us. Best GFLOPs: 117.5331
2026-04-08 09:39:30 [INFO] [evolutionary_search.cc:711] Generating candidates......
2026-04-08 09:39:30 [INFO] [evolutionary_search.cc:713] Picked top 122 candidate(s) from database
2026-04-08 09:39:30 [INFO] [evolutionary_search.cc:530] Sample-Init-Population summary:
Postproc #0 [meta_schedule.DisallowDynamicLoop(0x5eda4b369d48)]: 0 failure(s)
Postproc #1 [meta_schedule.RewriteParallelVectorizeUnroll(0x5eda4a6a67f8)]: 0 failure(s)
Postproc #2 [meta_schedule.RewriteReductionBlock(0x5eda4abecd78)]: 0 failure(s)
Postproc #3 [meta_schedule.RewriteLayout(0x5eda4a4e1e48)]: 0 failure(s)
2026-04-08 09:39:30 [INFO] [evolutionary_search.cc:721] Sampled 492 candidate(s)
2026-04-08 09:39:31 [INFO] [evolutionary_search.cc:619] Evolve iter #0 done. Summary:
Postproc #0 [meta_schedule.DisallowDynamicLoop(0x5eda4b369d48)]: 0 failure(s)
Postproc #1 [meta_schedule.RewriteParallelVectorizeUnroll(0x5eda4a6a67f8)]: 0 failure(s)
Postproc #2 [meta_schedule.RewriteReductionBlock(0x5eda4abecd78)]: 0 failure(s)
Postproc #3 [meta_schedule.RewriteLayout(0x5eda4a4e1e48)]: 0 failure(s)
2026-04-08 09:39:32 [INFO] [evolutionary_search.cc:619] Evolve iter #1 done. Summary:
Postproc #0 [meta_schedule.DisallowDynamicLoop(0x5eda4b369d48)]: 0 failure(s)
Postproc #1 [meta_schedule.RewriteParallelVectorizeUnroll(0x5eda4a6a67f8)]: 0 failure(s)
Postproc #2 [meta_schedule.RewriteReductionBlock(0x5eda4abecd78)]: 0 failure(s)
Postproc #3 [meta_schedule.RewriteLayout(0x5eda4a4e1e48)]: 0 failure(s)
2026-04-08 09:39:33 [INFO] [evolutionary_search.cc:619] Evolve iter #2 done. Summary:
Postproc #0 [meta_schedule.DisallowDynamicLoop(0x5eda4b369d48)]: 0 failure(s)
Postproc #1 [meta_schedule.RewriteParallelVectorizeUnroll(0x5eda4a6a67f8)]: 0 failure(s)
Postproc #2 [meta_schedule.RewriteReductionBlock(0x5eda4abecd78)]: 0 failure(s)
Postproc #3 [meta_schedule.RewriteLayout(0x5eda4a4e1e48)]: 0 failure(s)
2026-04-08 09:39:34 [INFO] [evolutionary_search.cc:619] Evolve iter #3 done. Summary:
Postproc #0 [meta_schedule.DisallowDynamicLoop(0x5eda4b369d48)]: 0 failure(s)
Postproc #1 [meta_schedule.RewriteParallelVectorizeUnroll(0x5eda4a6a67f8)]: 0 failure(s)
Postproc #2 [meta_schedule.RewriteReductionBlock(0x5eda4abecd78)]: 0 failure(s)
Postproc #3 [meta_schedule.RewriteLayout(0x5eda4a4e1e48)]: 0 failure(s)
2026-04-08 09:39:35 [INFO] [evolutionary_search.cc:647] Scores of the best 64 candidates:
[1 : 16]:	0.9717  0.9405  0.9148  0.9144  0.9046  0.8848  0.8843  0.8833  0.8807  0.8777  0.8698  0.8694  0.8662  0.8646  0.8627  0.8551
[17 : 32]:	0.8539  0.8539  0.8506  0.8494  0.8494  0.8490  0.8490  0.8473  0.8472  0.8446  0.8437  0.8437  0.8422  0.8420  0.8414  0.8398
[33 : 48]:	0.8382  0.8371  0.8353  0.8353  0.8323  0.8306  0.8280  0.8280  0.8278  0.8251  0.8251  0.8238  0.8230  0.8229  0.8229  0.8198
[49 : 64]:	0.8188  0.8185  0.8174  0.8163  0.8153  0.8153  0.8122  0.8118  0.8118  0.8118  0.8115  0.8107  0.8106  0.8103  0.8090  0.8080
2026-04-08 09:39:35 [INFO] [evolutionary_search.cc:725] Got 64 candidate(s) with evolutionary search
2026-04-08 09:39:35 [INFO] [evolutionary_search.cc:728] Sending 64 candidates(s) for measurement
2026-04-08 09:40:09 [INFO] [task_scheduler.cc:137] [Task #0: main] Trial #193: GFLOPs: 58.4953. Time: 2581.3179 us. Best GFLOPs: 117.5331
2026-04-08 09:40:09 [INFO] [task_scheduler.cc:137] [Task #0: main] Trial #194: GFLOPs: 105.9941. Time: 1424.5602 us. Best GFLOPs: 117.5331
2026-04-08 09:40:09 [INFO] [task_scheduler.cc:137] [Task #0: main] Trial #195: GFLOPs: 94.7716. Time: 1593.2503 us. Best GFLOPs: 117.5331
2026-04-08 09:40:09 [INFO] [task_scheduler.cc:137] [Task #0: main] Trial #196: GFLOPs: 73.2844. Time: 2060.3954 us. Best GFLOPs: 117.5331
2026-04-08 09:40:09 [INFO] [task_scheduler.cc:137] [Task #0: main] Trial #197: GFLOPs: 94.3393. Time: 1600.5516 us. Best GFLOPs: 117.5331
2026-04-08 09:40:09 [INFO] [task_scheduler.cc:137] [Task #0: main] Trial #198: GFLOPs: 75.2706. Time: 2006.0294 us. Best GFLOPs: 117.5331
2026-04-08 09:40:09 [INFO] [task_scheduler.cc:137] [Task #0: main] Trial #199: GFLOPs: 87.2669. Time: 1730.2660 us. Best GFLOPs: 117.5331
2026-04-08 09:40:09 [INFO] [task_scheduler.cc:137] [Task #0: main] Trial #200: GFLOPs: 78.2768. Time: 1928.9876 us. Best GFLOPs: 117.5331
2026-04-08 09:40:09 [INFO] [task_scheduler.cc:137] [Task #0: main] Trial #201: GFLOPs: 32.0967. Time: 4704.3764 us. Best GFLOPs: 117.5331
2026-04-08 09:40:09 [INFO] [task_scheduler.cc:137] [Task #0: main] Trial #202: GFLOPs: 71.6011. Time: 2108.8345 us. Best GFLOPs: 117.5331
2026-04-08 09:40:09 [INFO] [task_scheduler.cc:137] [Task #0: main] Trial #203: GFLOPs: 82.4146. Time: 1832.1374 us. Best GFLOPs: 117.5331
2026-04-08 09:40:09 [INFO] [task_scheduler.cc:137] [Task #0: main] Trial #204: GFLOPs: 64.8714. Time: 2327.6029 us. Best GFLOPs: 117.5331
2026-04-08 09:40:09 [INFO] [task_scheduler.cc:137] [Task #0: main] Trial #205: GFLOPs: 89.8073. Time: 1681.3218 us. Best GFLOPs: 117.5331
2026-04-08 09:40:09 [INFO] [task_scheduler.cc:137] [Task #0: main] Trial #206: GFLOPs: 81.2956. Time: 1857.3577 us. Best GFLOPs: 117.5331
2026-04-08 09:40:09 [INFO] [task_scheduler.cc:137] [Task #0: main] Trial #207: GFLOPs: 38.9434. Time: 3877.2925 us. Best GFLOPs: 117.5331
2026-04-08 09:40:09 [INFO] [task_scheduler.cc:137] [Task #0: main] Trial #208: GFLOPs: 85.9534. Time: 1756.7070 us. Best GFLOPs: 117.5331
2026-04-08 09:40:09 [INFO] [task_scheduler.cc:137] [Task #0: main] Trial #209: GFLOPs: 93.1232. Time: 1621.4530 us. Best GFLOPs: 117.5331
2026-04-08 09:40:09 [INFO] [task_scheduler.cc:137] [Task #0: main] Trial #210: GFLOPs: 91.7716. Time: 1645.3341 us. Best GFLOPs: 117.5331
2026-04-08 09:40:09 [INFO] [task_scheduler.cc:137] [Task #0: main] Trial #211: GFLOPs: 67.0993. Time: 2250.3201 us. Best GFLOPs: 117.5331
2026-04-08 09:40:09 [INFO] [task_scheduler.cc:137] [Task #0: main] Trial #212: GFLOPs: 82.8703. Time: 1822.0638 us. Best GFLOPs: 117.5331
2026-04-08 09:40:09 [INFO] [task_scheduler.cc:137] [Task #0: main] Trial #213: GFLOPs: 73.6577. Time: 2049.9534 us. Best GFLOPs: 117.5331
2026-04-08 09:40:09 [INFO] [task_scheduler.cc:137] [Task #0: main] Trial #214: GFLOPs: 77.1400. Time: 1957.4132 us. Best GFLOPs: 117.5331
2026-04-08 09:40:09 [INFO] [task_scheduler.cc:137] [Task #0: main] Trial #215: GFLOPs: 93.0551. Time: 1622.6407 us. Best GFLOPs: 117.5331
2026-04-08 09:40:09 [INFO] [task_scheduler.cc:137] [Task #0: main] Trial #216: GFLOPs: 98.4906. Time: 1533.0894 us. Best GFLOPs: 117.5331
2026-04-08 09:40:09 [INFO] [task_scheduler.cc:137] [Task #0: main] Trial #217: GFLOPs: 88.1093. Time: 1713.7228 us. Best GFLOPs: 117.5331
2026-04-08 09:40:09 [INFO] [task_scheduler.cc:137] [Task #0: main] Trial #218: GFLOPs: 68.3512. Time: 2209.1049 us. Best GFLOPs: 117.5331
2026-04-08 09:40:09 [INFO] [task_scheduler.cc:137] [Task #0: main] Trial #219: GFLOPs: 87.5509. Time: 1724.6527 us. Best GFLOPs: 117.5331
2026-04-08 09:40:09 [INFO] [task_scheduler.cc:137] [Task #0: main] Trial #220: GFLOPs: 85.0532. Time: 1775.3005 us. Best GFLOPs: 117.5331
2026-04-08 09:40:09 [INFO] [task_scheduler.cc:137] [Task #0: main] Trial #221: GFLOPs: 66.4736. Time: 2271.5040 us. Best GFLOPs: 117.5331
2026-04-08 09:40:09 [INFO] [task_scheduler.cc:137] [Task #0: main] Trial #222: GFLOPs: 70.7651. Time: 2133.7496 us. Best GFLOPs: 117.5331
2026-04-08 09:40:09 [INFO] [task_scheduler.cc:137] [Task #0: main] Trial #223: GFLOPs: 94.7603. Time: 1593.4413 us. Best GFLOPs: 117.5331
2026-04-08 09:40:09 [INFO] [task_scheduler.cc:137] [Task #0: main] Trial #224: GFLOPs: 79.4560. Time: 1900.3582 us. Best GFLOPs: 117.5331
2026-04-08 09:40:09 [INFO] [task_scheduler.cc:137] [Task #0: main] Trial #225: GFLOPs: 84.1456. Time: 1794.4489 us. Best GFLOPs: 117.5331
2026-04-08 09:40:09 [INFO] [task_scheduler.cc:137] [Task #0: main] Trial #226: GFLOPs: 100.1124. Time: 1508.2544 us. Best GFLOPs: 117.5331
2026-04-08 09:40:09 [INFO] [task_scheduler.cc:137] [Task #0: main] Trial #227: GFLOPs: 104.8835. Time: 1439.6442 us. Best GFLOPs: 117.5331
2026-04-08 09:40:09 [INFO] [task_scheduler.cc:137] [Task #0: main] Trial #228: GFLOPs: 111.0604. Time: 1359.5750 us. Best GFLOPs: 117.5331
2026-04-08 09:40:09 [INFO] [task_scheduler.cc:137] [Task #0: main] Trial #229: GFLOPs: 91.2545. Time: 1654.6576 us. Best GFLOPs: 117.5331
2026-04-08 09:40:09 [INFO] [task_scheduler.cc:137] [Task #0: main] Trial #230: GFLOPs: 92.1625. Time: 1638.3557 us. Best GFLOPs: 117.5331
2026-04-08 09:40:09 [INFO] [task_scheduler.cc:137] [Task #0: main] Trial #231: GFLOPs: 68.8312. Time: 2193.6987 us. Best GFLOPs: 117.5331
2026-04-08 09:40:09 [INFO] [task_scheduler.cc:137] [Task #0: main] Trial #232: GFLOPs: 85.4989. Time: 1766.0448 us. Best GFLOPs: 117.5331
2026-04-08 09:40:09 [INFO] [task_scheduler.cc:137] [Task #0: main] Trial #233: GFLOPs: 108.0380. Time: 1397.6095 us. Best GFLOPs: 117.5331
2026-04-08 09:40:09 [INFO] [task_scheduler.cc:137] [Task #0: main] Trial #234: GFLOPs: 92.9543. Time: 1624.3991 us. Best GFLOPs: 117.5331
2026-04-08 09:40:09 [INFO] [task_scheduler.cc:137] [Task #0: main] Trial #235: GFLOPs: 71.2898. Time: 2118.0432 us. Best GFLOPs: 117.5331
2026-04-08 09:40:09 [INFO] [task_scheduler.cc:137] [Task #0: main] Trial #236: GFLOPs: 87.1982. Time: 1731.6286 us. Best GFLOPs: 117.5331
2026-04-08 09:40:09 [INFO] [task_scheduler.cc:137] [Task #0: main] Trial #237: GFLOPs: 92.9033. Time: 1625.2912 us. Best GFLOPs: 117.5331
2026-04-08 09:40:09 [INFO] [task_scheduler.cc:137] [Task #0: main] Trial #238: GFLOPs: 91.3541. Time: 1652.8537 us. Best GFLOPs: 117.5331
2026-04-08 09:40:09 [INFO] [task_scheduler.cc:137] [Task #0: main] Trial #239: GFLOPs: 90.8487. Time: 1662.0479 us. Best GFLOPs: 117.5331
2026-04-08 09:40:09 [INFO] [task_scheduler.cc:137] [Task #0: main] Trial #240: GFLOPs: 90.1048. Time: 1675.7711 us. Best GFLOPs: 117.5331
2026-04-08 09:40:09 [INFO] [task_scheduler.cc:137] [Task #0: main] Trial #241: GFLOPs: 96.7676. Time: 1560.3879 us. Best GFLOPs: 117.5331
2026-04-08 09:40:09 [INFO] [task_scheduler.cc:137] [Task #0: main] Trial #242: GFLOPs: 96.6888. Time: 1561.6594 us. Best GFLOPs: 117.5331
2026-04-08 09:40:09 [INFO] [task_scheduler.cc:137] [Task #0: main] Trial #243: GFLOPs: 97.7837. Time: 1544.1736 us. Best GFLOPs: 117.5331
2026-04-08 09:40:09 [INFO] [task_scheduler.cc:137] [Task #0: main] Trial #244: GFLOPs: 82.2225. Time: 1836.4189 us. Best GFLOPs: 117.5331
2026-04-08 09:40:09 [INFO] [task_scheduler.cc:137] [Task #0: main] Trial #245: GFLOPs: 75.6257. Time: 1996.6099 us. Best GFLOPs: 117.5331
2026-04-08 09:40:09 [INFO] [task_scheduler.cc:137] [Task #0: main] Trial #246: GFLOPs: 96.0687. Time: 1571.7398 us. Best GFLOPs: 117.5331
2026-04-08 09:40:09 [INFO] [task_scheduler.cc:137] [Task #0: main] Trial #247: GFLOPs: 98.9354. Time: 1526.1970 us. Best GFLOPs: 117.5331
2026-04-08 09:40:09 [INFO] [task_scheduler.cc:137] [Task #0: main] Trial #248: GFLOPs: 73.8049. Time: 2045.8649 us. Best GFLOPs: 117.5331
2026-04-08 09:40:09 [INFO] [task_scheduler.cc:137] [Task #0: main] Trial #249: GFLOPs: 95.9051. Time: 1574.4206 us. Best GFLOPs: 117.5331
2026-04-08 09:40:09 [INFO] [task_scheduler.cc:137] [Task #0: main] Trial #250: GFLOPs: 98.9970. Time: 1525.2484 us. Best GFLOPs: 117.5331
2026-04-08 09:40:09 [INFO] [task_scheduler.cc:137] [Task #0: main] Trial #251: GFLOPs: 94.7985. Time: 1592.7992 us. Best GFLOPs: 117.5331
2026-04-08 09:40:09 [INFO] [task_scheduler.cc:137] [Task #0: main] Trial #252: GFLOPs: 90.8166. Time: 1662.6364 us. Best GFLOPs: 117.5331
2026-04-08 09:40:09 [INFO] [task_scheduler.cc:137] [Task #0: main] Trial #253: GFLOPs: 87.5912. Time: 1723.8595 us. Best GFLOPs: 117.5331
2026-04-08 09:40:09 [INFO] [task_scheduler.cc:137] [Task #0: main] Trial #254: GFLOPs: 30.2482. Time: 4991.8727 us. Best GFLOPs: 117.5331
2026-04-08 09:40:09 [INFO] [task_scheduler.cc:137] [Task #0: main] Trial #255: GFLOPs: 44.8677. Time: 3365.3342 us. Best GFLOPs: 117.5331
2026-04-08 09:40:09 [INFO] [task_scheduler.cc:137] [Task #0: main] Trial #256: GFLOPs: 62.6849. Time: 2408.7928 us. Best GFLOPs: 117.5331
2026-04-08 09:40:09 [INFO] [evolutionary_search.cc:711] Generating candidates......
2026-04-08 09:40:09 [INFO] [evolutionary_search.cc:713] Picked top 122 candidate(s) from database
2026-04-08 09:40:09 [INFO] [evolutionary_search.cc:530] Sample-Init-Population summary:
Postproc #0 [meta_schedule.DisallowDynamicLoop(0x5eda4b369d48)]: 0 failure(s)
Postproc #1 [meta_schedule.RewriteParallelVectorizeUnroll(0x5eda4a6a67f8)]: 0 failure(s)
Postproc #2 [meta_schedule.RewriteReductionBlock(0x5eda4abecd78)]: 0 failure(s)
Postproc #3 [meta_schedule.RewriteLayout(0x5eda4a4e1e48)]: 0 failure(s)
2026-04-08 09:40:09 [INFO] [evolutionary_search.cc:721] Sampled 492 candidate(s)
2026-04-08 09:40:10 [INFO] [evolutionary_search.cc:619] Evolve iter #0 done. Summary:
Postproc #0 [meta_schedule.DisallowDynamicLoop(0x5eda4b369d48)]: 0 failure(s)
Postproc #1 [meta_schedule.RewriteParallelVectorizeUnroll(0x5eda4a6a67f8)]: 0 failure(s)
Postproc #2 [meta_schedule.RewriteReductionBlock(0x5eda4abecd78)]: 0 failure(s)
Postproc #3 [meta_schedule.RewriteLayout(0x5eda4a4e1e48)]: 0 failure(s)
2026-04-08 09:40:11 [INFO] [evolutionary_search.cc:619] Evolve iter #1 done. Summary:
Postproc #0 [meta_schedule.DisallowDynamicLoop(0x5eda4b369d48)]: 0 failure(s)
Postproc #1 [meta_schedule.RewriteParallelVectorizeUnroll(0x5eda4a6a67f8)]: 0 failure(s)
Postproc #2 [meta_schedule.RewriteReductionBlock(0x5eda4abecd78)]: 0 failure(s)
Postproc #3 [meta_schedule.RewriteLayout(0x5eda4a4e1e48)]: 0 failure(s)
2026-04-08 09:40:12 [INFO] [evolutionary_search.cc:619] Evolve iter #2 done. Summary:
Postproc #0 [meta_schedule.DisallowDynamicLoop(0x5eda4b369d48)]: 0 failure(s)
Postproc #1 [meta_schedule.RewriteParallelVectorizeUnroll(0x5eda4a6a67f8)]: 0 failure(s)
Postproc #2 [meta_schedule.RewriteReductionBlock(0x5eda4abecd78)]: 0 failure(s)
Postproc #3 [meta_schedule.RewriteLayout(0x5eda4a4e1e48)]: 0 failure(s)
2026-04-08 09:40:13 [INFO] [evolutionary_search.cc:619] Evolve iter #3 done. Summary:
Postproc #0 [meta_schedule.DisallowDynamicLoop(0x5eda4b369d48)]: 0 failure(s)
Postproc #1 [meta_schedule.RewriteParallelVectorizeUnroll(0x5eda4a6a67f8)]: 0 failure(s)
Postproc #2 [meta_schedule.RewriteReductionBlock(0x5eda4abecd78)]: 0 failure(s)
Postproc #3 [meta_schedule.RewriteLayout(0x5eda4a4e1e48)]: 0 failure(s)
2026-04-08 09:40:14 [INFO] [evolutionary_search.cc:647] Scores of the best 51 candidates:
[1 : 16]:	0.9330  0.9159  0.9009  0.9009  0.8930  0.8874  0.8873  0.8854  0.8768  0.8768  0.8768  0.8516  0.8502  0.8502  0.8408  0.8390
[17 : 32]:	0.8382  0.8366  0.8364  0.8332  0.8311  0.8280  0.8279  0.8279  0.8275  0.8274  0.8274  0.8268  0.8261  0.8210  0.8186  0.8177
[33 : 48]:	0.8149  0.8149  0.8136  0.8134  0.8123  0.8123  0.8117  0.8104  0.8096  0.8088  0.8086  0.8081  0.8081  0.8077  0.8068  0.8068
[49 : 51]:	0.8067  0.8063  0.8059
2026-04-08 09:40:14 [INFO] [evolutionary_search.cc:725] Got 51 candidate(s) with evolutionary search
2026-04-08 09:40:14 [INFO] [evolutionary_search.cc:728] Sending 51 candidates(s) for measurement
2026-04-08 09:40:50 [INFO] [task_scheduler.cc:137] [Task #0: main] Trial #257: GFLOPs: 92.3050. Time: 1635.8262 us. Best GFLOPs: 117.5331
2026-04-08 09:40:50 [INFO] [task_scheduler.cc:137] [Task #0: main] Trial #258: GFLOPs: 84.4093. Time: 1788.8417 us. Best GFLOPs: 117.5331
2026-04-08 09:40:50 [INFO] [task_scheduler.cc:137] [Task #0: main] Trial #259: GFLOPs: 90.8956. Time: 1661.1903 us. Best GFLOPs: 117.5331
2026-04-08 09:40:50 [INFO] [task_scheduler.cc:137] [Task #0: main] Trial #260: GFLOPs: 93.0074. Time: 1623.4724 us. Best GFLOPs: 117.5331
2026-04-08 09:40:50 [INFO] [task_scheduler.cc:137] [Task #0: main] Trial #261: GFLOPs: 96.7873. Time: 1560.0704 us. Best GFLOPs: 117.5331
2026-04-08 09:40:50 [INFO] [task_scheduler.cc:137] [Task #0: main] Trial #262: GFLOPs: 60.9412. Time: 2477.7157 us. Best GFLOPs: 117.5331
2026-04-08 09:40:50 [INFO] [task_scheduler.cc:137] [Task #0: main] Trial #263: GFLOPs: 38.5911. Time: 3912.6848 us. Best GFLOPs: 117.5331
2026-04-08 09:40:50 [INFO] [task_scheduler.cc:137] [Task #0: main] Trial #264: GFLOPs: 86.2170. Time: 1751.3358 us. Best GFLOPs: 117.5331
2026-04-08 09:40:50 [INFO] [task_scheduler.cc:137] [Task #0: main] Trial #265: GFLOPs: 59.8835. Time: 2521.4781 us. Best GFLOPs: 117.5331
2026-04-08 09:40:50 [INFO] [task_scheduler.cc:137] [Task #0: main] Trial #266: GFLOPs: 66.4091. Time: 2273.7094 us. Best GFLOPs: 117.5331
2026-04-08 09:40:50 [INFO] [task_scheduler.cc:137] [Task #0: main] Trial #267: GFLOPs: 83.6722. Time: 1804.6019 us. Best GFLOPs: 117.5331
2026-04-08 09:40:50 [INFO] [task_scheduler.cc:137] [Task #0: main] Trial #268: GFLOPs: 71.1649. Time: 2121.7604 us. Best GFLOPs: 117.5331
2026-04-08 09:40:50 [INFO] [task_scheduler.cc:137] [Task #0: main] Trial #269: GFLOPs: 79.1392. Time: 1907.9669 us. Best GFLOPs: 117.5331
2026-04-08 09:40:50 [INFO] [task_scheduler.cc:137] [Task #0: main] Trial #270: GFLOPs: 33.4191. Time: 4518.2166 us. Best GFLOPs: 117.5331
2026-04-08 09:40:50 [INFO] [task_scheduler.cc:137] [Task #0: main] Trial #271: GFLOPs: 54.8190. Time: 2754.4265 us. Best GFLOPs: 117.5331
2026-04-08 09:40:50 [INFO] [task_scheduler.cc:137] [Task #0: main] Trial #272: GFLOPs: 52.9034. Time: 2854.1617 us. Best GFLOPs: 117.5331
2026-04-08 09:40:50 [INFO] [task_scheduler.cc:137] [Task #0: main] Trial #273: GFLOPs: 68.3140. Time: 2210.3085 us. Best GFLOPs: 117.5331
2026-04-08 09:40:50 [INFO] [task_scheduler.cc:137] [Task #0: main] Trial #274: GFLOPs: 73.6263. Time: 2050.8282 us. Best GFLOPs: 117.5331
2026-04-08 09:40:50 [INFO] [task_scheduler.cc:137] [Task #0: main] Trial #275: GFLOPs: 82.4097. Time: 1832.2482 us. Best GFLOPs: 117.5331
2026-04-08 09:40:50 [INFO] [task_scheduler.cc:137] [Task #0: main] Trial #276: GFLOPs: 40.8220. Time: 3698.8594 us. Best GFLOPs: 117.5331
2026-04-08 09:40:50 [INFO] [task_scheduler.cc:137] [Task #0: main] Trial #277: GFLOPs: 86.1301. Time: 1753.1032 us. Best GFLOPs: 117.5331
2026-04-08 09:40:50 [INFO] [task_scheduler.cc:137] [Task #0: main] Trial #278: GFLOPs: 22.6390. Time: 6669.6895 us. Best GFLOPs: 117.5331
2026-04-08 09:40:50 [INFO] [task_scheduler.cc:137] [Task #0: main] Trial #279: GFLOPs: 81.4017. Time: 1854.9371 us. Best GFLOPs: 117.5331
2026-04-08 09:40:50 [INFO] [task_scheduler.cc:137] [Task #0: main] Trial #280: GFLOPs: 79.2893. Time: 1904.3540 us. Best GFLOPs: 117.5331
2026-04-08 09:40:50 [INFO] [task_scheduler.cc:137] [Task #0: main] Trial #281: GFLOPs: 70.0121. Time: 2156.6988 us. Best GFLOPs: 117.5331
2026-04-08 09:40:50 [INFO] [task_scheduler.cc:137] [Task #0: main] Trial #282: GFLOPs: 86.0756. Time: 1754.2138 us. Best GFLOPs: 117.5331
2026-04-08 09:40:50 [INFO] [task_scheduler.cc:137] [Task #0: main] Trial #283: GFLOPs: 83.4443. Time: 1809.5304 us. Best GFLOPs: 117.5331
2026-04-08 09:40:50 [INFO] [task_scheduler.cc:137] [Task #0: main] Trial #284: GFLOPs: 85.9858. Time: 1756.0456 us. Best GFLOPs: 117.5331
2026-04-08 09:40:50 [INFO] [task_scheduler.cc:137] [Task #0: main] Trial #285: GFLOPs: 90.0384. Time: 1677.0068 us. Best GFLOPs: 117.5331
2026-04-08 09:40:50 [INFO] [task_scheduler.cc:137] [Task #0: main] Trial #286: GFLOPs: 61.4052. Time: 2458.9925 us. Best GFLOPs: 117.5331
2026-04-08 09:40:50 [INFO] [task_scheduler.cc:137] [Task #0: main] Trial #287: GFLOPs: 63.6280. Time: 2373.0903 us. Best GFLOPs: 117.5331
2026-04-08 09:40:50 [INFO] [task_scheduler.cc:137] [Task #0: main] Trial #288: GFLOPs: 75.3329. Time: 2004.3688 us. Best GFLOPs: 117.5331
2026-04-08 09:40:50 [INFO] [task_scheduler.cc:137] [Task #0: main] Trial #289: GFLOPs: 82.5683. Time: 1828.7273 us. Best GFLOPs: 117.5331
2026-04-08 09:40:50 [INFO] [task_scheduler.cc:137] [Task #0: main] Trial #290: GFLOPs: 79.5190. Time: 1898.8526 us. Best GFLOPs: 117.5331
2026-04-08 09:40:50 [INFO] [task_scheduler.cc:137] [Task #0: main] Trial #291: GFLOPs: 106.8279. Time: 1413.4417 us. Best GFLOPs: 117.5331
2026-04-08 09:40:50 [INFO] [task_scheduler.cc:137] [Task #0: main] Trial #292: GFLOPs: 105.2978. Time: 1433.9799 us. Best GFLOPs: 117.5331
2026-04-08 09:40:50 [INFO] [task_scheduler.cc:137] [Task #0: main] Trial #293: GFLOPs: 81.8819. Time: 1844.0583 us. Best GFLOPs: 117.5331
2026-04-08 09:40:50 [INFO] [task_scheduler.cc:137] [Task #0: main] Trial #294: GFLOPs: 93.5050. Time: 1614.8332 us. Best GFLOPs: 117.5331
2026-04-08 09:40:50 [INFO] [task_scheduler.cc:137] [Task #0: main] Trial #295: GFLOPs: 90.6248. Time: 1666.1546 us. Best GFLOPs: 117.5331
2026-04-08 09:40:50 [INFO] [task_scheduler.cc:137] [Task #0: main] Trial #296: GFLOPs: 95.5237. Time: 1580.7073 us. Best GFLOPs: 117.5331
2026-04-08 09:40:50 [INFO] [task_scheduler.cc:137] [Task #0: main] Trial #297: GFLOPs: 64.1595. Time: 2353.4308 us. Best GFLOPs: 117.5331
2026-04-08 09:40:50 [INFO] [task_scheduler.cc:137] [Task #0: main] Trial #298: GFLOPs: 91.8960. Time: 1643.1077 us. Best GFLOPs: 117.5331
2026-04-08 09:40:50 [INFO] [task_scheduler.cc:137] [Task #0: main] Trial #299: GFLOPs: 87.0900. Time: 1733.7810 us. Best GFLOPs: 117.5331
2026-04-08 09:40:50 [INFO] [task_scheduler.cc:137] [Task #0: main] Trial #300: GFLOPs: 85.4091. Time: 1767.9016 us. Best GFLOPs: 117.5331
2026-04-08 09:40:50 [INFO] [task_scheduler.cc:137] [Task #0: main] Trial #301: GFLOPs: 86.9841. Time: 1735.8904 us. Best GFLOPs: 117.5331
2026-04-08 09:40:50 [INFO] [task_scheduler.cc:137] [Task #0: main] Trial #302: GFLOPs: 81.0977. Time: 1861.8895 us. Best GFLOPs: 117.5331
2026-04-08 09:40:50 [INFO] [task_scheduler.cc:137] [Task #0: main] Trial #303: GFLOPs: 105.2230. Time: 1434.9992 us. Best GFLOPs: 117.5331
2026-04-08 09:40:50 [INFO] [task_scheduler.cc:137] [Task #0: main] Trial #304: GFLOPs: 90.5515. Time: 1667.5041 us. Best GFLOPs: 117.5331
2026-04-08 09:40:50 [INFO] [task_scheduler.cc:137] [Task #0: main] Trial #305: GFLOPs: 96.2826. Time: 1568.2473 us. Best GFLOPs: 117.5331
2026-04-08 09:40:50 [INFO] [task_scheduler.cc:137] [Task #0: main] Trial #306: GFLOPs: 12.5851. Time: 11997.8827 us. Best GFLOPs: 117.5331
2026-04-08 09:40:50 [INFO] [task_scheduler.cc:137] [Task #0: main] Trial #307: GFLOPs: 43.2466. Time: 3491.4865 us. Best GFLOPs: 117.5331
2026-04-10 15:40:11 [INFO] [task_scheduler.cc:166] Initializing Task #0: "main"
2026-04-10 15:40:11 [INFO] [task_scheduler.cc:41] 
# from tvm.script import ir as I
# from tvm.script import tir as T

@I.ir_module
class Module:
    @T.prim_func
    def main(A: T.Buffer((128, 768), "float32"), B: T.Buffer((768, 768), "float32"), C: T.Buffer((128, 768), "float32")):
        T.func_attr({"tir.noalias": True})
        # with T.block("root"):
        for i, j, k in T.grid(128, 768, 768):
            with T.block("C"):
                vi, vj, vk = T.axis.remap("SSR", [i, j, k])
                T.reads(A[vi, vk], B[vk, vj])
                T.writes(C[vi, vj])
                with T.init():
                    C[vi, vj] = T.float32(0.0)
                C[vi, vj] = C[vi, vj] + A[vi, vk] * B[vk, vj]
2026-04-10 15:40:11 [INFO] [task_scheduler.cc:170] Total 3 design space(s) generated
2026-04-10 15:40:11 [INFO] [task_scheduler.cc:176] Design space #0:
# from tvm.script import ir as I
# from tvm.script import tir as T

@I.ir_module
class Module:
    @T.prim_func
    def main(A: T.Buffer((128, 768), "float32"), B: T.Buffer((768, 768), "float32"), C: T.Buffer((128, 768), "float32")):
        T.func_attr({"tir.noalias": True})
        with T.block("root"):
            T.reads()
            T.writes()
            T.block_attr({"meta_schedule.parallel": 128, "meta_schedule.unroll_explicit": 512, "meta_schedule.vectorize": 64})
            C_global = T.alloc_buffer((128, 768))
            for i_0, j_0, i_1, j_1 in T.grid(16, 24, 1, 1):
                for k_0, i_2, j_2, k_1, i_3, j_3 in T.grid(12, 2, 32, 64, 4, 1):
                    with T.block("C"):
                        vi = T.axis.spatial(128, i_0 * 8 + i_1 * 8 + i_2 * 4 + i_3)
                        vj = T.axis.spatial(768, j_0 * 32 + j_1 * 32 + j_2 + j_3)
                        vk = T.axis.reduce(768, k_0 * 64 + k_1)
                        T.reads(A[vi, vk], B[vk, vj])
                        T.writes(C_global[vi, vj])
                        T.block_attr({"meta_schedule.tiling_structure": "SSRSRS"})
                        with T.init():
                            C_global[vi, vj] = T.float32(0.0)
                        C_global[vi, vj] = C_global[vi, vj] + A[vi, vk] * B[vk, vj]
                for ax0, ax1 in T.grid(8, 32):
                    with T.block("C_global"):
                        v0 = T.axis.spatial(128, i_0 * 8 + ax0)
                        v1 = T.axis.spatial(768, j_0 * 32 + ax1)
                        T.reads(C_global[v0, v1])
                        T.writes(C[v0, v1])
                        C[v0, v1] = C_global[v0, v1]
b0 = sch.get_block(name="C", func_name="main")
b1 = sch.get_block(name="root", func_name="main")
sch.annotate(block_or_loop=b0, ann_key="meta_schedule.tiling_structure", ann_val="SSRSRS")
l2, l3, l4 = sch.get_loops(block=b0)
v5, v6, v7, v8 = sch.sample_perfect_tile(loop=l2, n=4, max_innermost_factor=64, decision=[16, 1, 2, 4])
l9, l10, l11, l12 = sch.split(loop=l2, factors=[v5, v6, v7, v8], preserve_unit_iters=True, disable_predication=False)
v13, v14, v15, v16 = sch.sample_perfect_tile(loop=l3, n=4, max_innermost_factor=64, decision=[24, 1, 32, 1])
l17, l18, l19, l20 = sch.split(loop=l3, factors=[v13, v14, v15, v16], preserve_unit_iters=True, disable_predication=False)
v21, v22 = sch.sample_perfect_tile(loop=l4, n=2, max_innermost_factor=64, decision=[12, 64])
l23, l24 = sch.split(loop=l4, factors=[v21, v22], preserve_unit_iters=True, disable_predication=False)
sch.reorder(l9, l17, l10, l18, l23, l11, l19, l24, l12, l20)
b25 = sch.cache_write(block=b0, write_buffer_index=0, storage_scope="global")
sch.reverse_compute_at(block=b25, loop=l18, preserve_unit_loops=True, index=-1)
sch.annotate(block_or_loop=b1, ann_key="meta_schedule.parallel", ann_val=128)
sch.annotate(block_or_loop=b1, ann_key="meta_schedule.vectorize", ann_val=64)
v26 = sch.sample_categorical(candidates=[0, 16, 64, 512], probs=[0.25, 0.25, 0.25, 0.25], decision=3)
sch.annotate(block_or_loop=b1, ann_key="meta_schedule.unroll_explicit", ann_val=v26)
2026-04-10 15:40:11 [INFO] [task_scheduler.cc:176] Design space #1:
# from tvm.script import ir as I
# from tvm.script import tir as T

@I.ir_module
class Module:
    @T.prim_func
    def main(A: T.Buffer((128, 768), "float32"), B: T.Buffer((768, 768), "float32"), C: T.Buffer((128, 768), "float32")):
        T.func_attr({"tir.noalias": True})
        with T.block("root"):
            T.reads()
            T.writes()
            T.block_attr({"meta_schedule.parallel": 128, "meta_schedule.unroll_explicit": 16, "meta_schedule.vectorize": 64})
            C_global = T.alloc_buffer((128, 768))
            for i_0, j_0 in T.grid(16, 24):
                for i_1, j_1, k_0, i_2, j_2, k_1, i_3, j_3 in T.grid(1, 1, 12, 2, 32, 64, 4, 1):
                    with T.block("C"):
                        vi = T.axis.spatial(128, i_0 * 8 + i_1 * 8 + i_2 * 4 + i_3)
                        vj = T.axis.spatial(768, j_0 * 32 + j_1 * 32 + j_2 + j_3)
                        vk = T.axis.reduce(768, k_0 * 64 + k_1)
                        T.reads(A[vi, vk], B[vk, vj])
                        T.writes(C_global[vi, vj])
                        T.block_attr({"meta_schedule.tiling_structure": "SSRSRS"})
                        with T.init():
                            C_global[vi, vj] = T.float32(0.0)
                        C_global[vi, vj] = C_global[vi, vj] + A[vi, vk] * B[vk, vj]
                for ax0, ax1 in T.grid(8, 32):
                    with T.block("C_global"):
                        v0 = T.axis.spatial(128, i_0 * 8 + ax0)
                        v1 = T.axis.spatial(768, j_0 * 32 + ax1)
                        T.reads(C_global[v0, v1])
                        T.writes(C[v0, v1])
                        C[v0, v1] = C_global[v0, v1]
b0 = sch.get_block(name="C", func_name="main")
b1 = sch.get_block(name="root", func_name="main")
sch.annotate(block_or_loop=b0, ann_key="meta_schedule.tiling_structure", ann_val="SSRSRS")
l2, l3, l4 = sch.get_loops(block=b0)
v5, v6, v7, v8 = sch.sample_perfect_tile(loop=l2, n=4, max_innermost_factor=64, decision=[16, 1, 2, 4])
l9, l10, l11, l12 = sch.split(loop=l2, factors=[v5, v6, v7, v8], preserve_unit_iters=True, disable_predication=False)
v13, v14, v15, v16 = sch.sample_perfect_tile(loop=l3, n=4, max_innermost_factor=64, decision=[24, 1, 32, 1])
l17, l18, l19, l20 = sch.split(loop=l3, factors=[v13, v14, v15, v16], preserve_unit_iters=True, disable_predication=False)
v21, v22 = sch.sample_perfect_tile(loop=l4, n=2, max_innermost_factor=64, decision=[12, 64])
l23, l24 = sch.split(loop=l4, factors=[v21, v22], preserve_unit_iters=True, disable_predication=False)
sch.reorder(l9, l17, l10, l18, l23, l11, l19, l24, l12, l20)
b25 = sch.cache_write(block=b0, write_buffer_index=0, storage_scope="global")
sch.reverse_compute_at(block=b25, loop=l17, preserve_unit_loops=True, index=-1)
sch.annotate(block_or_loop=b1, ann_key="meta_schedule.parallel", ann_val=128)
sch.annotate(block_or_loop=b1, ann_key="meta_schedule.vectorize", ann_val=64)
v26 = sch.sample_categorical(candidates=[0, 16, 64, 512], probs=[0.25, 0.25, 0.25, 0.25], decision=1)
sch.annotate(block_or_loop=b1, ann_key="meta_schedule.unroll_explicit", ann_val=v26)
2026-04-10 15:40:11 [INFO] [task_scheduler.cc:176] Design space #2:
# from tvm.script import ir as I
# from tvm.script import tir as T

@I.ir_module
class Module:
    @T.prim_func
    def main(A: T.Buffer((128, 768), "float32"), B: T.Buffer((768, 768), "float32"), C: T.Buffer((128, 768), "float32")):
        T.func_attr({"tir.noalias": True})
        with T.block("root"):
            T.reads()
            T.writes()
            T.block_attr({"meta_schedule.parallel": 128, "meta_schedule.unroll_explicit": 512, "meta_schedule.vectorize": 64})
            for i_0, j_0, i_1, j_1, k_0, i_2, j_2, k_1, i_3, j_3 in T.grid(16, 24, 1, 1, 12, 2, 32, 64, 4, 1):
                with T.block("C"):
                    vi = T.axis.spatial(128, i_0 * 8 + i_1 * 8 + i_2 * 4 + i_3)
                    vj = T.axis.spatial(768, j_0 * 32 + j_1 * 32 + j_2 + j_3)
                    vk = T.axis.reduce(768, k_0 * 64 + k_1)
                    T.reads(A[vi, vk], B[vk, vj])
                    T.writes(C[vi, vj])
                    T.block_attr({"meta_schedule.tiling_structure": "SSRSRS"})
                    with T.init():
                        C[vi, vj] = T.float32(0.0)
                    C[vi, vj] = C[vi, vj] + A[vi, vk] * B[vk, vj]
b0 = sch.get_block(name="C", func_name="main")
b1 = sch.get_block(name="root", func_name="main")
sch.annotate(block_or_loop=b0, ann_key="meta_schedule.tiling_structure", ann_val="SSRSRS")
l2, l3, l4 = sch.get_loops(block=b0)
v5, v6, v7, v8 = sch.sample_perfect_tile(loop=l2, n=4, max_innermost_factor=64, decision=[16, 1, 2, 4])
l9, l10, l11, l12 = sch.split(loop=l2, factors=[v5, v6, v7, v8], preserve_unit_iters=True, disable_predication=False)
v13, v14, v15, v16 = sch.sample_perfect_tile(loop=l3, n=4, max_innermost_factor=64, decision=[24, 1, 32, 1])
l17, l18, l19, l20 = sch.split(loop=l3, factors=[v13, v14, v15, v16], preserve_unit_iters=True, disable_predication=False)
v21, v22 = sch.sample_perfect_tile(loop=l4, n=2, max_innermost_factor=64, decision=[12, 64])
l23, l24 = sch.split(loop=l4, factors=[v21, v22], preserve_unit_iters=True, disable_predication=False)
sch.reorder(l9, l17, l10, l18, l23, l11, l19, l24, l12, l20)
sch.annotate(block_or_loop=b1, ann_key="meta_schedule.parallel", ann_val=128)
sch.annotate(block_or_loop=b1, ann_key="meta_schedule.vectorize", ann_val=64)
v25 = sch.sample_categorical(candidates=[0, 16, 64, 512], probs=[0.25, 0.25, 0.25, 0.25], decision=3)
sch.annotate(block_or_loop=b1, ann_key="meta_schedule.unroll_explicit", ann_val=v25)
2026-04-10 15:40:11 [INFO] [evolutionary_search.cc:711] Generating candidates......
2026-04-10 15:40:11 [INFO] [evolutionary_search.cc:713] Picked top 122 candidate(s) from database
2026-04-10 15:40:12 [INFO] [evolutionary_search.cc:530] Sample-Init-Population summary:
Postproc #0 [meta_schedule.DisallowDynamicLoop(0x60ffc8a59158)]: 0 failure(s)
Postproc #1 [meta_schedule.RewriteParallelVectorizeUnroll(0x60ffc92d61c8)]: 0 failure(s)
Postproc #2 [meta_schedule.RewriteReductionBlock(0x60ffc89a8d98)]: 0 failure(s)
Postproc #3 [meta_schedule.RewriteLayout(0x60ffc8ea5198)]: 0 failure(s)
2026-04-10 15:40:12 [INFO] [evolutionary_search.cc:721] Sampled 492 candidate(s)
2026-04-10 15:40:12 [INFO] [evolutionary_search.cc:619] Evolve iter #0 done. Summary:
Postproc #0 [meta_schedule.DisallowDynamicLoop(0x60ffc8a59158)]: 0 failure(s)
Postproc #1 [meta_schedule.RewriteParallelVectorizeUnroll(0x60ffc92d61c8)]: 0 failure(s)
Postproc #2 [meta_schedule.RewriteReductionBlock(0x60ffc89a8d98)]: 0 failure(s)
Postproc #3 [meta_schedule.RewriteLayout(0x60ffc8ea5198)]: 0 failure(s)
2026-04-10 15:40:12 [INFO] [evolutionary_search.cc:619] Evolve iter #1 done. Summary:
Postproc #0 [meta_schedule.DisallowDynamicLoop(0x60ffc8a59158)]: 0 failure(s)
Postproc #1 [meta_schedule.RewriteParallelVectorizeUnroll(0x60ffc92d61c8)]: 0 failure(s)
Postproc #2 [meta_schedule.RewriteReductionBlock(0x60ffc89a8d98)]: 0 failure(s)
Postproc #3 [meta_schedule.RewriteLayout(0x60ffc8ea5198)]: 0 failure(s)
2026-04-10 15:40:13 [INFO] [evolutionary_search.cc:619] Evolve iter #2 done. Summary:
Postproc #0 [meta_schedule.DisallowDynamicLoop(0x60ffc8a59158)]: 0 failure(s)
Postproc #1 [meta_schedule.RewriteParallelVectorizeUnroll(0x60ffc92d61c8)]: 0 failure(s)
Postproc #2 [meta_schedule.RewriteReductionBlock(0x60ffc89a8d98)]: 0 failure(s)
Postproc #3 [meta_schedule.RewriteLayout(0x60ffc8ea5198)]: 0 failure(s)
2026-04-10 15:40:13 [INFO] [evolutionary_search.cc:619] Evolve iter #3 done. Summary:
Postproc #0 [meta_schedule.DisallowDynamicLoop(0x60ffc8a59158)]: 0 failure(s)
Postproc #1 [meta_schedule.RewriteParallelVectorizeUnroll(0x60ffc92d61c8)]: 0 failure(s)
Postproc #2 [meta_schedule.RewriteReductionBlock(0x60ffc89a8d98)]: 0 failure(s)
Postproc #3 [meta_schedule.RewriteLayout(0x60ffc8ea5198)]: 0 failure(s)
2026-04-10 15:40:13 [INFO] [evolutionary_search.cc:647] Scores of the best 64 candidates:
[1 : 16]:	1.0000  0.9993  0.9990  0.9989  0.9988  0.9978  0.9961  0.9960  0.9952  0.9942  0.9939  0.9937  0.9935  0.9932  0.9931  0.9930
[17 : 32]:	0.9926  0.9925  0.9919  0.9912  0.9907  0.9905  0.9903  0.9895  0.9891  0.9888  0.9888  0.9888  0.9887  0.9887  0.9885  0.9885
[33 : 48]:	0.9879  0.9875  0.9868  0.9867  0.9864  0.9862  0.9860  0.9860  0.9859  0.9859  0.9854  0.9853  0.9851  0.9848  0.9847  0.9841
[49 : 64]:	0.9823  0.9823  0.9814  0.9813  0.9806  0.9805  0.9804  0.9799  0.9797  0.9795  0.9787  0.9782  0.9781  0.9780  0.9779  0.9778
2026-04-10 15:40:13 [INFO] [evolutionary_search.cc:725] Got 64 candidate(s) with evolutionary search
2026-04-10 15:40:13 [INFO] [evolutionary_search.cc:728] Sending 64 candidates(s) for measurement
