2026-04-10 14:08:28 [INFO] [task_scheduler.cc:166] Initializing Task #0: "main"
2026-04-10 14:08:28 [INFO] [task_scheduler.cc:41] 
# from tvm.script import ir as I
# from tvm.script import tir as T

@I.ir_module
class Module:
    @T.prim_func
    def main(A: T.Buffer((16, 3072), "float32"), B: T.Buffer((3072, 768), "float32"), C: T.Buffer((16, 768), "float32")):
        T.func_attr({"tir.noalias": True})
        # with T.block("root"):
        for i, j, k in T.grid(16, 768, 3072):
            with T.block("C"):
                vi, vj, vk = T.axis.remap("SSR", [i, j, k])
                T.reads(A[vi, vk], B[vk, vj])
                T.writes(C[vi, vj])
                with T.init():
                    C[vi, vj] = T.float32(0.0)
                C[vi, vj] = C[vi, vj] + A[vi, vk] * B[vk, vj]
2026-04-10 14:08:28 [INFO] [task_scheduler.cc:170] Total 3 design space(s) generated
2026-04-10 14:08:28 [INFO] [task_scheduler.cc:176] Design space #0:
# from tvm.script import ir as I
# from tvm.script import tir as T

@I.ir_module
class Module:
    @T.prim_func
    def main(A: T.Buffer((16, 3072), "float32"), B: T.Buffer((3072, 768), "float32"), C: T.Buffer((16, 768), "float32")):
        T.func_attr({"tir.noalias": True})
        with T.block("root"):
            T.reads()
            T.writes()
            T.block_attr({"meta_schedule.parallel": 128, "meta_schedule.unroll_explicit": 0, "meta_schedule.vectorize": 64})
            C_global = T.alloc_buffer((16, 768))
            for i_0, j_0, i_1, j_1 in T.grid(8, 4, 1, 6):
                for k_0, i_2, j_2, k_1, i_3, j_3 in T.grid(192, 2, 16, 16, 1, 2):
                    with T.block("C"):
                        vi = T.axis.spatial(16, i_0 * 2 + i_1 * 2 + i_2 + i_3)
                        vj = T.axis.spatial(768, j_0 * 192 + j_1 * 32 + j_2 * 2 + j_3)
                        vk = T.axis.reduce(3072, k_0 * 16 + k_1)
                        T.reads(A[vi, vk], B[vk, vj])
                        T.writes(C_global[vi, vj])
                        T.block_attr({"meta_schedule.tiling_structure": "SSRSRS"})
                        with T.init():
                            C_global[vi, vj] = T.float32(0.0)
                        C_global[vi, vj] = C_global[vi, vj] + A[vi, vk] * B[vk, vj]
                for ax0, ax1 in T.grid(2, 32):
                    with T.block("C_global"):
                        v0 = T.axis.spatial(16, i_0 * 2 + ax0)
                        v1 = T.axis.spatial(768, j_0 * 192 + j_1 * 32 + ax1)
                        T.reads(C_global[v0, v1])
                        T.writes(C[v0, v1])
                        C[v0, v1] = C_global[v0, v1]
b0 = sch.get_block(name="C", func_name="main")
b1 = sch.get_block(name="root", func_name="main")
sch.annotate(block_or_loop=b0, ann_key="meta_schedule.tiling_structure", ann_val="SSRSRS")
l2, l3, l4 = sch.get_loops(block=b0)
v5, v6, v7, v8 = sch.sample_perfect_tile(loop=l2, n=4, max_innermost_factor=64, decision=[8, 1, 2, 1])
l9, l10, l11, l12 = sch.split(loop=l2, factors=[v5, v6, v7, v8], preserve_unit_iters=True, disable_predication=False)
v13, v14, v15, v16 = sch.sample_perfect_tile(loop=l3, n=4, max_innermost_factor=64, decision=[4, 6, 16, 2])
l17, l18, l19, l20 = sch.split(loop=l3, factors=[v13, v14, v15, v16], preserve_unit_iters=True, disable_predication=False)
v21, v22 = sch.sample_perfect_tile(loop=l4, n=2, max_innermost_factor=64, decision=[192, 16])
l23, l24 = sch.split(loop=l4, factors=[v21, v22], preserve_unit_iters=True, disable_predication=False)
sch.reorder(l9, l17, l10, l18, l23, l11, l19, l24, l12, l20)
b25 = sch.cache_write(block=b0, write_buffer_index=0, storage_scope="global")
sch.reverse_compute_at(block=b25, loop=l18, preserve_unit_loops=True, index=-1)
sch.annotate(block_or_loop=b1, ann_key="meta_schedule.parallel", ann_val=128)
sch.annotate(block_or_loop=b1, ann_key="meta_schedule.vectorize", ann_val=64)
v26 = sch.sample_categorical(candidates=[0, 16, 64, 512], probs=[0.25, 0.25, 0.25, 0.25], decision=0)
sch.annotate(block_or_loop=b1, ann_key="meta_schedule.unroll_explicit", ann_val=v26)
2026-04-10 14:08:28 [INFO] [task_scheduler.cc:176] Design space #1:
# from tvm.script import ir as I
# from tvm.script import tir as T

@I.ir_module
class Module:
    @T.prim_func
    def main(A: T.Buffer((16, 3072), "float32"), B: T.Buffer((3072, 768), "float32"), C: T.Buffer((16, 768), "float32")):
        T.func_attr({"tir.noalias": True})
        with T.block("root"):
            T.reads()
            T.writes()
            T.block_attr({"meta_schedule.parallel": 128, "meta_schedule.unroll_explicit": 64, "meta_schedule.vectorize": 64})
            C_global = T.alloc_buffer((16, 768))
            for i_0, j_0 in T.grid(8, 4):
                for i_1, j_1, k_0, i_2, j_2, k_1, i_3, j_3 in T.grid(1, 6, 192, 2, 16, 16, 1, 2):
                    with T.block("C"):
                        vi = T.axis.spatial(16, i_0 * 2 + i_1 * 2 + i_2 + i_3)
                        vj = T.axis.spatial(768, j_0 * 192 + j_1 * 32 + j_2 * 2 + j_3)
                        vk = T.axis.reduce(3072, k_0 * 16 + k_1)
                        T.reads(A[vi, vk], B[vk, vj])
                        T.writes(C_global[vi, vj])
                        T.block_attr({"meta_schedule.tiling_structure": "SSRSRS"})
                        with T.init():
                            C_global[vi, vj] = T.float32(0.0)
                        C_global[vi, vj] = C_global[vi, vj] + A[vi, vk] * B[vk, vj]
                for ax0, ax1 in T.grid(2, 192):
                    with T.block("C_global"):
                        v0 = T.axis.spatial(16, i_0 * 2 + ax0)
                        v1 = T.axis.spatial(768, j_0 * 192 + ax1)
                        T.reads(C_global[v0, v1])
                        T.writes(C[v0, v1])
                        C[v0, v1] = C_global[v0, v1]
b0 = sch.get_block(name="C", func_name="main")
b1 = sch.get_block(name="root", func_name="main")
sch.annotate(block_or_loop=b0, ann_key="meta_schedule.tiling_structure", ann_val="SSRSRS")
l2, l3, l4 = sch.get_loops(block=b0)
v5, v6, v7, v8 = sch.sample_perfect_tile(loop=l2, n=4, max_innermost_factor=64, decision=[8, 1, 2, 1])
l9, l10, l11, l12 = sch.split(loop=l2, factors=[v5, v6, v7, v8], preserve_unit_iters=True, disable_predication=False)
v13, v14, v15, v16 = sch.sample_perfect_tile(loop=l3, n=4, max_innermost_factor=64, decision=[4, 6, 16, 2])
l17, l18, l19, l20 = sch.split(loop=l3, factors=[v13, v14, v15, v16], preserve_unit_iters=True, disable_predication=False)
v21, v22 = sch.sample_perfect_tile(loop=l4, n=2, max_innermost_factor=64, decision=[192, 16])
l23, l24 = sch.split(loop=l4, factors=[v21, v22], preserve_unit_iters=True, disable_predication=False)
sch.reorder(l9, l17, l10, l18, l23, l11, l19, l24, l12, l20)
b25 = sch.cache_write(block=b0, write_buffer_index=0, storage_scope="global")
sch.reverse_compute_at(block=b25, loop=l17, preserve_unit_loops=True, index=-1)
sch.annotate(block_or_loop=b1, ann_key="meta_schedule.parallel", ann_val=128)
sch.annotate(block_or_loop=b1, ann_key="meta_schedule.vectorize", ann_val=64)
v26 = sch.sample_categorical(candidates=[0, 16, 64, 512], probs=[0.25, 0.25, 0.25, 0.25], decision=2)
sch.annotate(block_or_loop=b1, ann_key="meta_schedule.unroll_explicit", ann_val=v26)
2026-04-10 14:08:28 [INFO] [task_scheduler.cc:176] Design space #2:
# from tvm.script import ir as I
# from tvm.script import tir as T

@I.ir_module
class Module:
    @T.prim_func
    def main(A: T.Buffer((16, 3072), "float32"), B: T.Buffer((3072, 768), "float32"), C: T.Buffer((16, 768), "float32")):
        T.func_attr({"tir.noalias": True})
        with T.block("root"):
            T.reads()
            T.writes()
            T.block_attr({"meta_schedule.parallel": 128, "meta_schedule.unroll_explicit": 0, "meta_schedule.vectorize": 64})
            for i_0, j_0, i_1, j_1, k_0, i_2, j_2, k_1, i_3, j_3 in T.grid(8, 4, 1, 6, 192, 2, 16, 16, 1, 2):
                with T.block("C"):
                    vi = T.axis.spatial(16, i_0 * 2 + i_1 * 2 + i_2 + i_3)
                    vj = T.axis.spatial(768, j_0 * 192 + j_1 * 32 + j_2 * 2 + j_3)
                    vk = T.axis.reduce(3072, k_0 * 16 + k_1)
                    T.reads(A[vi, vk], B[vk, vj])
                    T.writes(C[vi, vj])
                    T.block_attr({"meta_schedule.tiling_structure": "SSRSRS"})
                    with T.init():
                        C[vi, vj] = T.float32(0.0)
                    C[vi, vj] = C[vi, vj] + A[vi, vk] * B[vk, vj]
b0 = sch.get_block(name="C", func_name="main")
b1 = sch.get_block(name="root", func_name="main")
sch.annotate(block_or_loop=b0, ann_key="meta_schedule.tiling_structure", ann_val="SSRSRS")
l2, l3, l4 = sch.get_loops(block=b0)
v5, v6, v7, v8 = sch.sample_perfect_tile(loop=l2, n=4, max_innermost_factor=64, decision=[8, 1, 2, 1])
l9, l10, l11, l12 = sch.split(loop=l2, factors=[v5, v6, v7, v8], preserve_unit_iters=True, disable_predication=False)
v13, v14, v15, v16 = sch.sample_perfect_tile(loop=l3, n=4, max_innermost_factor=64, decision=[4, 6, 16, 2])
l17, l18, l19, l20 = sch.split(loop=l3, factors=[v13, v14, v15, v16], preserve_unit_iters=True, disable_predication=False)
v21, v22 = sch.sample_perfect_tile(loop=l4, n=2, max_innermost_factor=64, decision=[192, 16])
l23, l24 = sch.split(loop=l4, factors=[v21, v22], preserve_unit_iters=True, disable_predication=False)
sch.reorder(l9, l17, l10, l18, l23, l11, l19, l24, l12, l20)
sch.annotate(block_or_loop=b1, ann_key="meta_schedule.parallel", ann_val=128)
sch.annotate(block_or_loop=b1, ann_key="meta_schedule.vectorize", ann_val=64)
v25 = sch.sample_categorical(candidates=[0, 16, 64, 512], probs=[0.25, 0.25, 0.25, 0.25], decision=0)
sch.annotate(block_or_loop=b1, ann_key="meta_schedule.unroll_explicit", ann_val=v25)
2026-04-10 14:08:28 [INFO] [evolutionary_search.cc:711] Generating candidates......
2026-04-10 14:08:28 [INFO] [evolutionary_search.cc:713] Picked top 0 candidate(s) from database
2026-04-10 14:08:28 [INFO] [evolutionary_search.cc:530] Sample-Init-Population summary:
Postproc #0 [meta_schedule.DisallowDynamicLoop(0x5cca8aa32638)]: 0 failure(s)
Postproc #1 [meta_schedule.RewriteParallelVectorizeUnroll(0x5cca8aa28808)]: 0 failure(s)
Postproc #2 [meta_schedule.RewriteReductionBlock(0x5cca8b2f3908)]: 0 failure(s)
Postproc #3 [meta_schedule.RewriteLayout(0x5cca8af28548)]: 0 failure(s)
2026-04-10 14:08:28 [INFO] [evolutionary_search.cc:721] Sampled 384 candidate(s)
2026-04-10 14:08:28 [INFO] [evolutionary_search.cc:619] Evolve iter #0 done. Summary:
Postproc #0 [meta_schedule.DisallowDynamicLoop(0x5cca8aa32638)]: 0 failure(s)
Postproc #1 [meta_schedule.RewriteParallelVectorizeUnroll(0x5cca8aa28808)]: 0 failure(s)
Postproc #2 [meta_schedule.RewriteReductionBlock(0x5cca8b2f3908)]: 0 failure(s)
Postproc #3 [meta_schedule.RewriteLayout(0x5cca8af28548)]: 0 failure(s)
2026-04-10 14:08:28 [INFO] [evolutionary_search.cc:619] Evolve iter #1 done. Summary:
Postproc #0 [meta_schedule.DisallowDynamicLoop(0x5cca8aa32638)]: 0 failure(s)
Postproc #1 [meta_schedule.RewriteParallelVectorizeUnroll(0x5cca8aa28808)]: 0 failure(s)
Postproc #2 [meta_schedule.RewriteReductionBlock(0x5cca8b2f3908)]: 0 failure(s)
Postproc #3 [meta_schedule.RewriteLayout(0x5cca8af28548)]: 0 failure(s)
2026-04-10 14:08:29 [INFO] [evolutionary_search.cc:619] Evolve iter #2 done. Summary:
Postproc #0 [meta_schedule.DisallowDynamicLoop(0x5cca8aa32638)]: 0 failure(s)
Postproc #1 [meta_schedule.RewriteParallelVectorizeUnroll(0x5cca8aa28808)]: 0 failure(s)
Postproc #2 [meta_schedule.RewriteReductionBlock(0x5cca8b2f3908)]: 0 failure(s)
Postproc #3 [meta_schedule.RewriteLayout(0x5cca8af28548)]: 0 failure(s)
2026-04-10 14:08:29 [INFO] [evolutionary_search.cc:647] Scores of the best 64 candidates:
[1 : 16]:	0.9998  0.9992  0.9981  0.9970  0.9940  0.9926  0.9919  0.9915  0.9906  0.9896  0.9894  0.9875  0.9870  0.9853  0.9850  0.9844
[17 : 32]:	0.9843  0.9843  0.9823  0.9819  0.9817  0.9809  0.9808  0.9802  0.9787  0.9782  0.9780  0.9780  0.9774  0.9771  0.9765  0.9765
[33 : 48]:	0.9764  0.9733  0.9732  0.9721  0.9719  0.9711  0.9710  0.9706  0.9703  0.9692  0.9687  0.9684  0.9684  0.9678  0.9667  0.9660
[49 : 64]:	0.9658  0.9644  0.9642  0.9633  0.9620  0.9620  0.9610  0.9584  0.9578  0.9562  0.9561  0.9558  0.9557  0.9556  0.9541  0.9531
2026-04-10 14:08:29 [INFO] [evolutionary_search.cc:725] Got 64 candidate(s) with evolutionary search
2026-04-10 14:08:29 [INFO] [evolutionary_search.cc:728] Sending 63 candidates(s) for measurement
2026-04-10 14:08:50 [INFO] [task_scheduler.cc:137] [Task #0: main] Trial #1: GFLOPs: 12.4053. Time: 6085.9211 us. Best GFLOPs: 12.4053
2026-04-10 14:08:50 [INFO] [task_scheduler.cc:137] [Task #0: main] Trial #2: GFLOPs: 25.9095. Time: 2913.8871 us. Best GFLOPs: 25.9095
2026-04-10 14:08:50 [INFO] [task_scheduler.cc:137] [Task #0: main] Trial #3: GFLOPs: 5.1949. Time: 14533.0420 us. Best GFLOPs: 25.9095
2026-04-10 14:08:50 [INFO] [task_scheduler.cc:137] [Task #0: main] Trial #4: GFLOPs: 50.1972. Time: 1504.0185 us. Best GFLOPs: 50.1972
2026-04-10 14:08:50 [INFO] [task_scheduler.cc:137] [Task #0: main] Trial #5: GFLOPs: 50.2360. Time: 1502.8568 us. Best GFLOPs: 50.2360
2026-04-10 14:08:50 [INFO] [task_scheduler.cc:137] [Task #0: main] Trial #6: GFLOPs: 69.9839. Time: 1078.7827 us. Best GFLOPs: 69.9839
2026-04-10 14:08:50 [INFO] [task_scheduler.cc:137] [Task #0: main] Trial #7: GFLOPs: 23.4451. Time: 3220.1790 us. Best GFLOPs: 69.9839
2026-04-10 14:08:50 [INFO] [task_scheduler.cc:137] [Task #0: main] Trial #8: GFLOPs: 12.4364. Time: 6070.6990 us. Best GFLOPs: 69.9839
2026-04-10 14:08:50 [INFO] [task_scheduler.cc:137] [Task #0: main] Trial #9: GFLOPs: 18.8250. Time: 4010.4850 us. Best GFLOPs: 69.9839
2026-04-10 14:08:50 [INFO] [task_scheduler.cc:137] [Task #0: main] Trial #10: GFLOPs: 6.3161. Time: 11953.2010 us. Best GFLOPs: 69.9839
2026-04-10 14:08:50 [INFO] [task_scheduler.cc:137] [Task #0: main] Trial #11: GFLOPs: 12.2693. Time: 6153.3620 us. Best GFLOPs: 69.9839
2026-04-10 14:08:50 [INFO] [task_scheduler.cc:137] [Task #0: main] Trial #12: GFLOPs: 46.8644. Time: 1610.9787 us. Best GFLOPs: 69.9839
2026-04-10 14:08:50 [INFO] [task_scheduler.cc:137] [Task #0: main] Trial #13: GFLOPs: 26.5970. Time: 2838.5745 us. Best GFLOPs: 69.9839
2026-04-10 14:08:50 [INFO] [task_scheduler.cc:137] [Task #0: main] Trial #14: GFLOPs: 38.8684. Time: 1942.3865 us. Best GFLOPs: 69.9839
2026-04-10 14:08:50 [INFO] [task_scheduler.cc:137] [Task #0: main] Trial #15: GFLOPs: 50.3061. Time: 1500.7625 us. Best GFLOPs: 69.9839
2026-04-10 14:08:50 [INFO] [task_scheduler.cc:137] [Task #0: main] Trial #16: GFLOPs: 27.0871. Time: 2787.2108 us. Best GFLOPs: 69.9839
2026-04-10 14:08:50 [INFO] [task_scheduler.cc:137] [Task #0: main] Trial #17: GFLOPs: 82.5018. Time: 915.1013 us. Best GFLOPs: 82.5018
2026-04-10 14:08:50 [INFO] [task_scheduler.cc:137] [Task #0: main] Trial #18: GFLOPs: 5.2678. Time: 14331.9387 us. Best GFLOPs: 82.5018
2026-04-10 14:08:50 [INFO] [task_scheduler.cc:137] [Task #0: main] Trial #19: GFLOPs: 35.6508. Time: 2117.6963 us. Best GFLOPs: 82.5018
2026-04-10 14:08:50 [INFO] [task_scheduler.cc:137] [Task #0: main] Trial #20: GFLOPs: 27.6125. Time: 2734.1803 us. Best GFLOPs: 82.5018
2026-04-10 14:08:50 [INFO] [task_scheduler.cc:137] [Task #0: main] Trial #21: GFLOPs: 21.5455. Time: 3504.0875 us. Best GFLOPs: 82.5018
2026-04-10 14:08:50 [INFO] [task_scheduler.cc:137] [Task #0: main] Trial #22: GFLOPs: 61.7892. Time: 1221.8549 us. Best GFLOPs: 82.5018
2026-04-10 14:08:50 [INFO] [task_scheduler.cc:137] [Task #0: main] Trial #23: GFLOPs: 16.3327. Time: 4622.4800 us. Best GFLOPs: 82.5018
2026-04-10 14:08:50 [INFO] [task_scheduler.cc:137] [Task #0: main] Trial #24: GFLOPs: 61.5527. Time: 1226.5511 us. Best GFLOPs: 82.5018
2026-04-10 14:08:50 [INFO] [task_scheduler.cc:137] [Task #0: main] Trial #25: GFLOPs: 38.7571. Time: 1947.9654 us. Best GFLOPs: 82.5018
2026-04-10 14:08:50 [INFO] [task_scheduler.cc:137] [Task #0: main] Trial #26: GFLOPs: 26.3631. Time: 2863.7545 us. Best GFLOPs: 82.5018
2026-04-10 14:08:50 [INFO] [task_scheduler.cc:137] [Task #0: main] Trial #27: GFLOPs: 18.0236. Time: 4188.8134 us. Best GFLOPs: 82.5018
2026-04-10 14:08:50 [INFO] [task_scheduler.cc:137] [Task #0: main] Trial #28: GFLOPs: 1.4793. Time: 51036.4095 us. Best GFLOPs: 82.5018
2026-04-10 14:08:50 [INFO] [task_scheduler.cc:137] [Task #0: main] Trial #29: GFLOPs: 60.1432. Time: 1255.2954 us. Best GFLOPs: 82.5018
2026-04-10 14:08:50 [INFO] [task_scheduler.cc:137] [Task #0: main] Trial #30: GFLOPs: 2.9451. Time: 25634.8495 us. Best GFLOPs: 82.5018
2026-04-10 14:08:50 [INFO] [task_scheduler.cc:137] [Task #0: main] Trial #31: GFLOPs: 36.1737. Time: 2087.0812 us. Best GFLOPs: 82.5018
2026-04-10 14:08:50 [INFO] [task_scheduler.cc:137] [Task #0: main] Trial #32: GFLOPs: 27.9492. Time: 2701.2370 us. Best GFLOPs: 82.5018
2026-04-10 14:08:50 [INFO] [task_scheduler.cc:137] [Task #0: main] Trial #33: GFLOPs: 12.9302. Time: 5838.8623 us. Best GFLOPs: 82.5018
2026-04-10 14:08:50 [INFO] [task_scheduler.cc:137] [Task #0: main] Trial #34: GFLOPs: 51.4333. Time: 1467.8722 us. Best GFLOPs: 82.5018
2026-04-10 14:08:50 [INFO] [task_scheduler.cc:137] [Task #0: main] Trial #35: GFLOPs: 9.7673. Time: 7729.6543 us. Best GFLOPs: 82.5018
2026-04-10 14:08:50 [INFO] [task_scheduler.cc:137] [Task #0: main] Trial #36: GFLOPs: 17.2431. Time: 4378.4142 us. Best GFLOPs: 82.5018
2026-04-10 14:08:50 [INFO] [task_scheduler.cc:137] [Task #0: main] Trial #37: GFLOPs: 6.5136. Time: 11590.7545 us. Best GFLOPs: 82.5018
2026-04-10 14:08:50 [INFO] [task_scheduler.cc:137] [Task #0: main] Trial #38: GFLOPs: 26.1441. Time: 2887.7454 us. Best GFLOPs: 82.5018
2026-04-10 14:08:50 [INFO] [task_scheduler.cc:137] [Task #0: main] Trial #39: GFLOPs: 8.7078. Time: 8670.0892 us. Best GFLOPs: 82.5018
2026-04-10 14:08:50 [INFO] [task_scheduler.cc:137] [Task #0: main] Trial #40: GFLOPs: 25.9890. Time: 2904.9779 us. Best GFLOPs: 82.5018
2026-04-10 14:08:50 [INFO] [task_scheduler.cc:137] [Task #0: main] Trial #41: GFLOPs: 50.9611. Time: 1481.4725 us. Best GFLOPs: 82.5018
2026-04-10 14:08:50 [INFO] [task_scheduler.cc:137] [Task #0: main] Trial #42: GFLOPs: 19.8183. Time: 3809.4910 us. Best GFLOPs: 82.5018
2026-04-10 14:08:50 [INFO] [task_scheduler.cc:137] [Task #0: main] Trial #43: GFLOPs: 14.2931. Time: 5282.0810 us. Best GFLOPs: 82.5018
2026-04-10 14:08:50 [INFO] [task_scheduler.cc:137] [Task #0: main] Trial #44: GFLOPs: 1.5698. Time: 48093.2295 us. Best GFLOPs: 82.5018
2026-04-10 14:08:50 [INFO] [task_scheduler.cc:137] [Task #0: main] Trial #45: GFLOPs: 20.5913. Time: 3666.4832 us. Best GFLOPs: 82.5018
2026-04-10 14:08:50 [INFO] [task_scheduler.cc:137] [Task #0: main] Trial #46: GFLOPs: 41.0002. Time: 1841.3939 us. Best GFLOPs: 82.5018
2026-04-10 14:08:50 [INFO] [task_scheduler.cc:137] [Task #0: main] Trial #47: GFLOPs: 26.2746. Time: 2873.4043 us. Best GFLOPs: 82.5018
2026-04-10 14:08:50 [INFO] [task_scheduler.cc:137] [Task #0: main] Trial #48: GFLOPs: 31.6228. Time: 2387.4416 us. Best GFLOPs: 82.5018
2026-04-10 14:08:50 [INFO] [task_scheduler.cc:137] [Task #0: main] Trial #49: GFLOPs: 50.6466. Time: 1490.6707 us. Best GFLOPs: 82.5018
2026-04-10 14:08:50 [INFO] [task_scheduler.cc:137] [Task #0: main] Trial #50: GFLOPs: 18.2639. Time: 4133.6921 us. Best GFLOPs: 82.5018
2026-04-10 14:08:50 [INFO] [task_scheduler.cc:137] [Task #0: main] Trial #51: GFLOPs: 27.5965. Time: 2735.7611 us. Best GFLOPs: 82.5018
2026-04-10 14:08:50 [INFO] [task_scheduler.cc:137] [Task #0: main] Trial #52: GFLOPs: 15.6736. Time: 4816.8613 us. Best GFLOPs: 82.5018
2026-04-10 14:08:50 [INFO] [task_scheduler.cc:137] [Task #0: main] Trial #53: GFLOPs: 65.2776. Time: 1156.5601 us. Best GFLOPs: 82.5018
2026-04-10 14:08:50 [INFO] [task_scheduler.cc:137] [Task #0: main] Trial #54: GFLOPs: 41.0084. Time: 1841.0243 us. Best GFLOPs: 82.5018
2026-04-10 14:08:50 [INFO] [task_scheduler.cc:137] [Task #0: main] Trial #55: GFLOPs: 33.2058. Time: 2273.6246 us. Best GFLOPs: 82.5018
2026-04-10 14:08:50 [INFO] [task_scheduler.cc:137] [Task #0: main] Trial #56: GFLOPs: 43.7513. Time: 1725.6063 us. Best GFLOPs: 82.5018
2026-04-10 14:08:50 [INFO] [task_scheduler.cc:137] [Task #0: main] Trial #57: GFLOPs: 55.6139. Time: 1357.5293 us. Best GFLOPs: 82.5018
2026-04-10 14:08:50 [INFO] [task_scheduler.cc:137] [Task #0: main] Trial #58: GFLOPs: 23.2693. Time: 3244.5038 us. Best GFLOPs: 82.5018
2026-04-10 14:08:50 [INFO] [task_scheduler.cc:137] [Task #0: main] Trial #59: GFLOPs: 9.6634. Time: 7812.7480 us. Best GFLOPs: 82.5018
2026-04-10 14:08:50 [INFO] [task_scheduler.cc:137] [Task #0: main] Trial #60: GFLOPs: 22.4165. Time: 3367.9431 us. Best GFLOPs: 82.5018
2026-04-10 14:08:50 [INFO] [task_scheduler.cc:137] [Task #0: main] Trial #61: GFLOPs: 5.7654. Time: 13095.0065 us. Best GFLOPs: 82.5018
2026-04-10 14:08:50 [INFO] [task_scheduler.cc:137] [Task #0: main] Trial #62: GFLOPs: 10.1970. Time: 7403.8613 us. Best GFLOPs: 82.5018
2026-04-10 14:08:50 [INFO] [task_scheduler.cc:137] [Task #0: main] Trial #63: GFLOPs: 42.3554. Time: 1782.4743 us. Best GFLOPs: 82.5018
2026-04-10 14:08:50 [INFO] [evolutionary_search.cc:711] Generating candidates......
2026-04-10 14:08:50 [INFO] [evolutionary_search.cc:713] Picked top 63 candidate(s) from database
2026-04-10 14:08:50 [INFO] [evolutionary_search.cc:530] Sample-Init-Population summary:
Postproc #0 [meta_schedule.DisallowDynamicLoop(0x5cca8aa32638)]: 0 failure(s)
Postproc #1 [meta_schedule.RewriteParallelVectorizeUnroll(0x5cca8aa28808)]: 0 failure(s)
Postproc #2 [meta_schedule.RewriteReductionBlock(0x5cca8b2f3908)]: 0 failure(s)
Postproc #3 [meta_schedule.RewriteLayout(0x5cca8af28548)]: 0 failure(s)
2026-04-10 14:08:50 [INFO] [evolutionary_search.cc:721] Sampled 321 candidate(s)
2026-04-10 14:08:51 [INFO] [evolutionary_search.cc:619] Evolve iter #0 done. Summary:
Postproc #0 [meta_schedule.DisallowDynamicLoop(0x5cca8aa32638)]: 0 failure(s)
Postproc #1 [meta_schedule.RewriteParallelVectorizeUnroll(0x5cca8aa28808)]: 0 failure(s)
Postproc #2 [meta_schedule.RewriteReductionBlock(0x5cca8b2f3908)]: 0 failure(s)
Postproc #3 [meta_schedule.RewriteLayout(0x5cca8af28548)]: 0 failure(s)
2026-04-10 14:08:51 [INFO] [evolutionary_search.cc:619] Evolve iter #1 done. Summary:
Postproc #0 [meta_schedule.DisallowDynamicLoop(0x5cca8aa32638)]: 0 failure(s)
Postproc #1 [meta_schedule.RewriteParallelVectorizeUnroll(0x5cca8aa28808)]: 0 failure(s)
Postproc #2 [meta_schedule.RewriteReductionBlock(0x5cca8b2f3908)]: 0 failure(s)
Postproc #3 [meta_schedule.RewriteLayout(0x5cca8af28548)]: 0 failure(s)
2026-04-10 14:08:51 [INFO] [evolutionary_search.cc:619] Evolve iter #2 done. Summary:
Postproc #0 [meta_schedule.DisallowDynamicLoop(0x5cca8aa32638)]: 0 failure(s)
Postproc #1 [meta_schedule.RewriteParallelVectorizeUnroll(0x5cca8aa28808)]: 0 failure(s)
Postproc #2 [meta_schedule.RewriteReductionBlock(0x5cca8b2f3908)]: 0 failure(s)
Postproc #3 [meta_schedule.RewriteLayout(0x5cca8af28548)]: 0 failure(s)
2026-04-10 14:08:51 [INFO] [evolutionary_search.cc:647] Scores of the best 1 candidates:
[1 : 1]:	0.9996
2026-04-10 14:08:51 [INFO] [evolutionary_search.cc:725] Got 1 candidate(s) with evolutionary search
2026-04-10 14:08:51 [INFO] [evolutionary_search.cc:728] Sending 1 candidates(s) for measurement
2026-04-10 14:08:53 [INFO] [task_scheduler.cc:137] [Task #0: main] Trial #64: GFLOPs: 27.6001. Time: 2735.4025 us. Best GFLOPs: 82.5018
2026-04-10 15:17:02 [INFO] [task_scheduler.cc:166] Initializing Task #0: "main"
2026-04-10 15:17:02 [INFO] [task_scheduler.cc:41] 
# from tvm.script import ir as I
# from tvm.script import tir as T

@I.ir_module
class Module:
    @T.prim_func
    def main(A: T.Buffer((16, 3072), "float32"), B: T.Buffer((3072, 768), "float32"), C: T.Buffer((16, 768), "float32")):
        T.func_attr({"tir.noalias": True})
        # with T.block("root"):
        for i, j, k in T.grid(16, 768, 3072):
            with T.block("C"):
                vi, vj, vk = T.axis.remap("SSR", [i, j, k])
                T.reads(A[vi, vk], B[vk, vj])
                T.writes(C[vi, vj])
                with T.init():
                    C[vi, vj] = T.float32(0.0)
                C[vi, vj] = C[vi, vj] + A[vi, vk] * B[vk, vj]
2026-04-10 15:17:02 [INFO] [task_scheduler.cc:170] Total 3 design space(s) generated
2026-04-10 15:17:02 [INFO] [task_scheduler.cc:176] Design space #0:
# from tvm.script import ir as I
# from tvm.script import tir as T

@I.ir_module
class Module:
    @T.prim_func
    def main(A: T.Buffer((16, 3072), "float32"), B: T.Buffer((3072, 768), "float32"), C: T.Buffer((16, 768), "float32")):
        T.func_attr({"tir.noalias": True})
        with T.block("root"):
            T.reads()
            T.writes()
            T.block_attr({"meta_schedule.parallel": 128, "meta_schedule.unroll_explicit": 16, "meta_schedule.vectorize": 64})
            C_global = T.alloc_buffer((16, 768))
            for i_0, j_0, i_1, j_1 in T.grid(2, 4, 4, 12):
                for k_0, i_2, j_2, k_1, i_3, j_3 in T.grid(1024, 1, 4, 3, 2, 4):
                    with T.block("C"):
                        vi = T.axis.spatial(16, i_0 * 8 + i_1 * 2 + i_2 * 2 + i_3)
                        vj = T.axis.spatial(768, j_0 * 192 + j_1 * 16 + j_2 * 4 + j_3)
                        vk = T.axis.reduce(3072, k_0 * 3 + k_1)
                        T.reads(A[vi, vk], B[vk, vj])
                        T.writes(C_global[vi, vj])
                        T.block_attr({"meta_schedule.tiling_structure": "SSRSRS"})
                        with T.init():
                            C_global[vi, vj] = T.float32(0.0)
                        C_global[vi, vj] = C_global[vi, vj] + A[vi, vk] * B[vk, vj]
                for ax0, ax1 in T.grid(2, 16):
                    with T.block("C_global"):
                        v0 = T.axis.spatial(16, i_0 * 8 + i_1 * 2 + ax0)
                        v1 = T.axis.spatial(768, j_0 * 192 + j_1 * 16 + ax1)
                        T.reads(C_global[v0, v1])
                        T.writes(C[v0, v1])
                        C[v0, v1] = C_global[v0, v1]
b0 = sch.get_block(name="C", func_name="main")
b1 = sch.get_block(name="root", func_name="main")
sch.annotate(block_or_loop=b0, ann_key="meta_schedule.tiling_structure", ann_val="SSRSRS")
l2, l3, l4 = sch.get_loops(block=b0)
v5, v6, v7, v8 = sch.sample_perfect_tile(loop=l2, n=4, max_innermost_factor=64, decision=[2, 4, 1, 2])
l9, l10, l11, l12 = sch.split(loop=l2, factors=[v5, v6, v7, v8], preserve_unit_iters=True, disable_predication=False)
v13, v14, v15, v16 = sch.sample_perfect_tile(loop=l3, n=4, max_innermost_factor=64, decision=[4, 12, 4, 4])
l17, l18, l19, l20 = sch.split(loop=l3, factors=[v13, v14, v15, v16], preserve_unit_iters=True, disable_predication=False)
v21, v22 = sch.sample_perfect_tile(loop=l4, n=2, max_innermost_factor=64, decision=[1024, 3])
l23, l24 = sch.split(loop=l4, factors=[v21, v22], preserve_unit_iters=True, disable_predication=False)
sch.reorder(l9, l17, l10, l18, l23, l11, l19, l24, l12, l20)
b25 = sch.cache_write(block=b0, write_buffer_index=0, storage_scope="global")
sch.reverse_compute_at(block=b25, loop=l18, preserve_unit_loops=True, index=-1)
sch.annotate(block_or_loop=b1, ann_key="meta_schedule.parallel", ann_val=128)
sch.annotate(block_or_loop=b1, ann_key="meta_schedule.vectorize", ann_val=64)
v26 = sch.sample_categorical(candidates=[0, 16, 64, 512], probs=[0.25, 0.25, 0.25, 0.25], decision=1)
sch.annotate(block_or_loop=b1, ann_key="meta_schedule.unroll_explicit", ann_val=v26)
2026-04-10 15:17:02 [INFO] [task_scheduler.cc:176] Design space #1:
# from tvm.script import ir as I
# from tvm.script import tir as T

@I.ir_module
class Module:
    @T.prim_func
    def main(A: T.Buffer((16, 3072), "float32"), B: T.Buffer((3072, 768), "float32"), C: T.Buffer((16, 768), "float32")):
        T.func_attr({"tir.noalias": True})
        with T.block("root"):
            T.reads()
            T.writes()
            T.block_attr({"meta_schedule.parallel": 128, "meta_schedule.unroll_explicit": 512, "meta_schedule.vectorize": 64})
            C_global = T.alloc_buffer((16, 768))
            for i_0, j_0 in T.grid(2, 4):
                for i_1, j_1, k_0, i_2, j_2, k_1, i_3, j_3 in T.grid(4, 12, 1024, 1, 4, 3, 2, 4):
                    with T.block("C"):
                        vi = T.axis.spatial(16, i_0 * 8 + i_1 * 2 + i_2 * 2 + i_3)
                        vj = T.axis.spatial(768, j_0 * 192 + j_1 * 16 + j_2 * 4 + j_3)
                        vk = T.axis.reduce(3072, k_0 * 3 + k_1)
                        T.reads(A[vi, vk], B[vk, vj])
                        T.writes(C_global[vi, vj])
                        T.block_attr({"meta_schedule.tiling_structure": "SSRSRS"})
                        with T.init():
                            C_global[vi, vj] = T.float32(0.0)
                        C_global[vi, vj] = C_global[vi, vj] + A[vi, vk] * B[vk, vj]
                for ax0, ax1 in T.grid(8, 192):
                    with T.block("C_global"):
                        v0 = T.axis.spatial(16, i_0 * 8 + ax0)
                        v1 = T.axis.spatial(768, j_0 * 192 + ax1)
                        T.reads(C_global[v0, v1])
                        T.writes(C[v0, v1])
                        C[v0, v1] = C_global[v0, v1]
b0 = sch.get_block(name="C", func_name="main")
b1 = sch.get_block(name="root", func_name="main")
sch.annotate(block_or_loop=b0, ann_key="meta_schedule.tiling_structure", ann_val="SSRSRS")
l2, l3, l4 = sch.get_loops(block=b0)
v5, v6, v7, v8 = sch.sample_perfect_tile(loop=l2, n=4, max_innermost_factor=64, decision=[2, 4, 1, 2])
l9, l10, l11, l12 = sch.split(loop=l2, factors=[v5, v6, v7, v8], preserve_unit_iters=True, disable_predication=False)
v13, v14, v15, v16 = sch.sample_perfect_tile(loop=l3, n=4, max_innermost_factor=64, decision=[4, 12, 4, 4])
l17, l18, l19, l20 = sch.split(loop=l3, factors=[v13, v14, v15, v16], preserve_unit_iters=True, disable_predication=False)
v21, v22 = sch.sample_perfect_tile(loop=l4, n=2, max_innermost_factor=64, decision=[1024, 3])
l23, l24 = sch.split(loop=l4, factors=[v21, v22], preserve_unit_iters=True, disable_predication=False)
sch.reorder(l9, l17, l10, l18, l23, l11, l19, l24, l12, l20)
b25 = sch.cache_write(block=b0, write_buffer_index=0, storage_scope="global")
sch.reverse_compute_at(block=b25, loop=l17, preserve_unit_loops=True, index=-1)
sch.annotate(block_or_loop=b1, ann_key="meta_schedule.parallel", ann_val=128)
sch.annotate(block_or_loop=b1, ann_key="meta_schedule.vectorize", ann_val=64)
v26 = sch.sample_categorical(candidates=[0, 16, 64, 512], probs=[0.25, 0.25, 0.25, 0.25], decision=3)
sch.annotate(block_or_loop=b1, ann_key="meta_schedule.unroll_explicit", ann_val=v26)
2026-04-10 15:17:02 [INFO] [task_scheduler.cc:176] Design space #2:
# from tvm.script import ir as I
# from tvm.script import tir as T

@I.ir_module
class Module:
    @T.prim_func
    def main(A: T.Buffer((16, 3072), "float32"), B: T.Buffer((3072, 768), "float32"), C: T.Buffer((16, 768), "float32")):
        T.func_attr({"tir.noalias": True})
        with T.block("root"):
            T.reads()
            T.writes()
            T.block_attr({"meta_schedule.parallel": 128, "meta_schedule.unroll_explicit": 0, "meta_schedule.vectorize": 64})
            for i_0, j_0, i_1, j_1, k_0, i_2, j_2, k_1, i_3, j_3 in T.grid(2, 4, 4, 12, 1024, 1, 4, 3, 2, 4):
                with T.block("C"):
                    vi = T.axis.spatial(16, i_0 * 8 + i_1 * 2 + i_2 * 2 + i_3)
                    vj = T.axis.spatial(768, j_0 * 192 + j_1 * 16 + j_2 * 4 + j_3)
                    vk = T.axis.reduce(3072, k_0 * 3 + k_1)
                    T.reads(A[vi, vk], B[vk, vj])
                    T.writes(C[vi, vj])
                    T.block_attr({"meta_schedule.tiling_structure": "SSRSRS"})
                    with T.init():
                        C[vi, vj] = T.float32(0.0)
                    C[vi, vj] = C[vi, vj] + A[vi, vk] * B[vk, vj]
b0 = sch.get_block(name="C", func_name="main")
b1 = sch.get_block(name="root", func_name="main")
sch.annotate(block_or_loop=b0, ann_key="meta_schedule.tiling_structure", ann_val="SSRSRS")
l2, l3, l4 = sch.get_loops(block=b0)
v5, v6, v7, v8 = sch.sample_perfect_tile(loop=l2, n=4, max_innermost_factor=64, decision=[2, 4, 1, 2])
l9, l10, l11, l12 = sch.split(loop=l2, factors=[v5, v6, v7, v8], preserve_unit_iters=True, disable_predication=False)
v13, v14, v15, v16 = sch.sample_perfect_tile(loop=l3, n=4, max_innermost_factor=64, decision=[4, 12, 4, 4])
l17, l18, l19, l20 = sch.split(loop=l3, factors=[v13, v14, v15, v16], preserve_unit_iters=True, disable_predication=False)
v21, v22 = sch.sample_perfect_tile(loop=l4, n=2, max_innermost_factor=64, decision=[1024, 3])
l23, l24 = sch.split(loop=l4, factors=[v21, v22], preserve_unit_iters=True, disable_predication=False)
sch.reorder(l9, l17, l10, l18, l23, l11, l19, l24, l12, l20)
sch.annotate(block_or_loop=b1, ann_key="meta_schedule.parallel", ann_val=128)
sch.annotate(block_or_loop=b1, ann_key="meta_schedule.vectorize", ann_val=64)
v25 = sch.sample_categorical(candidates=[0, 16, 64, 512], probs=[0.25, 0.25, 0.25, 0.25], decision=0)
sch.annotate(block_or_loop=b1, ann_key="meta_schedule.unroll_explicit", ann_val=v25)
2026-04-10 15:17:02 [INFO] [evolutionary_search.cc:711] Generating candidates......
2026-04-10 15:17:02 [INFO] [evolutionary_search.cc:713] Picked top 64 candidate(s) from database
2026-04-10 15:17:02 [INFO] [evolutionary_search.cc:530] Sample-Init-Population summary:
Postproc #0 [meta_schedule.DisallowDynamicLoop(0x57659335f778)]: 0 failure(s)
Postproc #1 [meta_schedule.RewriteParallelVectorizeUnroll(0x576592f961d8)]: 0 failure(s)
Postproc #2 [meta_schedule.RewriteReductionBlock(0x576592ee1428)]: 0 failure(s)
Postproc #3 [meta_schedule.RewriteLayout(0x576592b8c0a8)]: 0 failure(s)
2026-04-10 15:17:02 [INFO] [evolutionary_search.cc:721] Sampled 397 candidate(s)
2026-04-10 15:17:03 [INFO] [evolutionary_search.cc:619] Evolve iter #0 done. Summary:
Postproc #0 [meta_schedule.DisallowDynamicLoop(0x57659335f778)]: 0 failure(s)
Postproc #1 [meta_schedule.RewriteParallelVectorizeUnroll(0x576592f961d8)]: 0 failure(s)
Postproc #2 [meta_schedule.RewriteReductionBlock(0x576592ee1428)]: 0 failure(s)
Postproc #3 [meta_schedule.RewriteLayout(0x576592b8c0a8)]: 0 failure(s)
2026-04-10 15:17:03 [INFO] [evolutionary_search.cc:619] Evolve iter #1 done. Summary:
Postproc #0 [meta_schedule.DisallowDynamicLoop(0x57659335f778)]: 0 failure(s)
Postproc #1 [meta_schedule.RewriteParallelVectorizeUnroll(0x576592f961d8)]: 0 failure(s)
Postproc #2 [meta_schedule.RewriteReductionBlock(0x576592ee1428)]: 0 failure(s)
Postproc #3 [meta_schedule.RewriteLayout(0x576592b8c0a8)]: 0 failure(s)
2026-04-10 15:17:03 [INFO] [evolutionary_search.cc:619] Evolve iter #2 done. Summary:
Postproc #0 [meta_schedule.DisallowDynamicLoop(0x57659335f778)]: 0 failure(s)
Postproc #1 [meta_schedule.RewriteParallelVectorizeUnroll(0x576592f961d8)]: 0 failure(s)
Postproc #2 [meta_schedule.RewriteReductionBlock(0x576592ee1428)]: 0 failure(s)
Postproc #3 [meta_schedule.RewriteLayout(0x576592b8c0a8)]: 0 failure(s)
2026-04-10 15:17:03 [INFO] [evolutionary_search.cc:647] Scores of the best 64 candidates:
[1 : 16]:	0.9996  0.9989  0.9989  0.9977  0.9976  0.9968  0.9953  0.9944  0.9932  0.9932  0.9930  0.9918  0.9910  0.9902  0.9872  0.9870
[17 : 32]:	0.9868  0.9865  0.9838  0.9836  0.9834  0.9830  0.9822  0.9818  0.9813  0.9804  0.9801  0.9792  0.9791  0.9790  0.9780  0.9774
[33 : 48]:	0.9772  0.9760  0.9759  0.9755  0.9754  0.9751  0.9741  0.9740  0.9736  0.9732  0.9700  0.9693  0.9676  0.9672  0.9667  0.9664
[49 : 64]:	0.9662  0.9654  0.9647  0.9638  0.9616  0.9608  0.9594  0.9590  0.9588  0.9582  0.9565  0.9559  0.9559  0.9559  0.9554  0.9551
2026-04-10 15:17:03 [INFO] [evolutionary_search.cc:725] Got 64 candidate(s) with evolutionary search
2026-04-10 15:17:03 [INFO] [evolutionary_search.cc:728] Sending 64 candidates(s) for measurement
2026-04-10 15:17:26 [INFO] [task_scheduler.cc:137] [Task #0: main] Trial #1: GFLOPs: 15.2491. Time: 4950.9568 us. Best GFLOPs: 15.2491
2026-04-10 15:17:26 [INFO] [task_scheduler.cc:137] [Task #0: main] Trial #2: GFLOPs: 4.3008. Time: 17554.4888 us. Best GFLOPs: 15.2491
2026-04-10 15:17:26 [INFO] [task_scheduler.cc:137] [Task #0: main] Trial #3: GFLOPs: 3.6576. Time: 20641.1400 us. Best GFLOPs: 15.2491
2026-04-10 15:17:26 [INFO] [task_scheduler.cc:137] [Task #0: main] Trial #4: GFLOPs: 44.7724. Time: 1686.2511 us. Best GFLOPs: 44.7724
2026-04-10 15:17:26 [INFO] [task_scheduler.cc:137] [Task #0: main] Trial #5: GFLOPs: 17.1485. Time: 4402.5775 us. Best GFLOPs: 44.7724
2026-04-10 15:17:26 [INFO] [task_scheduler.cc:137] [Task #0: main] Trial #6: GFLOPs: 4.3206. Time: 17473.6640 us. Best GFLOPs: 44.7724
2026-04-10 15:17:26 [INFO] [task_scheduler.cc:137] [Task #0: main] Trial #7: GFLOPs: 19.0669. Time: 3959.6125 us. Best GFLOPs: 44.7724
2026-04-10 15:17:26 [INFO] [task_scheduler.cc:137] [Task #0: main] Trial #8: GFLOPs: 25.5371. Time: 2956.3821 us. Best GFLOPs: 44.7724
2026-04-10 15:17:26 [INFO] [task_scheduler.cc:137] [Task #0: main] Trial #9: GFLOPs: 20.8602. Time: 3619.2192 us. Best GFLOPs: 44.7724
2026-04-10 15:17:26 [INFO] [task_scheduler.cc:137] [Task #0: main] Trial #10: GFLOPs: 20.7486. Time: 3638.6816 us. Best GFLOPs: 44.7724
2026-04-10 15:17:26 [INFO] [task_scheduler.cc:137] [Task #0: main] Trial #11: GFLOPs: 27.7978. Time: 2715.9484 us. Best GFLOPs: 44.7724
2026-04-10 15:17:26 [INFO] [task_scheduler.cc:137] [Task #0: main] Trial #12: GFLOPs: 15.3330. Time: 4923.8582 us. Best GFLOPs: 44.7724
2026-04-10 15:17:26 [INFO] [task_scheduler.cc:137] [Task #0: main] Trial #13: GFLOPs: 25.3946. Time: 2972.9679 us. Best GFLOPs: 44.7724
2026-04-10 15:17:26 [INFO] [task_scheduler.cc:137] [Task #0: main] Trial #14: GFLOPs: 14.5751. Time: 5179.8781 us. Best GFLOPs: 44.7724
2026-04-10 15:17:26 [INFO] [task_scheduler.cc:137] [Task #0: main] Trial #15: GFLOPs: 20.3095. Time: 3717.3408 us. Best GFLOPs: 44.7724
2026-04-10 15:17:26 [INFO] [task_scheduler.cc:137] [Task #0: main] Trial #16: GFLOPs: 26.6374. Time: 2834.2664 us. Best GFLOPs: 44.7724
2026-04-10 15:17:26 [INFO] [task_scheduler.cc:137] [Task #0: main] Trial #17: GFLOPs: 38.2717. Time: 1972.6711 us. Best GFLOPs: 44.7724
2026-04-10 15:17:26 [INFO] [task_scheduler.cc:137] [Task #0: main] Trial #18: GFLOPs: 16.2269. Time: 4652.6131 us. Best GFLOPs: 44.7724
2026-04-10 15:17:26 [INFO] [task_scheduler.cc:137] [Task #0: main] Trial #19: GFLOPs: 30.2549. Time: 2495.3779 us. Best GFLOPs: 44.7724
2026-04-10 15:17:26 [INFO] [task_scheduler.cc:137] [Task #0: main] Trial #20: GFLOPs: 9.3222. Time: 8098.6402 us. Best GFLOPs: 44.7724
2026-04-10 15:17:26 [INFO] [task_scheduler.cc:137] [Task #0: main] Trial #21: GFLOPs: 9.7215. Time: 7766.0239 us. Best GFLOPs: 44.7724
2026-04-10 15:17:26 [INFO] [task_scheduler.cc:137] [Task #0: main] Trial #22: GFLOPs: 18.4438. Time: 4093.3748 us. Best GFLOPs: 44.7724
2026-04-10 15:17:26 [INFO] [task_scheduler.cc:137] [Task #0: main] Trial #23: GFLOPs: 20.2788. Time: 3722.9681 us. Best GFLOPs: 44.7724
2026-04-10 15:17:26 [INFO] [task_scheduler.cc:137] [Task #0: main] Trial #24: GFLOPs: 26.0742. Time: 2895.4881 us. Best GFLOPs: 44.7724
2026-04-10 15:17:26 [INFO] [task_scheduler.cc:137] [Task #0: main] Trial #25: GFLOPs: 16.1116. Time: 4685.8983 us. Best GFLOPs: 44.7724
2026-04-10 15:17:26 [INFO] [task_scheduler.cc:137] [Task #0: main] Trial #26: GFLOPs: 5.5247. Time: 13665.4570 us. Best GFLOPs: 44.7724
2026-04-10 15:17:26 [INFO] [task_scheduler.cc:137] [Task #0: main] Trial #27: GFLOPs: 19.2334. Time: 3925.3380 us. Best GFLOPs: 44.7724
2026-04-10 15:17:26 [INFO] [task_scheduler.cc:137] [Task #0: main] Trial #28: GFLOPs: 49.8374. Time: 1514.8749 us. Best GFLOPs: 49.8374
2026-04-10 15:17:26 [INFO] [task_scheduler.cc:137] [Task #0: main] Trial #29: GFLOPs: 6.1834. Time: 12209.6320 us. Best GFLOPs: 49.8374
2026-04-10 15:17:26 [INFO] [task_scheduler.cc:137] [Task #0: main] Trial #30: GFLOPs: 62.7043. Time: 1204.0243 us. Best GFLOPs: 62.7043
2026-04-10 15:17:26 [INFO] [task_scheduler.cc:137] [Task #0: main] Trial #31: GFLOPs: 53.7500. Time: 1404.6034 us. Best GFLOPs: 62.7043
2026-04-10 15:17:26 [INFO] [task_scheduler.cc:137] [Task #0: main] Trial #32: GFLOPs: 5.7262. Time: 13184.6457 us. Best GFLOPs: 62.7043
2026-04-10 15:17:26 [INFO] [task_scheduler.cc:137] [Task #0: main] Trial #33: GFLOPs: 6.3409. Time: 11906.3787 us. Best GFLOPs: 62.7043
2026-04-10 15:17:26 [INFO] [task_scheduler.cc:137] [Task #0: main] Trial #34: GFLOPs: 4.2858. Time: 17615.7043 us. Best GFLOPs: 62.7043
2026-04-10 15:17:26 [INFO] [task_scheduler.cc:137] [Task #0: main] Trial #35: GFLOPs: 24.1262. Time: 3129.2781 us. Best GFLOPs: 62.7043
2026-04-10 15:17:26 [INFO] [task_scheduler.cc:137] [Task #0: main] Trial #36: GFLOPs: 10.7505. Time: 7022.6817 us. Best GFLOPs: 62.7043
2026-04-10 15:17:26 [INFO] [task_scheduler.cc:137] [Task #0: main] Trial #37: GFLOPs: 3.4289. Time: 22018.2745 us. Best GFLOPs: 62.7043
2026-04-10 15:17:26 [INFO] [task_scheduler.cc:137] [Task #0: main] Trial #38: GFLOPs: 27.3104. Time: 2764.4209 us. Best GFLOPs: 62.7043
2026-04-10 15:17:26 [INFO] [task_scheduler.cc:137] [Task #0: main] Trial #39: GFLOPs: 34.0300. Time: 2218.5582 us. Best GFLOPs: 62.7043
2026-04-10 15:17:26 [INFO] [task_scheduler.cc:137] [Task #0: main] Trial #40: GFLOPs: 66.0028. Time: 1143.8529 us. Best GFLOPs: 66.0028
2026-04-10 15:17:26 [INFO] [task_scheduler.cc:137] [Task #0: main] Trial #41: GFLOPs: 31.2818. Time: 2413.4662 us. Best GFLOPs: 66.0028
2026-04-10 15:17:26 [INFO] [task_scheduler.cc:137] [Task #0: main] Trial #42: GFLOPs: 9.6258. Time: 7843.2012 us. Best GFLOPs: 66.0028
2026-04-10 15:17:26 [INFO] [task_scheduler.cc:137] [Task #0: main] Trial #43: GFLOPs: 7.7241. Time: 9774.2574 us. Best GFLOPs: 66.0028
2026-04-10 15:17:26 [INFO] [task_scheduler.cc:137] [Task #0: main] Trial #44: GFLOPs: 26.2517. Time: 2875.9107 us. Best GFLOPs: 66.0028
2026-04-10 15:17:26 [INFO] [task_scheduler.cc:137] [Task #0: main] Trial #45: GFLOPs: 15.5820. Time: 4845.1585 us. Best GFLOPs: 66.0028
2026-04-10 15:17:26 [INFO] [task_scheduler.cc:137] [Task #0: main] Trial #46: GFLOPs: 21.2251. Time: 3556.9899 us. Best GFLOPs: 66.0028
2026-04-10 15:17:26 [INFO] [task_scheduler.cc:137] [Task #0: main] Trial #47: GFLOPs: 42.8433. Time: 1762.1788 us. Best GFLOPs: 66.0028
2026-04-10 15:17:26 [INFO] [task_scheduler.cc:137] [Task #0: main] Trial #48: GFLOPs: 4.8534. Time: 15555.4460 us. Best GFLOPs: 66.0028
2026-04-10 15:17:26 [INFO] [task_scheduler.cc:137] [Task #0: main] Trial #49: GFLOPs: 23.5653. Time: 3203.7594 us. Best GFLOPs: 66.0028
2026-04-10 15:17:26 [INFO] [task_scheduler.cc:137] [Task #0: main] Trial #50: GFLOPs: 45.6198. Time: 1654.9274 us. Best GFLOPs: 66.0028
2026-04-10 15:17:26 [INFO] [task_scheduler.cc:137] [Task #0: main] Trial #51: GFLOPs: 20.7407. Time: 3640.0591 us. Best GFLOPs: 66.0028
2026-04-10 15:17:26 [INFO] [task_scheduler.cc:137] [Task #0: main] Trial #52: GFLOPs: 14.1234. Time: 5345.5634 us. Best GFLOPs: 66.0028
2026-04-10 15:17:26 [INFO] [task_scheduler.cc:137] [Task #0: main] Trial #53: GFLOPs: 20.7789. Time: 3633.3795 us. Best GFLOPs: 66.0028
2026-04-10 15:17:26 [INFO] [task_scheduler.cc:137] [Task #0: main] Trial #54: GFLOPs: 22.4491. Time: 3363.0556 us. Best GFLOPs: 66.0028
2026-04-10 15:17:26 [INFO] [task_scheduler.cc:137] [Task #0: main] Trial #55: GFLOPs: 19.3031. Time: 3911.1676 us. Best GFLOPs: 66.0028
2026-04-10 15:17:26 [INFO] [task_scheduler.cc:137] [Task #0: main] Trial #56: GFLOPs: 42.5153. Time: 1775.7726 us. Best GFLOPs: 66.0028
2026-04-10 15:17:26 [INFO] [task_scheduler.cc:137] [Task #0: main] Trial #57: GFLOPs: 9.3860. Time: 8043.6605 us. Best GFLOPs: 66.0028
2026-04-10 15:17:26 [INFO] [task_scheduler.cc:137] [Task #0: main] Trial #58: GFLOPs: 7.4346. Time: 10154.8762 us. Best GFLOPs: 66.0028
2026-04-10 15:17:26 [INFO] [task_scheduler.cc:137] [Task #0: main] Trial #59: GFLOPs: 8.6574. Time: 8720.5528 us. Best GFLOPs: 66.0028
2026-04-10 15:17:26 [INFO] [task_scheduler.cc:137] [Task #0: main] Trial #60: GFLOPs: 57.3600. Time: 1316.2040 us. Best GFLOPs: 66.0028
2026-04-10 15:17:26 [INFO] [task_scheduler.cc:137] [Task #0: main] Trial #61: GFLOPs: 34.4588. Time: 2190.9508 us. Best GFLOPs: 66.0028
2026-04-10 15:17:26 [INFO] [task_scheduler.cc:137] [Task #0: main] Trial #62: GFLOPs: 21.0199. Time: 3591.7218 us. Best GFLOPs: 66.0028
2026-04-10 15:17:26 [INFO] [task_scheduler.cc:137] [Task #0: main] Trial #63: GFLOPs: 65.7959. Time: 1147.4486 us. Best GFLOPs: 66.0028
2026-04-10 15:17:26 [INFO] [task_scheduler.cc:137] [Task #0: main] Trial #64: GFLOPs: 12.6151. Time: 5984.7076 us. Best GFLOPs: 66.0028
2026-04-10 15:17:26 [INFO] [evolutionary_search.cc:711] Generating candidates......
2026-04-10 15:17:26 [INFO] [evolutionary_search.cc:713] Picked top 92 candidate(s) from database
2026-04-10 15:17:26 [INFO] [evolutionary_search.cc:530] Sample-Init-Population summary:
Postproc #0 [meta_schedule.DisallowDynamicLoop(0x57659335f778)]: 0 failure(s)
Postproc #1 [meta_schedule.RewriteParallelVectorizeUnroll(0x576592f961d8)]: 0 failure(s)
Postproc #2 [meta_schedule.RewriteReductionBlock(0x576592ee1428)]: 0 failure(s)
Postproc #3 [meta_schedule.RewriteLayout(0x576592b8c0a8)]: 0 failure(s)
2026-04-10 15:17:26 [INFO] [evolutionary_search.cc:721] Sampled 369 candidate(s)
2026-04-10 15:17:27 [INFO] [evolutionary_search.cc:619] Evolve iter #0 done. Summary:
Postproc #0 [meta_schedule.DisallowDynamicLoop(0x57659335f778)]: 0 failure(s)
Postproc #1 [meta_schedule.RewriteParallelVectorizeUnroll(0x576592f961d8)]: 0 failure(s)
Postproc #2 [meta_schedule.RewriteReductionBlock(0x576592ee1428)]: 0 failure(s)
Postproc #3 [meta_schedule.RewriteLayout(0x576592b8c0a8)]: 0 failure(s)
2026-04-10 15:17:27 [INFO] [evolutionary_search.cc:619] Evolve iter #1 done. Summary:
Postproc #0 [meta_schedule.DisallowDynamicLoop(0x57659335f778)]: 0 failure(s)
Postproc #1 [meta_schedule.RewriteParallelVectorizeUnroll(0x576592f961d8)]: 0 failure(s)
Postproc #2 [meta_schedule.RewriteReductionBlock(0x576592ee1428)]: 0 failure(s)
Postproc #3 [meta_schedule.RewriteLayout(0x576592b8c0a8)]: 0 failure(s)
2026-04-10 15:17:27 [INFO] [evolutionary_search.cc:619] Evolve iter #2 done. Summary:
Postproc #0 [meta_schedule.DisallowDynamicLoop(0x57659335f778)]: 0 failure(s)
Postproc #1 [meta_schedule.RewriteParallelVectorizeUnroll(0x576592f961d8)]: 0 failure(s)
Postproc #2 [meta_schedule.RewriteReductionBlock(0x576592ee1428)]: 0 failure(s)
Postproc #3 [meta_schedule.RewriteLayout(0x576592b8c0a8)]: 0 failure(s)
2026-04-10 15:17:27 [INFO] [evolutionary_search.cc:647] Scores of the best 13 candidates:
[1 : 13]:	0.9992  0.9976  0.9975  0.9975  0.9967  0.9960  0.9959  0.9954  0.9940  0.9923  0.9915  0.9908  0.9906
2026-04-10 15:17:27 [INFO] [evolutionary_search.cc:725] Got 13 candidate(s) with evolutionary search
2026-04-10 15:17:27 [INFO] [evolutionary_search.cc:728] Sending 13 candidates(s) for measurement
2026-04-10 15:17:37 [INFO] [task_scheduler.cc:137] [Task #0: main] Trial #65: GFLOPs: 12.4043. Time: 6086.3718 us. Best GFLOPs: 66.0028
2026-04-10 15:17:37 [INFO] [task_scheduler.cc:137] [Task #0: main] Trial #66: GFLOPs: 26.1580. Time: 2886.2042 us. Best GFLOPs: 66.0028
2026-04-10 15:17:37 [INFO] [task_scheduler.cc:137] [Task #0: main] Trial #67: GFLOPs: 12.7145. Time: 5937.8801 us. Best GFLOPs: 66.0028
2026-04-10 15:17:37 [INFO] [task_scheduler.cc:137] [Task #0: main] Trial #68: GFLOPs: 17.1844. Time: 4393.3649 us. Best GFLOPs: 66.0028
2026-04-10 15:17:37 [INFO] [task_scheduler.cc:137] [Task #0: main] Trial #69: GFLOPs: 12.6051. Time: 5989.4309 us. Best GFLOPs: 66.0028
2026-04-10 15:17:37 [INFO] [task_scheduler.cc:137] [Task #0: main] Trial #70: GFLOPs: 26.2833. Time: 2872.4519 us. Best GFLOPs: 66.0028
2026-04-10 15:17:37 [INFO] [task_scheduler.cc:137] [Task #0: main] Trial #71: GFLOPs: 18.6084. Time: 4057.1633 us. Best GFLOPs: 66.0028
2026-04-10 15:17:37 [INFO] [task_scheduler.cc:137] [Task #0: main] Trial #72: GFLOPs: 40.7523. Time: 1852.5963 us. Best GFLOPs: 66.0028
2026-04-10 15:17:37 [INFO] [task_scheduler.cc:137] [Task #0: main] Trial #73: GFLOPs: 17.9508. Time: 4205.7968 us. Best GFLOPs: 66.0028
2026-04-10 15:17:37 [INFO] [task_scheduler.cc:137] [Task #0: main] Trial #74: GFLOPs: 18.7875. Time: 4018.4933 us. Best GFLOPs: 66.0028
2026-04-10 15:17:37 [INFO] [task_scheduler.cc:137] [Task #0: main] Trial #75: GFLOPs: 11.9608. Time: 6312.0794 us. Best GFLOPs: 66.0028
2026-04-10 15:17:37 [INFO] [task_scheduler.cc:137] [Task #0: main] Trial #76: GFLOPs: 16.9011. Time: 4467.0167 us. Best GFLOPs: 66.0028
2026-04-10 15:17:37 [INFO] [task_scheduler.cc:137] [Task #0: main] Trial #77: GFLOPs: 3.0720. Time: 24576.0930 us. Best GFLOPs: 66.0028
2026-04-14 01:11:22 [INFO] [task_scheduler.cc:166] Initializing Task #0: "main"
2026-04-14 01:11:22 [INFO] [task_scheduler.cc:41] 
# from tvm.script import ir as I
# from tvm.script import tir as T

@I.ir_module
class Module:
    @T.prim_func
    def main(A: T.Buffer((16, 3072), "float32"), B: T.Buffer((3072, 768), "float32"), C: T.Buffer((16, 768), "float32")):
        T.func_attr({"tir.noalias": True})
        # with T.block("root"):
        for i, j, k in T.grid(16, 768, 3072):
            with T.block("C"):
                vi, vj, vk = T.axis.remap("SSR", [i, j, k])
                T.reads(A[vi, vk], B[vk, vj])
                T.writes(C[vi, vj])
                with T.init():
                    C[vi, vj] = T.float32(0.0)
                C[vi, vj] = C[vi, vj] + A[vi, vk] * B[vk, vj]
2026-04-14 01:11:22 [INFO] [task_scheduler.cc:170] Total 3 design space(s) generated
2026-04-14 01:11:22 [INFO] [task_scheduler.cc:176] Design space #0:
# from tvm.script import ir as I
# from tvm.script import tir as T

@I.ir_module
class Module:
    @T.prim_func
    def main(A: T.Buffer((16, 3072), "float32"), B: T.Buffer((3072, 768), "float32"), C: T.Buffer((16, 768), "float32")):
        T.func_attr({"tir.noalias": True})
        with T.block("root"):
            T.reads()
            T.writes()
            T.block_attr({"meta_schedule.parallel": 128, "meta_schedule.unroll_explicit": 64, "meta_schedule.vectorize": 64})
            C_global = T.alloc_buffer((16, 768))
            for i_0, j_0, i_1, j_1 in T.grid(1, 3, 2, 8):
                for k_0, i_2, j_2, k_1, i_3, j_3 in T.grid(384, 1, 1, 8, 8, 32):
                    with T.block("C"):
                        vi = T.axis.spatial(16, i_0 * 16 + i_1 * 8 + i_2 * 8 + i_3)
                        vj = T.axis.spatial(768, j_0 * 256 + j_1 * 32 + j_2 * 32 + j_3)
                        vk = T.axis.reduce(3072, k_0 * 8 + k_1)
                        T.reads(A[vi, vk], B[vk, vj])
                        T.writes(C_global[vi, vj])
                        T.block_attr({"meta_schedule.tiling_structure": "SSRSRS"})
                        with T.init():
                            C_global[vi, vj] = T.float32(0.0)
                        C_global[vi, vj] = C_global[vi, vj] + A[vi, vk] * B[vk, vj]
                for ax0, ax1 in T.grid(8, 32):
                    with T.block("C_global"):
                        v0 = T.axis.spatial(16, i_1 * 8 + ax0)
                        v1 = T.axis.spatial(768, j_0 * 256 + j_1 * 32 + ax1)
                        T.reads(C_global[v0, v1])
                        T.writes(C[v0, v1])
                        C[v0, v1] = C_global[v0, v1]
b0 = sch.get_block(name="C", func_name="main")
b1 = sch.get_block(name="root", func_name="main")
sch.annotate(block_or_loop=b0, ann_key="meta_schedule.tiling_structure", ann_val="SSRSRS")
l2, l3, l4 = sch.get_loops(block=b0)
v5, v6, v7, v8 = sch.sample_perfect_tile(loop=l2, n=4, max_innermost_factor=64, decision=[1, 2, 1, 8])
l9, l10, l11, l12 = sch.split(loop=l2, factors=[v5, v6, v7, v8], preserve_unit_iters=True, disable_predication=False)
v13, v14, v15, v16 = sch.sample_perfect_tile(loop=l3, n=4, max_innermost_factor=64, decision=[3, 8, 1, 32])
l17, l18, l19, l20 = sch.split(loop=l3, factors=[v13, v14, v15, v16], preserve_unit_iters=True, disable_predication=False)
v21, v22 = sch.sample_perfect_tile(loop=l4, n=2, max_innermost_factor=64, decision=[384, 8])
l23, l24 = sch.split(loop=l4, factors=[v21, v22], preserve_unit_iters=True, disable_predication=False)
sch.reorder(l9, l17, l10, l18, l23, l11, l19, l24, l12, l20)
b25 = sch.cache_write(block=b0, write_buffer_index=0, storage_scope="global")
sch.reverse_compute_at(block=b25, loop=l18, preserve_unit_loops=True, index=-1)
sch.annotate(block_or_loop=b1, ann_key="meta_schedule.parallel", ann_val=128)
sch.annotate(block_or_loop=b1, ann_key="meta_schedule.vectorize", ann_val=64)
v26 = sch.sample_categorical(candidates=[0, 16, 64, 512], probs=[0.25, 0.25, 0.25, 0.25], decision=2)
sch.annotate(block_or_loop=b1, ann_key="meta_schedule.unroll_explicit", ann_val=v26)
2026-04-14 01:11:22 [INFO] [task_scheduler.cc:176] Design space #1:
# from tvm.script import ir as I
# from tvm.script import tir as T

@I.ir_module
class Module:
    @T.prim_func
    def main(A: T.Buffer((16, 3072), "float32"), B: T.Buffer((3072, 768), "float32"), C: T.Buffer((16, 768), "float32")):
        T.func_attr({"tir.noalias": True})
        with T.block("root"):
            T.reads()
            T.writes()
            T.block_attr({"meta_schedule.parallel": 128, "meta_schedule.unroll_explicit": 0, "meta_schedule.vectorize": 64})
            C_global = T.alloc_buffer((16, 768))
            for i_0, j_0 in T.grid(1, 3):
                for i_1, j_1, k_0, i_2, j_2, k_1, i_3, j_3 in T.grid(2, 8, 384, 1, 1, 8, 8, 32):
                    with T.block("C"):
                        vi = T.axis.spatial(16, i_0 * 16 + i_1 * 8 + i_2 * 8 + i_3)
                        vj = T.axis.spatial(768, j_0 * 256 + j_1 * 32 + j_2 * 32 + j_3)
                        vk = T.axis.reduce(3072, k_0 * 8 + k_1)
                        T.reads(A[vi, vk], B[vk, vj])
                        T.writes(C_global[vi, vj])
                        T.block_attr({"meta_schedule.tiling_structure": "SSRSRS"})
                        with T.init():
                            C_global[vi, vj] = T.float32(0.0)
                        C_global[vi, vj] = C_global[vi, vj] + A[vi, vk] * B[vk, vj]
                for ax0, ax1 in T.grid(16, 256):
                    with T.block("C_global"):
                        v0 = T.axis.spatial(16, ax0)
                        v1 = T.axis.spatial(768, j_0 * 256 + ax1)
                        T.reads(C_global[v0, v1])
                        T.writes(C[v0, v1])
                        C[v0, v1] = C_global[v0, v1]
b0 = sch.get_block(name="C", func_name="main")
b1 = sch.get_block(name="root", func_name="main")
sch.annotate(block_or_loop=b0, ann_key="meta_schedule.tiling_structure", ann_val="SSRSRS")
l2, l3, l4 = sch.get_loops(block=b0)
v5, v6, v7, v8 = sch.sample_perfect_tile(loop=l2, n=4, max_innermost_factor=64, decision=[1, 2, 1, 8])
l9, l10, l11, l12 = sch.split(loop=l2, factors=[v5, v6, v7, v8], preserve_unit_iters=True, disable_predication=False)
v13, v14, v15, v16 = sch.sample_perfect_tile(loop=l3, n=4, max_innermost_factor=64, decision=[3, 8, 1, 32])
l17, l18, l19, l20 = sch.split(loop=l3, factors=[v13, v14, v15, v16], preserve_unit_iters=True, disable_predication=False)
v21, v22 = sch.sample_perfect_tile(loop=l4, n=2, max_innermost_factor=64, decision=[384, 8])
l23, l24 = sch.split(loop=l4, factors=[v21, v22], preserve_unit_iters=True, disable_predication=False)
sch.reorder(l9, l17, l10, l18, l23, l11, l19, l24, l12, l20)
b25 = sch.cache_write(block=b0, write_buffer_index=0, storage_scope="global")
sch.reverse_compute_at(block=b25, loop=l17, preserve_unit_loops=True, index=-1)
sch.annotate(block_or_loop=b1, ann_key="meta_schedule.parallel", ann_val=128)
sch.annotate(block_or_loop=b1, ann_key="meta_schedule.vectorize", ann_val=64)
v26 = sch.sample_categorical(candidates=[0, 16, 64, 512], probs=[0.25, 0.25, 0.25, 0.25], decision=0)
sch.annotate(block_or_loop=b1, ann_key="meta_schedule.unroll_explicit", ann_val=v26)
2026-04-14 01:11:22 [INFO] [task_scheduler.cc:176] Design space #2:
# from tvm.script import ir as I
# from tvm.script import tir as T

@I.ir_module
class Module:
    @T.prim_func
    def main(A: T.Buffer((16, 3072), "float32"), B: T.Buffer((3072, 768), "float32"), C: T.Buffer((16, 768), "float32")):
        T.func_attr({"tir.noalias": True})
        with T.block("root"):
            T.reads()
            T.writes()
            T.block_attr({"meta_schedule.parallel": 128, "meta_schedule.unroll_explicit": 0, "meta_schedule.vectorize": 64})
            for i_0, j_0, i_1, j_1, k_0, i_2, j_2, k_1, i_3, j_3 in T.grid(1, 3, 2, 8, 384, 1, 1, 8, 8, 32):
                with T.block("C"):
                    vi = T.axis.spatial(16, i_0 * 16 + i_1 * 8 + i_2 * 8 + i_3)
                    vj = T.axis.spatial(768, j_0 * 256 + j_1 * 32 + j_2 * 32 + j_3)
                    vk = T.axis.reduce(3072, k_0 * 8 + k_1)
                    T.reads(A[vi, vk], B[vk, vj])
                    T.writes(C[vi, vj])
                    T.block_attr({"meta_schedule.tiling_structure": "SSRSRS"})
                    with T.init():
                        C[vi, vj] = T.float32(0.0)
                    C[vi, vj] = C[vi, vj] + A[vi, vk] * B[vk, vj]
b0 = sch.get_block(name="C", func_name="main")
b1 = sch.get_block(name="root", func_name="main")
sch.annotate(block_or_loop=b0, ann_key="meta_schedule.tiling_structure", ann_val="SSRSRS")
l2, l3, l4 = sch.get_loops(block=b0)
v5, v6, v7, v8 = sch.sample_perfect_tile(loop=l2, n=4, max_innermost_factor=64, decision=[1, 2, 1, 8])
l9, l10, l11, l12 = sch.split(loop=l2, factors=[v5, v6, v7, v8], preserve_unit_iters=True, disable_predication=False)
v13, v14, v15, v16 = sch.sample_perfect_tile(loop=l3, n=4, max_innermost_factor=64, decision=[3, 8, 1, 32])
l17, l18, l19, l20 = sch.split(loop=l3, factors=[v13, v14, v15, v16], preserve_unit_iters=True, disable_predication=False)
v21, v22 = sch.sample_perfect_tile(loop=l4, n=2, max_innermost_factor=64, decision=[384, 8])
l23, l24 = sch.split(loop=l4, factors=[v21, v22], preserve_unit_iters=True, disable_predication=False)
sch.reorder(l9, l17, l10, l18, l23, l11, l19, l24, l12, l20)
sch.annotate(block_or_loop=b1, ann_key="meta_schedule.parallel", ann_val=128)
sch.annotate(block_or_loop=b1, ann_key="meta_schedule.vectorize", ann_val=64)
v25 = sch.sample_categorical(candidates=[0, 16, 64, 512], probs=[0.25, 0.25, 0.25, 0.25], decision=0)
sch.annotate(block_or_loop=b1, ann_key="meta_schedule.unroll_explicit", ann_val=v25)
2026-04-14 01:11:22 [INFO] [evolutionary_search.cc:711] Generating candidates......
2026-04-14 01:11:22 [INFO] [evolutionary_search.cc:713] Picked top 92 candidate(s) from database
2026-04-14 01:11:22 [INFO] [evolutionary_search.cc:530] Sample-Init-Population summary:
Postproc #0 [meta_schedule.DisallowDynamicLoop(0x5c763e0f3248)]: 0 failure(s)
Postproc #1 [meta_schedule.RewriteParallelVectorizeUnroll(0x5c763e3ffc98)]: 0 failure(s)
Postproc #2 [meta_schedule.RewriteReductionBlock(0x5c763e1e31b8)]: 0 failure(s)
Postproc #3 [meta_schedule.RewriteLayout(0x5c763e272d48)]: 0 failure(s)
2026-04-14 01:11:22 [INFO] [evolutionary_search.cc:721] Sampled 369 candidate(s)
2026-04-14 01:11:22 [INFO] [evolutionary_search.cc:619] Evolve iter #0 done. Summary:
Postproc #0 [meta_schedule.DisallowDynamicLoop(0x5c763e0f3248)]: 0 failure(s)
Postproc #1 [meta_schedule.RewriteParallelVectorizeUnroll(0x5c763e3ffc98)]: 0 failure(s)
Postproc #2 [meta_schedule.RewriteReductionBlock(0x5c763e1e31b8)]: 0 failure(s)
Postproc #3 [meta_schedule.RewriteLayout(0x5c763e272d48)]: 0 failure(s)
2026-04-14 01:11:23 [INFO] [evolutionary_search.cc:619] Evolve iter #1 done. Summary:
Postproc #0 [meta_schedule.DisallowDynamicLoop(0x5c763e0f3248)]: 0 failure(s)
Postproc #1 [meta_schedule.RewriteParallelVectorizeUnroll(0x5c763e3ffc98)]: 0 failure(s)
Postproc #2 [meta_schedule.RewriteReductionBlock(0x5c763e1e31b8)]: 0 failure(s)
Postproc #3 [meta_schedule.RewriteLayout(0x5c763e272d48)]: 0 failure(s)
2026-04-14 01:11:23 [INFO] [evolutionary_search.cc:619] Evolve iter #2 done. Summary:
Postproc #0 [meta_schedule.DisallowDynamicLoop(0x5c763e0f3248)]: 0 failure(s)
Postproc #1 [meta_schedule.RewriteParallelVectorizeUnroll(0x5c763e3ffc98)]: 0 failure(s)
Postproc #2 [meta_schedule.RewriteReductionBlock(0x5c763e1e31b8)]: 0 failure(s)
Postproc #3 [meta_schedule.RewriteLayout(0x5c763e272d48)]: 0 failure(s)
2026-04-14 01:11:23 [INFO] [evolutionary_search.cc:647] Scores of the best 64 candidates:
[1 : 16]:	0.9995  0.9988  0.9985  0.9982  0.9979  0.9971  0.9953  0.9936  0.9935  0.9935  0.9924  0.9924  0.9916  0.9909  0.9886  0.9886
[17 : 32]:	0.9882  0.9881  0.9860  0.9857  0.9848  0.9842  0.9831  0.9830  0.9828  0.9825  0.9821  0.9817  0.9812  0.9812  0.9811  0.9808
[33 : 48]:	0.9806  0.9803  0.9802  0.9797  0.9785  0.9783  0.9782  0.9782  0.9775  0.9774  0.9774  0.9765  0.9760  0.9697  0.9675  0.9666
[49 : 64]:	0.9664  0.9655  0.9616  0.9613  0.9595  0.9590  0.9587  0.9584  0.9578  0.9577  0.9575  0.9571  0.9570  0.9568  0.9563  0.9555
2026-04-14 01:11:23 [INFO] [evolutionary_search.cc:725] Got 64 candidate(s) with evolutionary search
2026-04-14 01:11:23 [INFO] [evolutionary_search.cc:728] Sending 63 candidates(s) for measurement
2026-04-14 01:12:00 [INFO] [task_scheduler.cc:137] [Task #0: main] Trial #1: GFLOPs: 17.0810. Time: 4419.9735 us. Best GFLOPs: 17.0810
2026-04-14 01:12:00 [INFO] [task_scheduler.cc:137] [Task #0: main] Trial #2: GFLOPs: 16.2428. Time: 4648.0646 us. Best GFLOPs: 17.0810
2026-04-14 01:12:00 [INFO] [task_scheduler.cc:137] [Task #0: main] Trial #3: GFLOPs: 14.8275. Time: 5091.7049 us. Best GFLOPs: 17.0810
2026-04-14 01:12:00 [INFO] [task_scheduler.cc:137] [Task #0: main] Trial #4: GFLOPs: 40.4840. Time: 1864.8701 us. Best GFLOPs: 40.4840
2026-04-14 01:12:00 [INFO] [task_scheduler.cc:137] [Task #0: main] Trial #5: GFLOPs: 7.0870. Time: 10652.9215 us. Best GFLOPs: 40.4840
2026-04-14 01:12:00 [INFO] [task_scheduler.cc:137] [Task #0: main] Trial #6: GFLOPs: 28.1502. Time: 2681.9472 us. Best GFLOPs: 40.4840
2026-04-14 01:12:00 [INFO] [task_scheduler.cc:137] [Task #0: main] Trial #7: GFLOPs: 16.6948. Time: 4522.2170 us. Best GFLOPs: 40.4840
2026-04-14 01:12:00 [INFO] [task_scheduler.cc:137] [Task #0: main] Trial #8: GFLOPs: 5.3800. Time: 14033.0435 us. Best GFLOPs: 40.4840
2026-04-14 01:12:00 [INFO] [task_scheduler.cc:137] [Task #0: main] Trial #9: GFLOPs: 18.8770. Time: 3999.4445 us. Best GFLOPs: 40.4840
2026-04-14 01:12:00 [INFO] [task_scheduler.cc:137] [Task #0: main] Trial #10: GFLOPs: 8.2891. Time: 9108.0912 us. Best GFLOPs: 40.4840
2026-04-14 01:12:00 [INFO] [task_scheduler.cc:137] [Task #0: main] Trial #11: GFLOPs: 19.4324. Time: 3885.1407 us. Best GFLOPs: 40.4840
2026-04-14 01:12:00 [INFO] [task_scheduler.cc:137] [Task #0: main] Trial #12: GFLOPs: 15.7860. Time: 4782.5589 us. Best GFLOPs: 40.4840
2026-04-14 01:12:00 [INFO] [task_scheduler.cc:137] [Task #0: main] Trial #13: GFLOPs: 11.9111. Time: 6338.4097 us. Best GFLOPs: 40.4840
2026-04-14 01:12:00 [INFO] [task_scheduler.cc:137] [Task #0: main] Trial #14: GFLOPs: 5.6110. Time: 13455.2325 us. Best GFLOPs: 40.4840
2026-04-14 01:12:00 [INFO] [task_scheduler.cc:137] [Task #0: main] Trial #15: GFLOPs: 38.0376. Time: 1984.8102 us. Best GFLOPs: 40.4840
2026-04-14 01:12:00 [INFO] [task_scheduler.cc:137] [Task #0: main] Trial #16: GFLOPs: 3.2285. Time: 23384.4510 us. Best GFLOPs: 40.4840
2026-04-14 01:12:00 [INFO] [task_scheduler.cc:137] [Task #0: main] Trial #17: GFLOPs: 3.7499. Time: 20133.0080 us. Best GFLOPs: 40.4840
2026-04-14 01:12:00 [INFO] [task_scheduler.cc:137] [Task #0: main] Trial #18: GFLOPs: 2.3909. Time: 31577.4725 us. Best GFLOPs: 40.4840
2026-04-14 01:12:00 [INFO] [task_scheduler.cc:137] [Task #0: main] Trial #19: GFLOPs: 13.1550. Time: 5739.0751 us. Best GFLOPs: 40.4840
2026-04-14 01:12:00 [INFO] [task_scheduler.cc:137] [Task #0: main] Trial #20: GFLOPs: 3.6862. Time: 20481.2080 us. Best GFLOPs: 40.4840
2026-04-14 01:12:00 [INFO] [task_scheduler.cc:137] [Task #0: main] Trial #21: GFLOPs: 11.0871. Time: 6809.4979 us. Best GFLOPs: 40.4840
2026-04-14 01:12:00 [INFO] [task_scheduler.cc:137] [Task #0: main] Trial #22: GFLOPs: 14.3068. Time: 5277.0356 us. Best GFLOPs: 40.4840
2026-04-14 01:12:00 [INFO] [task_scheduler.cc:137] [Task #0: main] Trial #23: GFLOPs: 16.1455. Time: 4676.0610 us. Best GFLOPs: 40.4840
2026-04-14 01:12:00 [INFO] [task_scheduler.cc:137] [Task #0: main] Trial #24: GFLOPs: 19.6486. Time: 3842.3850 us. Best GFLOPs: 40.4840
2026-04-14 01:12:00 [INFO] [task_scheduler.cc:137] [Task #0: main] Trial #25: GFLOPs: 41.2381. Time: 1830.7680 us. Best GFLOPs: 41.2381
2026-04-14 01:12:00 [INFO] [task_scheduler.cc:137] [Task #0: main] Trial #26: GFLOPs: 27.6391. Time: 2731.5442 us. Best GFLOPs: 41.2381
2026-04-14 01:12:00 [INFO] [task_scheduler.cc:137] [Task #0: main] Trial #27: GFLOPs: 11.0613. Time: 6825.4014 us. Best GFLOPs: 41.2381
2026-04-14 01:12:00 [INFO] [task_scheduler.cc:137] [Task #0: main] Trial #28: GFLOPs: 10.5175. Time: 7178.2903 us. Best GFLOPs: 41.2381
2026-04-14 01:12:00 [INFO] [task_scheduler.cc:137] [Task #0: main] Trial #29: GFLOPs: 29.2848. Time: 2578.0456 us. Best GFLOPs: 41.2381
2026-04-14 01:12:00 [INFO] [task_scheduler.cc:137] [Task #0: main] Trial #30: GFLOPs: 29.7384. Time: 2538.7242 us. Best GFLOPs: 41.2381
2026-04-14 01:12:00 [INFO] [task_scheduler.cc:137] [Task #0: main] Trial #31: GFLOPs: 37.6395. Time: 2005.8049 us. Best GFLOPs: 41.2381
2026-04-14 01:12:00 [INFO] [task_scheduler.cc:137] [Task #0: main] Trial #32: GFLOPs: 3.7850. Time: 19946.5260 us. Best GFLOPs: 41.2381
2026-04-14 01:12:00 [INFO] [task_scheduler.cc:137] [Task #0: main] Trial #33: GFLOPs: 47.5798. Time: 1586.7546 us. Best GFLOPs: 47.5798
2026-04-14 01:12:00 [INFO] [task_scheduler.cc:137] [Task #0: main] Trial #34: GFLOPs: 20.3868. Time: 3703.2467 us. Best GFLOPs: 47.5798
2026-04-14 01:12:00 [INFO] [task_scheduler.cc:137] [Task #0: main] Trial #35: GFLOPs: 13.8133. Time: 5465.5678 us. Best GFLOPs: 47.5798
2026-04-14 01:12:00 [INFO] [task_scheduler.cc:137] [Task #0: main] Trial #36: GFLOPs: 14.5782. Time: 5178.7956 us. Best GFLOPs: 47.5798
2026-04-14 01:12:00 [INFO] [task_scheduler.cc:137] [Task #0: main] Trial #37: GFLOPs: 26.1566. Time: 2886.3637 us. Best GFLOPs: 47.5798
2026-04-14 01:12:00 [INFO] [task_scheduler.cc:137] [Task #0: main] Trial #38: GFLOPs: 37.7358. Time: 2000.6840 us. Best GFLOPs: 47.5798
2026-04-14 01:12:00 [INFO] [task_scheduler.cc:137] [Task #0: main] Trial #39: GFLOPs: 7.4032. Time: 10197.9534 us. Best GFLOPs: 47.5798
2026-04-14 01:12:00 [INFO] [task_scheduler.cc:137] [Task #0: main] Trial #40: GFLOPs: 16.1435. Time: 4676.6586 us. Best GFLOPs: 47.5798
2026-04-14 01:12:00 [INFO] [task_scheduler.cc:137] [Task #0: main] Trial #41: GFLOPs: 39.9850. Time: 1888.1458 us. Best GFLOPs: 47.5798
2026-04-14 01:12:00 [INFO] [task_scheduler.cc:137] [Task #0: main] Trial #42: GFLOPs: 26.0834. Time: 2894.4699 us. Best GFLOPs: 47.5798
2026-04-14 01:12:00 [INFO] [task_scheduler.cc:137] [Task #0: main] Trial #43: GFLOPs: 18.3200. Time: 4121.0468 us. Best GFLOPs: 47.5798
2026-04-14 01:12:00 [INFO] [task_scheduler.cc:137] [Task #0: main] Trial #44: GFLOPs: 8.7378. Time: 8640.3565 us. Best GFLOPs: 47.5798
2026-04-14 01:12:00 [INFO] [task_scheduler.cc:137] [Task #0: main] Trial #45: GFLOPs: 16.1795. Time: 4666.2394 us. Best GFLOPs: 47.5798
2026-04-14 01:12:00 [INFO] [task_scheduler.cc:137] [Task #0: main] Trial #46: GFLOPs: 36.5074. Time: 2068.0057 us. Best GFLOPs: 47.5798
2026-04-14 01:12:00 [INFO] [task_scheduler.cc:137] [Task #0: main] Trial #47: GFLOPs: 12.9353. Time: 5836.5301 us. Best GFLOPs: 47.5798
2026-04-14 01:12:00 [INFO] [task_scheduler.cc:137] [Task #0: main] Trial #48: GFLOPs: 21.7131. Time: 3477.0415 us. Best GFLOPs: 47.5798
2026-04-14 01:12:00 [INFO] [task_scheduler.cc:137] [Task #0: main] Trial #49: GFLOPs: 41.9903. Time: 1797.9741 us. Best GFLOPs: 47.5798
2026-04-14 01:12:00 [INFO] [task_scheduler.cc:137] [Task #0: main] Trial #50: GFLOPs: 23.9115. Time: 3157.3712 us. Best GFLOPs: 47.5798
2026-04-14 01:12:00 [INFO] [task_scheduler.cc:137] [Task #0: main] Trial #51: GFLOPs: 11.8528. Time: 6369.6080 us. Best GFLOPs: 47.5798
2026-04-14 01:12:00 [INFO] [task_scheduler.cc:137] [Task #0: main] Trial #52: GFLOPs: 18.2489. Time: 4137.1056 us. Best GFLOPs: 47.5798
2026-04-14 01:12:00 [INFO] [task_scheduler.cc:137] [Task #0: main] Trial #53: GFLOPs: 51.8689. Time: 1455.5448 us. Best GFLOPs: 51.8689
2026-04-14 01:12:00 [INFO] [task_scheduler.cc:137] [Task #0: main] Trial #54: GFLOPs: 11.2067. Time: 6736.8147 us. Best GFLOPs: 51.8689
2026-04-14 01:12:00 [INFO] [task_scheduler.cc:137] [Task #0: main] Trial #55: GFLOPs: 23.1105. Time: 3266.8065 us. Best GFLOPs: 51.8689
2026-04-14 01:12:00 [INFO] [task_scheduler.cc:137] [Task #0: main] Trial #56: GFLOPs: 41.2055. Time: 1832.2179 us. Best GFLOPs: 51.8689
2026-04-14 01:12:00 [INFO] [task_scheduler.cc:137] [Task #0: main] Trial #57: GFLOPs: 19.5370. Time: 3864.3400 us. Best GFLOPs: 51.8689
2026-04-14 01:12:00 [INFO] [task_scheduler.cc:137] [Task #0: main] Trial #58: GFLOPs: 10.9890. Time: 6870.2516 us. Best GFLOPs: 51.8689
2026-04-14 01:12:00 [INFO] [task_scheduler.cc:137] [Task #0: main] Trial #59: GFLOPs: 4.2454. Time: 17783.3263 us. Best GFLOPs: 51.8689
2026-04-14 01:12:00 [INFO] [task_scheduler.cc:137] [Task #0: main] Trial #60: GFLOPs: 24.1209. Time: 3129.9658 us. Best GFLOPs: 51.8689
2026-04-14 01:12:00 [INFO] [task_scheduler.cc:137] [Task #0: main] Trial #61: GFLOPs: 13.6443. Time: 5533.2639 us. Best GFLOPs: 51.8689
2026-04-14 01:12:00 [INFO] [task_scheduler.cc:137] [Task #0: main] Trial #62: GFLOPs: 32.4853. Time: 2324.0468 us. Best GFLOPs: 51.8689
2026-04-14 01:12:00 [INFO] [task_scheduler.cc:137] [Task #0: main] Trial #63: GFLOPs: 29.0021. Time: 2603.1683 us. Best GFLOPs: 51.8689
2026-04-14 01:12:00 [INFO] [evolutionary_search.cc:711] Generating candidates......
2026-04-14 01:12:00 [INFO] [evolutionary_search.cc:713] Picked top 92 candidate(s) from database
2026-04-14 01:12:00 [INFO] [evolutionary_search.cc:530] Sample-Init-Population summary:
Postproc #0 [meta_schedule.DisallowDynamicLoop(0x5c763e0f3248)]: 0 failure(s)
Postproc #1 [meta_schedule.RewriteParallelVectorizeUnroll(0x5c763e3ffc98)]: 0 failure(s)
Postproc #2 [meta_schedule.RewriteReductionBlock(0x5c763e1e31b8)]: 0 failure(s)
Postproc #3 [meta_schedule.RewriteLayout(0x5c763e272d48)]: 0 failure(s)
2026-04-14 01:12:00 [INFO] [evolutionary_search.cc:721] Sampled 369 candidate(s)
2026-04-14 01:12:01 [INFO] [evolutionary_search.cc:619] Evolve iter #0 done. Summary:
Postproc #0 [meta_schedule.DisallowDynamicLoop(0x5c763e0f3248)]: 0 failure(s)
Postproc #1 [meta_schedule.RewriteParallelVectorizeUnroll(0x5c763e3ffc98)]: 0 failure(s)
Postproc #2 [meta_schedule.RewriteReductionBlock(0x5c763e1e31b8)]: 0 failure(s)
Postproc #3 [meta_schedule.RewriteLayout(0x5c763e272d48)]: 0 failure(s)
2026-04-14 01:12:01 [INFO] [evolutionary_search.cc:619] Evolve iter #1 done. Summary:
Postproc #0 [meta_schedule.DisallowDynamicLoop(0x5c763e0f3248)]: 0 failure(s)
Postproc #1 [meta_schedule.RewriteParallelVectorizeUnroll(0x5c763e3ffc98)]: 0 failure(s)
Postproc #2 [meta_schedule.RewriteReductionBlock(0x5c763e1e31b8)]: 0 failure(s)
Postproc #3 [meta_schedule.RewriteLayout(0x5c763e272d48)]: 0 failure(s)
2026-04-14 01:12:02 [INFO] [evolutionary_search.cc:619] Evolve iter #2 done. Summary:
Postproc #0 [meta_schedule.DisallowDynamicLoop(0x5c763e0f3248)]: 0 failure(s)
Postproc #1 [meta_schedule.RewriteParallelVectorizeUnroll(0x5c763e3ffc98)]: 0 failure(s)
Postproc #2 [meta_schedule.RewriteReductionBlock(0x5c763e1e31b8)]: 0 failure(s)
Postproc #3 [meta_schedule.RewriteLayout(0x5c763e272d48)]: 0 failure(s)
2026-04-14 01:12:02 [INFO] [evolutionary_search.cc:647] Scores of the best 14 candidates:
[1 : 14]:	0.9993  0.9993  0.9981  0.9968  0.9959  0.9956  0.9956  0.9951  0.9943  0.9926  0.9925  0.9901  0.9890  0.9886
2026-04-14 01:12:02 [INFO] [evolutionary_search.cc:725] Got 14 candidate(s) with evolutionary search
2026-04-14 01:12:02 [INFO] [evolutionary_search.cc:728] Sending 13 candidates(s) for measurement
2026-04-14 01:12:14 [INFO] [task_scheduler.cc:137] [Task #0: main] Trial #64: GFLOPs: 29.6069. Time: 2549.9937 us. Best GFLOPs: 51.8689
2026-04-14 01:12:14 [INFO] [task_scheduler.cc:137] [Task #0: main] Trial #65: GFLOPs: 5.9726. Time: 12640.6102 us. Best GFLOPs: 51.8689
2026-04-14 01:12:14 [INFO] [task_scheduler.cc:137] [Task #0: main] Trial #66: GFLOPs: 16.2594. Time: 4643.3096 us. Best GFLOPs: 51.8689
2026-04-14 01:12:14 [INFO] [task_scheduler.cc:137] [Task #0: main] Trial #67: GFLOPs: 41.2640. Time: 1829.6191 us. Best GFLOPs: 51.8689
2026-04-14 01:12:14 [INFO] [task_scheduler.cc:137] [Task #0: main] Trial #68: GFLOPs: 30.5119. Time: 2474.3578 us. Best GFLOPs: 51.8689
2026-04-14 01:12:14 [INFO] [task_scheduler.cc:137] [Task #0: main] Trial #69: GFLOPs: 39.8832. Time: 1892.9633 us. Best GFLOPs: 51.8689
2026-04-14 01:12:14 [INFO] [task_scheduler.cc:137] [Task #0: main] Trial #70: GFLOPs: 12.8584. Time: 5871.4555 us. Best GFLOPs: 51.8689
2026-04-14 01:12:14 [INFO] [task_scheduler.cc:137] [Task #0: main] Trial #71: GFLOPs: 9.7326. Time: 7757.1797 us. Best GFLOPs: 51.8689
2026-04-14 01:12:14 [INFO] [task_scheduler.cc:137] [Task #0: main] Trial #72: GFLOPs: 23.3425. Time: 3234.3361 us. Best GFLOPs: 51.8689
2026-04-14 01:12:14 [INFO] [task_scheduler.cc:137] [Task #0: main] Trial #73: GFLOPs: 19.3770. Time: 3896.2337 us. Best GFLOPs: 51.8689
2026-04-14 01:12:14 [INFO] [task_scheduler.cc:137] [Task #0: main] Trial #74: GFLOPs: 13.0288. Time: 5794.6520 us. Best GFLOPs: 51.8689
2026-04-14 01:12:14 [INFO] [task_scheduler.cc:137] [Task #0: main] Trial #75: GFLOPs: 3.3232. Time: 22718.0800 us. Best GFLOPs: 51.8689
2026-04-14 01:12:14 [INFO] [task_scheduler.cc:137] [Task #0: main] Trial #76: GFLOPs: 28.2640. Time: 2671.1548 us. Best GFLOPs: 51.8689
2026-04-14 01:12:14 [INFO] [evolutionary_search.cc:711] Generating candidates......
2026-04-14 01:12:14 [INFO] [evolutionary_search.cc:713] Picked top 92 candidate(s) from database
2026-04-14 01:12:14 [INFO] [evolutionary_search.cc:530] Sample-Init-Population summary:
Postproc #0 [meta_schedule.DisallowDynamicLoop(0x5c763e0f3248)]: 0 failure(s)
Postproc #1 [meta_schedule.RewriteParallelVectorizeUnroll(0x5c763e3ffc98)]: 0 failure(s)
Postproc #2 [meta_schedule.RewriteReductionBlock(0x5c763e1e31b8)]: 0 failure(s)
Postproc #3 [meta_schedule.RewriteLayout(0x5c763e272d48)]: 0 failure(s)
2026-04-14 01:12:14 [INFO] [evolutionary_search.cc:721] Sampled 369 candidate(s)
2026-04-14 01:12:14 [INFO] [evolutionary_search.cc:619] Evolve iter #0 done. Summary:
Postproc #0 [meta_schedule.DisallowDynamicLoop(0x5c763e0f3248)]: 0 failure(s)
Postproc #1 [meta_schedule.RewriteParallelVectorizeUnroll(0x5c763e3ffc98)]: 0 failure(s)
Postproc #2 [meta_schedule.RewriteReductionBlock(0x5c763e1e31b8)]: 0 failure(s)
Postproc #3 [meta_schedule.RewriteLayout(0x5c763e272d48)]: 0 failure(s)
2026-04-14 01:12:15 [INFO] [evolutionary_search.cc:619] Evolve iter #1 done. Summary:
Postproc #0 [meta_schedule.DisallowDynamicLoop(0x5c763e0f3248)]: 0 failure(s)
Postproc #1 [meta_schedule.RewriteParallelVectorizeUnroll(0x5c763e3ffc98)]: 0 failure(s)
Postproc #2 [meta_schedule.RewriteReductionBlock(0x5c763e1e31b8)]: 0 failure(s)
Postproc #3 [meta_schedule.RewriteLayout(0x5c763e272d48)]: 0 failure(s)
2026-04-14 01:12:15 [INFO] [evolutionary_search.cc:619] Evolve iter #2 done. Summary:
Postproc #0 [meta_schedule.DisallowDynamicLoop(0x5c763e0f3248)]: 0 failure(s)
Postproc #1 [meta_schedule.RewriteParallelVectorizeUnroll(0x5c763e3ffc98)]: 0 failure(s)
Postproc #2 [meta_schedule.RewriteReductionBlock(0x5c763e1e31b8)]: 0 failure(s)
Postproc #3 [meta_schedule.RewriteLayout(0x5c763e272d48)]: 0 failure(s)
2026-04-14 01:12:15 [INFO] [evolutionary_search.cc:647] Scores of the best 1 candidates:
[1 : 1]:	0.9994
2026-04-14 01:12:15 [INFO] [evolutionary_search.cc:725] Got 1 candidate(s) with evolutionary search
2026-04-14 01:12:15 [INFO] [evolutionary_search.cc:728] Sending 1 candidates(s) for measurement
2026-04-14 01:12:17 [INFO] [task_scheduler.cc:137] [Task #0: main] Trial #77: GFLOPs: 5.0508. Time: 14947.5380 us. Best GFLOPs: 51.8689
2026-04-14 01:49:45 [INFO] [task_scheduler.cc:166] Initializing Task #0: "main"
2026-04-14 01:49:45 [INFO] [task_scheduler.cc:41] 
# from tvm.script import ir as I
# from tvm.script import tir as T

@I.ir_module
class Module:
    @T.prim_func
    def main(A: T.Buffer((16, 3072), "float32"), B: T.Buffer((3072, 768), "float32"), C: T.Buffer((16, 768), "float32")):
        T.func_attr({"tir.noalias": True})
        # with T.block("root"):
        for i, j, k in T.grid(16, 768, 3072):
            with T.block("C"):
                vi, vj, vk = T.axis.remap("SSR", [i, j, k])
                T.reads(A[vi, vk], B[vk, vj])
                T.writes(C[vi, vj])
                with T.init():
                    C[vi, vj] = T.float32(0.0)
                C[vi, vj] = C[vi, vj] + A[vi, vk] * B[vk, vj]
2026-04-14 01:49:45 [INFO] [task_scheduler.cc:170] Total 3 design space(s) generated
2026-04-14 01:49:45 [INFO] [task_scheduler.cc:176] Design space #0:
# from tvm.script import ir as I
# from tvm.script import tir as T

@I.ir_module
class Module:
    @T.prim_func
    def main(A: T.Buffer((16, 3072), "float32"), B: T.Buffer((3072, 768), "float32"), C: T.Buffer((16, 768), "float32")):
        T.func_attr({"tir.noalias": True})
        with T.block("root"):
            T.reads()
            T.writes()
            T.block_attr({"meta_schedule.parallel": 128, "meta_schedule.unroll_explicit": 64, "meta_schedule.vectorize": 64})
            C_global = T.alloc_buffer((16, 768))
            for i_0, j_0, i_1, j_1 in T.grid(2, 1, 2, 1):
                for k_0, i_2, j_2, k_1, i_3, j_3 in T.grid(96, 1, 768, 32, 4, 1):
                    with T.block("C"):
                        vi = T.axis.spatial(16, i_0 * 8 + i_1 * 4 + i_2 * 4 + i_3)
                        vj = T.axis.spatial(768, j_0 * 768 + j_1 * 768 + j_2 + j_3)
                        vk = T.axis.reduce(3072, k_0 * 32 + k_1)
                        T.reads(A[vi, vk], B[vk, vj])
                        T.writes(C_global[vi, vj])
                        T.block_attr({"meta_schedule.tiling_structure": "SSRSRS"})
                        with T.init():
                            C_global[vi, vj] = T.float32(0.0)
                        C_global[vi, vj] = C_global[vi, vj] + A[vi, vk] * B[vk, vj]
                for ax0, ax1 in T.grid(4, 768):
                    with T.block("C_global"):
                        v0 = T.axis.spatial(16, i_0 * 8 + i_1 * 4 + ax0)
                        v1 = T.axis.spatial(768, ax1)
                        T.reads(C_global[v0, v1])
                        T.writes(C[v0, v1])
                        C[v0, v1] = C_global[v0, v1]
b0 = sch.get_block(name="C", func_name="main")
b1 = sch.get_block(name="root", func_name="main")
sch.annotate(block_or_loop=b0, ann_key="meta_schedule.tiling_structure", ann_val="SSRSRS")
l2, l3, l4 = sch.get_loops(block=b0)
v5, v6, v7, v8 = sch.sample_perfect_tile(loop=l2, n=4, max_innermost_factor=64, decision=[2, 2, 1, 4])
l9, l10, l11, l12 = sch.split(loop=l2, factors=[v5, v6, v7, v8], preserve_unit_iters=True, disable_predication=False)
v13, v14, v15, v16 = sch.sample_perfect_tile(loop=l3, n=4, max_innermost_factor=64, decision=[1, 1, 768, 1])
l17, l18, l19, l20 = sch.split(loop=l3, factors=[v13, v14, v15, v16], preserve_unit_iters=True, disable_predication=False)
v21, v22 = sch.sample_perfect_tile(loop=l4, n=2, max_innermost_factor=64, decision=[96, 32])
l23, l24 = sch.split(loop=l4, factors=[v21, v22], preserve_unit_iters=True, disable_predication=False)
sch.reorder(l9, l17, l10, l18, l23, l11, l19, l24, l12, l20)
b25 = sch.cache_write(block=b0, write_buffer_index=0, storage_scope="global")
sch.reverse_compute_at(block=b25, loop=l18, preserve_unit_loops=True, index=-1)
sch.annotate(block_or_loop=b1, ann_key="meta_schedule.parallel", ann_val=128)
sch.annotate(block_or_loop=b1, ann_key="meta_schedule.vectorize", ann_val=64)
v26 = sch.sample_categorical(candidates=[0, 16, 64, 512], probs=[0.25, 0.25, 0.25, 0.25], decision=2)
sch.annotate(block_or_loop=b1, ann_key="meta_schedule.unroll_explicit", ann_val=v26)
2026-04-14 01:49:45 [INFO] [task_scheduler.cc:176] Design space #1:
# from tvm.script import ir as I
# from tvm.script import tir as T

@I.ir_module
class Module:
    @T.prim_func
    def main(A: T.Buffer((16, 3072), "float32"), B: T.Buffer((3072, 768), "float32"), C: T.Buffer((16, 768), "float32")):
        T.func_attr({"tir.noalias": True})
        with T.block("root"):
            T.reads()
            T.writes()
            T.block_attr({"meta_schedule.parallel": 128, "meta_schedule.unroll_explicit": 64, "meta_schedule.vectorize": 64})
            C_global = T.alloc_buffer((16, 768))
            for i_0, j_0 in T.grid(2, 1):
                for i_1, j_1, k_0, i_2, j_2, k_1, i_3, j_3 in T.grid(2, 1, 96, 1, 768, 32, 4, 1):
                    with T.block("C"):
                        vi = T.axis.spatial(16, i_0 * 8 + i_1 * 4 + i_2 * 4 + i_3)
                        vj = T.axis.spatial(768, j_0 * 768 + j_1 * 768 + j_2 + j_3)
                        vk = T.axis.reduce(3072, k_0 * 32 + k_1)
                        T.reads(A[vi, vk], B[vk, vj])
                        T.writes(C_global[vi, vj])
                        T.block_attr({"meta_schedule.tiling_structure": "SSRSRS"})
                        with T.init():
                            C_global[vi, vj] = T.float32(0.0)
                        C_global[vi, vj] = C_global[vi, vj] + A[vi, vk] * B[vk, vj]
                for ax0, ax1 in T.grid(8, 768):
                    with T.block("C_global"):
                        v0 = T.axis.spatial(16, i_0 * 8 + ax0)
                        v1 = T.axis.spatial(768, ax1)
                        T.reads(C_global[v0, v1])
                        T.writes(C[v0, v1])
                        C[v0, v1] = C_global[v0, v1]
b0 = sch.get_block(name="C", func_name="main")
b1 = sch.get_block(name="root", func_name="main")
sch.annotate(block_or_loop=b0, ann_key="meta_schedule.tiling_structure", ann_val="SSRSRS")
l2, l3, l4 = sch.get_loops(block=b0)
v5, v6, v7, v8 = sch.sample_perfect_tile(loop=l2, n=4, max_innermost_factor=64, decision=[2, 2, 1, 4])
l9, l10, l11, l12 = sch.split(loop=l2, factors=[v5, v6, v7, v8], preserve_unit_iters=True, disable_predication=False)
v13, v14, v15, v16 = sch.sample_perfect_tile(loop=l3, n=4, max_innermost_factor=64, decision=[1, 1, 768, 1])
l17, l18, l19, l20 = sch.split(loop=l3, factors=[v13, v14, v15, v16], preserve_unit_iters=True, disable_predication=False)
v21, v22 = sch.sample_perfect_tile(loop=l4, n=2, max_innermost_factor=64, decision=[96, 32])
l23, l24 = sch.split(loop=l4, factors=[v21, v22], preserve_unit_iters=True, disable_predication=False)
sch.reorder(l9, l17, l10, l18, l23, l11, l19, l24, l12, l20)
b25 = sch.cache_write(block=b0, write_buffer_index=0, storage_scope="global")
sch.reverse_compute_at(block=b25, loop=l17, preserve_unit_loops=True, index=-1)
sch.annotate(block_or_loop=b1, ann_key="meta_schedule.parallel", ann_val=128)
sch.annotate(block_or_loop=b1, ann_key="meta_schedule.vectorize", ann_val=64)
v26 = sch.sample_categorical(candidates=[0, 16, 64, 512], probs=[0.25, 0.25, 0.25, 0.25], decision=2)
sch.annotate(block_or_loop=b1, ann_key="meta_schedule.unroll_explicit", ann_val=v26)
2026-04-14 01:49:45 [INFO] [task_scheduler.cc:176] Design space #2:
# from tvm.script import ir as I
# from tvm.script import tir as T

@I.ir_module
class Module:
    @T.prim_func
    def main(A: T.Buffer((16, 3072), "float32"), B: T.Buffer((3072, 768), "float32"), C: T.Buffer((16, 768), "float32")):
        T.func_attr({"tir.noalias": True})
        with T.block("root"):
            T.reads()
            T.writes()
            T.block_attr({"meta_schedule.parallel": 128, "meta_schedule.unroll_explicit": 0, "meta_schedule.vectorize": 64})
            for i_0, j_0, i_1, j_1, k_0, i_2, j_2, k_1, i_3, j_3 in T.grid(2, 1, 2, 1, 96, 1, 768, 32, 4, 1):
                with T.block("C"):
                    vi = T.axis.spatial(16, i_0 * 8 + i_1 * 4 + i_2 * 4 + i_3)
                    vj = T.axis.spatial(768, j_0 * 768 + j_1 * 768 + j_2 + j_3)
                    vk = T.axis.reduce(3072, k_0 * 32 + k_1)
                    T.reads(A[vi, vk], B[vk, vj])
                    T.writes(C[vi, vj])
                    T.block_attr({"meta_schedule.tiling_structure": "SSRSRS"})
                    with T.init():
                        C[vi, vj] = T.float32(0.0)
                    C[vi, vj] = C[vi, vj] + A[vi, vk] * B[vk, vj]
b0 = sch.get_block(name="C", func_name="main")
b1 = sch.get_block(name="root", func_name="main")
sch.annotate(block_or_loop=b0, ann_key="meta_schedule.tiling_structure", ann_val="SSRSRS")
l2, l3, l4 = sch.get_loops(block=b0)
v5, v6, v7, v8 = sch.sample_perfect_tile(loop=l2, n=4, max_innermost_factor=64, decision=[2, 2, 1, 4])
l9, l10, l11, l12 = sch.split(loop=l2, factors=[v5, v6, v7, v8], preserve_unit_iters=True, disable_predication=False)
v13, v14, v15, v16 = sch.sample_perfect_tile(loop=l3, n=4, max_innermost_factor=64, decision=[1, 1, 768, 1])
l17, l18, l19, l20 = sch.split(loop=l3, factors=[v13, v14, v15, v16], preserve_unit_iters=True, disable_predication=False)
v21, v22 = sch.sample_perfect_tile(loop=l4, n=2, max_innermost_factor=64, decision=[96, 32])
l23, l24 = sch.split(loop=l4, factors=[v21, v22], preserve_unit_iters=True, disable_predication=False)
sch.reorder(l9, l17, l10, l18, l23, l11, l19, l24, l12, l20)
sch.annotate(block_or_loop=b1, ann_key="meta_schedule.parallel", ann_val=128)
sch.annotate(block_or_loop=b1, ann_key="meta_schedule.vectorize", ann_val=64)
v25 = sch.sample_categorical(candidates=[0, 16, 64, 512], probs=[0.25, 0.25, 0.25, 0.25], decision=0)
sch.annotate(block_or_loop=b1, ann_key="meta_schedule.unroll_explicit", ann_val=v25)
2026-04-14 01:49:45 [INFO] [evolutionary_search.cc:711] Generating candidates......
2026-04-14 01:49:45 [INFO] [evolutionary_search.cc:713] Picked top 92 candidate(s) from database
2026-04-14 01:49:46 [INFO] [evolutionary_search.cc:530] Sample-Init-Population summary:
Postproc #0 [meta_schedule.DisallowDynamicLoop(0x60fdddf8f018)]: 0 failure(s)
Postproc #1 [meta_schedule.RewriteParallelVectorizeUnroll(0x60fdddd76f28)]: 0 failure(s)
Postproc #2 [meta_schedule.RewriteReductionBlock(0x60fddd72bff8)]: 0 failure(s)
Postproc #3 [meta_schedule.RewriteLayout(0x60fdde403b98)]: 0 failure(s)
2026-04-14 01:49:46 [INFO] [evolutionary_search.cc:721] Sampled 369 candidate(s)
2026-04-14 01:49:46 [INFO] [evolutionary_search.cc:619] Evolve iter #0 done. Summary:
Postproc #0 [meta_schedule.DisallowDynamicLoop(0x60fdddf8f018)]: 0 failure(s)
Postproc #1 [meta_schedule.RewriteParallelVectorizeUnroll(0x60fdddd76f28)]: 0 failure(s)
Postproc #2 [meta_schedule.RewriteReductionBlock(0x60fddd72bff8)]: 0 failure(s)
Postproc #3 [meta_schedule.RewriteLayout(0x60fdde403b98)]: 0 failure(s)
2026-04-14 01:49:46 [INFO] [evolutionary_search.cc:619] Evolve iter #1 done. Summary:
Postproc #0 [meta_schedule.DisallowDynamicLoop(0x60fdddf8f018)]: 0 failure(s)
Postproc #1 [meta_schedule.RewriteParallelVectorizeUnroll(0x60fdddd76f28)]: 0 failure(s)
Postproc #2 [meta_schedule.RewriteReductionBlock(0x60fddd72bff8)]: 0 failure(s)
Postproc #3 [meta_schedule.RewriteLayout(0x60fdde403b98)]: 0 failure(s)
2026-04-14 01:49:47 [INFO] [evolutionary_search.cc:619] Evolve iter #2 done. Summary:
Postproc #0 [meta_schedule.DisallowDynamicLoop(0x60fdddf8f018)]: 0 failure(s)
Postproc #1 [meta_schedule.RewriteParallelVectorizeUnroll(0x60fdddd76f28)]: 0 failure(s)
Postproc #2 [meta_schedule.RewriteReductionBlock(0x60fddd72bff8)]: 0 failure(s)
Postproc #3 [meta_schedule.RewriteLayout(0x60fdde403b98)]: 0 failure(s)
2026-04-14 01:49:47 [INFO] [evolutionary_search.cc:647] Scores of the best 64 candidates:
[1 : 16]:	0.9993  0.9987  0.9984  0.9984  0.9983  0.9969  0.9967  0.9942  0.9937  0.9928  0.9922  0.9920  0.9907  0.9906  0.9882  0.9878
[17 : 32]:	0.9878  0.9875  0.9864  0.9857  0.9845  0.9841  0.9829  0.9823  0.9815  0.9806  0.9804  0.9797  0.9797  0.9796  0.9790  0.9786
[33 : 48]:	0.9783  0.9780  0.9774  0.9771  0.9770  0.9760  0.9756  0.9755  0.9752  0.9752  0.9746  0.9729  0.9729  0.9725  0.9722  0.9704
[49 : 64]:	0.9690  0.9679  0.9675  0.9666  0.9656  0.9652  0.9631  0.9625  0.9622  0.9610  0.9600  0.9598  0.9598  0.9594  0.9584  0.9578
2026-04-14 01:49:47 [INFO] [evolutionary_search.cc:725] Got 64 candidate(s) with evolutionary search
2026-04-14 01:49:47 [INFO] [evolutionary_search.cc:728] Sending 64 candidates(s) for measurement
2026-04-14 01:50:20 [INFO] [task_scheduler.cc:137] [Task #0: main] Trial #1: GFLOPs: 25.5776. Time: 2951.7065 us. Best GFLOPs: 25.5776
2026-04-14 01:50:20 [INFO] [task_scheduler.cc:137] [Task #0: main] Trial #2: GFLOPs: 4.2395. Time: 17808.1343 us. Best GFLOPs: 25.5776
2026-04-14 01:50:20 [INFO] [task_scheduler.cc:137] [Task #0: main] Trial #3: GFLOPs: 2.3032. Time: 32779.8820 us. Best GFLOPs: 25.5776
2026-04-14 01:50:20 [INFO] [task_scheduler.cc:137] [Task #0: main] Trial #4: GFLOPs: 39.1762. Time: 1927.1249 us. Best GFLOPs: 39.1762
2026-04-14 01:50:20 [INFO] [task_scheduler.cc:137] [Task #0: main] Trial #5: GFLOPs: 13.7943. Time: 5473.1101 us. Best GFLOPs: 39.1762
2026-04-14 01:50:20 [INFO] [task_scheduler.cc:137] [Task #0: main] Trial #6: GFLOPs: 19.6657. Time: 3839.0529 us. Best GFLOPs: 39.1762
2026-04-14 01:50:20 [INFO] [task_scheduler.cc:137] [Task #0: main] Trial #7: GFLOPs: 49.6005. Time: 1522.1118 us. Best GFLOPs: 49.6005
2026-04-14 01:50:20 [INFO] [task_scheduler.cc:137] [Task #0: main] Trial #8: GFLOPs: 22.7846. Time: 3313.5276 us. Best GFLOPs: 49.6005
2026-04-14 01:50:20 [INFO] [task_scheduler.cc:137] [Task #0: main] Trial #9: GFLOPs: 17.9330. Time: 4209.9836 us. Best GFLOPs: 49.6005
2026-04-14 01:50:20 [INFO] [task_scheduler.cc:137] [Task #0: main] Trial #10: GFLOPs: 13.1999. Time: 5719.5547 us. Best GFLOPs: 49.6005
2026-04-14 01:50:20 [INFO] [task_scheduler.cc:137] [Task #0: main] Trial #11: GFLOPs: 20.4946. Time: 3683.7768 us. Best GFLOPs: 49.6005
2026-04-14 01:50:20 [INFO] [task_scheduler.cc:137] [Task #0: main] Trial #12: GFLOPs: 5.4739. Time: 13792.2560 us. Best GFLOPs: 49.6005
2026-04-14 01:50:20 [INFO] [task_scheduler.cc:137] [Task #0: main] Trial #13: GFLOPs: 13.0805. Time: 5771.7447 us. Best GFLOPs: 49.6005
2026-04-14 01:50:20 [INFO] [task_scheduler.cc:137] [Task #0: main] Trial #14: GFLOPs: 36.8342. Time: 2049.6546 us. Best GFLOPs: 49.6005
2026-04-14 01:50:20 [INFO] [task_scheduler.cc:137] [Task #0: main] Trial #15: GFLOPs: 15.6545. Time: 4822.7419 us. Best GFLOPs: 49.6005
2026-04-14 01:50:20 [INFO] [task_scheduler.cc:137] [Task #0: main] Trial #16: GFLOPs: 16.5231. Time: 4569.2081 us. Best GFLOPs: 49.6005
2026-04-14 01:50:20 [INFO] [task_scheduler.cc:137] [Task #0: main] Trial #17: GFLOPs: 33.6796. Time: 2241.6347 us. Best GFLOPs: 49.6005
2026-04-14 01:50:20 [INFO] [task_scheduler.cc:137] [Task #0: main] Trial #18: GFLOPs: 12.0389. Time: 6271.1430 us. Best GFLOPs: 49.6005
2026-04-14 01:50:20 [INFO] [task_scheduler.cc:137] [Task #0: main] Trial #19: GFLOPs: 4.7067. Time: 16040.5510 us. Best GFLOPs: 49.6005
2026-04-14 01:50:20 [INFO] [task_scheduler.cc:137] [Task #0: main] Trial #20: GFLOPs: 21.5300. Time: 3506.6127 us. Best GFLOPs: 49.6005
2026-04-14 01:50:20 [INFO] [task_scheduler.cc:137] [Task #0: main] Trial #21: GFLOPs: 9.0372. Time: 8354.1154 us. Best GFLOPs: 49.6005
2026-04-14 01:50:20 [INFO] [task_scheduler.cc:137] [Task #0: main] Trial #22: GFLOPs: 12.1713. Time: 6202.8977 us. Best GFLOPs: 49.6005
2026-04-14 01:50:20 [INFO] [task_scheduler.cc:137] [Task #0: main] Trial #23: GFLOPs: 22.1002. Time: 3416.1515 us. Best GFLOPs: 49.6005
2026-04-14 01:50:20 [INFO] [task_scheduler.cc:137] [Task #0: main] Trial #24: GFLOPs: 23.3248. Time: 3236.7856 us. Best GFLOPs: 49.6005
2026-04-14 01:50:20 [INFO] [task_scheduler.cc:137] [Task #0: main] Trial #25: GFLOPs: 7.8551. Time: 9611.2664 us. Best GFLOPs: 49.6005
2026-04-14 01:50:20 [INFO] [task_scheduler.cc:137] [Task #0: main] Trial #26: GFLOPs: 13.3915. Time: 5637.7064 us. Best GFLOPs: 49.6005
2026-04-14 01:50:20 [INFO] [task_scheduler.cc:137] [Task #0: main] Trial #27: GFLOPs: 34.1073. Time: 2213.5304 us. Best GFLOPs: 49.6005
2026-04-14 01:50:20 [INFO] [task_scheduler.cc:137] [Task #0: main] Trial #28: GFLOPs: 9.6460. Time: 7826.8155 us. Best GFLOPs: 49.6005
2026-04-14 01:50:20 [INFO] [task_scheduler.cc:137] [Task #0: main] Trial #29: GFLOPs: 3.7442. Time: 20164.0745 us. Best GFLOPs: 49.6005
2026-04-14 01:50:20 [INFO] [task_scheduler.cc:137] [Task #0: main] Trial #30: GFLOPs: 5.1944. Time: 14534.4213 us. Best GFLOPs: 49.6005
2026-04-14 01:50:20 [INFO] [task_scheduler.cc:137] [Task #0: main] Trial #31: GFLOPs: 18.9208. Time: 3990.1931 us. Best GFLOPs: 49.6005
2026-04-14 01:50:20 [INFO] [task_scheduler.cc:137] [Task #0: main] Trial #32: GFLOPs: 21.9402. Time: 3441.0501 us. Best GFLOPs: 49.6005
2026-04-14 01:50:20 [INFO] [task_scheduler.cc:137] [Task #0: main] Trial #33: GFLOPs: 11.7770. Time: 6410.6089 us. Best GFLOPs: 49.6005
2026-04-14 01:50:20 [INFO] [task_scheduler.cc:137] [Task #0: main] Trial #34: GFLOPs: 14.6291. Time: 5160.7690 us. Best GFLOPs: 49.6005
2026-04-14 01:50:20 [INFO] [task_scheduler.cc:137] [Task #0: main] Trial #35: GFLOPs: 7.1237. Time: 10598.0465 us. Best GFLOPs: 49.6005
2026-04-14 01:50:20 [INFO] [task_scheduler.cc:137] [Task #0: main] Trial #36: GFLOPs: 17.7088. Time: 4263.2791 us. Best GFLOPs: 49.6005
2026-04-14 01:50:20 [INFO] [task_scheduler.cc:137] [Task #0: main] Trial #37: GFLOPs: 19.4407. Time: 3883.4775 us. Best GFLOPs: 49.6005
2026-04-14 01:50:20 [INFO] [task_scheduler.cc:137] [Task #0: main] Trial #38: GFLOPs: 12.3216. Time: 6127.2526 us. Best GFLOPs: 49.6005
2026-04-14 01:50:20 [INFO] [task_scheduler.cc:137] [Task #0: main] Trial #39: GFLOPs: 22.4307. Time: 3365.8145 us. Best GFLOPs: 49.6005
2026-04-14 01:50:20 [INFO] [task_scheduler.cc:137] [Task #0: main] Trial #40: GFLOPs: 50.6525. Time: 1490.4973 us. Best GFLOPs: 50.6525
2026-04-14 01:50:20 [INFO] [task_scheduler.cc:137] [Task #0: main] Trial #41: GFLOPs: 20.6810. Time: 3650.5800 us. Best GFLOPs: 50.6525
2026-04-14 01:50:20 [INFO] [task_scheduler.cc:137] [Task #0: main] Trial #42: GFLOPs: 18.3161. Time: 4121.9218 us. Best GFLOPs: 50.6525
2026-04-14 01:50:20 [INFO] [task_scheduler.cc:137] [Task #0: main] Trial #43: GFLOPs: 26.4034. Time: 2859.3890 us. Best GFLOPs: 50.6525
2026-04-14 01:50:20 [INFO] [task_scheduler.cc:137] [Task #0: main] Trial #44: GFLOPs: 19.2355. Time: 3924.9074 us. Best GFLOPs: 50.6525
2026-04-14 01:50:20 [INFO] [task_scheduler.cc:137] [Task #0: main] Trial #45: GFLOPs: 13.4009. Time: 5633.7823 us. Best GFLOPs: 50.6525
2026-04-14 01:50:20 [INFO] [task_scheduler.cc:137] [Task #0: main] Trial #46: GFLOPs: 40.9932. Time: 1841.7073 us. Best GFLOPs: 50.6525
2026-04-14 01:50:20 [INFO] [task_scheduler.cc:137] [Task #0: main] Trial #47: GFLOPs: 10.8108. Time: 6983.5448 us. Best GFLOPs: 50.6525
2026-04-14 01:50:20 [INFO] [task_scheduler.cc:137] [Task #0: main] Trial #48: GFLOPs: 22.8083. Time: 3310.0890 us. Best GFLOPs: 50.6525
2026-04-14 01:50:20 [INFO] [task_scheduler.cc:137] [Task #0: main] Trial #49: GFLOPs: 7.6982. Time: 9807.2156 us. Best GFLOPs: 50.6525
2026-04-14 01:50:20 [INFO] [task_scheduler.cc:137] [Task #0: main] Trial #50: GFLOPs: 22.7969. Time: 3311.7402 us. Best GFLOPs: 50.6525
2026-04-14 01:50:20 [INFO] [task_scheduler.cc:137] [Task #0: main] Trial #51: GFLOPs: 13.3228. Time: 5666.7673 us. Best GFLOPs: 50.6525
2026-04-14 01:50:20 [INFO] [task_scheduler.cc:137] [Task #0: main] Trial #52: GFLOPs: 21.6900. Time: 3480.7444 us. Best GFLOPs: 50.6525
2026-04-14 01:50:20 [INFO] [task_scheduler.cc:137] [Task #0: main] Trial #53: GFLOPs: 10.5461. Time: 7158.8188 us. Best GFLOPs: 50.6525
2026-04-14 01:50:20 [INFO] [task_scheduler.cc:137] [Task #0: main] Trial #54: GFLOPs: 2.7434. Time: 27519.7065 us. Best GFLOPs: 50.6525
2026-04-14 01:50:20 [INFO] [task_scheduler.cc:137] [Task #0: main] Trial #55: GFLOPs: 36.5649. Time: 2064.7542 us. Best GFLOPs: 50.6525
2026-04-14 01:50:20 [INFO] [task_scheduler.cc:137] [Task #0: main] Trial #56: GFLOPs: 2.2327. Time: 33814.0575 us. Best GFLOPs: 50.6525
2026-04-14 01:50:20 [INFO] [task_scheduler.cc:137] [Task #0: main] Trial #57: GFLOPs: 46.1094. Time: 1637.3559 us. Best GFLOPs: 50.6525
2026-04-14 01:50:20 [INFO] [task_scheduler.cc:137] [Task #0: main] Trial #58: GFLOPs: 7.2062. Time: 10476.7340 us. Best GFLOPs: 50.6525
2026-04-14 01:50:20 [INFO] [task_scheduler.cc:137] [Task #0: main] Trial #59: GFLOPs: 6.7384. Time: 11204.0888 us. Best GFLOPs: 50.6525
2026-04-14 01:50:20 [INFO] [task_scheduler.cc:137] [Task #0: main] Trial #60: GFLOPs: 15.5330. Time: 4860.4473 us. Best GFLOPs: 50.6525
2026-04-14 01:50:20 [INFO] [task_scheduler.cc:137] [Task #0: main] Trial #61: GFLOPs: 36.8053. Time: 2051.2674 us. Best GFLOPs: 50.6525
2026-04-14 01:50:20 [INFO] [task_scheduler.cc:137] [Task #0: main] Trial #62: GFLOPs: 5.5085. Time: 13705.7140 us. Best GFLOPs: 50.6525
2026-04-14 01:50:20 [INFO] [task_scheduler.cc:137] [Task #0: main] Trial #63: GFLOPs: 19.0517. Time: 3962.7658 us. Best GFLOPs: 50.6525
2026-04-14 01:50:20 [INFO] [task_scheduler.cc:137] [Task #0: main] Trial #64: GFLOPs: 30.1209. Time: 2506.4814 us. Best GFLOPs: 50.6525
2026-04-14 01:50:20 [INFO] [evolutionary_search.cc:711] Generating candidates......
2026-04-14 01:50:20 [INFO] [evolutionary_search.cc:713] Picked top 92 candidate(s) from database
2026-04-14 01:50:20 [INFO] [evolutionary_search.cc:530] Sample-Init-Population summary:
Postproc #0 [meta_schedule.DisallowDynamicLoop(0x60fdddf8f018)]: 0 failure(s)
Postproc #1 [meta_schedule.RewriteParallelVectorizeUnroll(0x60fdddd76f28)]: 0 failure(s)
Postproc #2 [meta_schedule.RewriteReductionBlock(0x60fddd72bff8)]: 0 failure(s)
Postproc #3 [meta_schedule.RewriteLayout(0x60fdde403b98)]: 0 failure(s)
2026-04-14 01:50:20 [INFO] [evolutionary_search.cc:721] Sampled 369 candidate(s)
2026-04-14 01:50:21 [INFO] [evolutionary_search.cc:619] Evolve iter #0 done. Summary:
Postproc #0 [meta_schedule.DisallowDynamicLoop(0x60fdddf8f018)]: 0 failure(s)
Postproc #1 [meta_schedule.RewriteParallelVectorizeUnroll(0x60fdddd76f28)]: 0 failure(s)
Postproc #2 [meta_schedule.RewriteReductionBlock(0x60fddd72bff8)]: 0 failure(s)
Postproc #3 [meta_schedule.RewriteLayout(0x60fdde403b98)]: 0 failure(s)
2026-04-14 01:50:21 [INFO] [evolutionary_search.cc:619] Evolve iter #1 done. Summary:
Postproc #0 [meta_schedule.DisallowDynamicLoop(0x60fdddf8f018)]: 0 failure(s)
Postproc #1 [meta_schedule.RewriteParallelVectorizeUnroll(0x60fdddd76f28)]: 0 failure(s)
Postproc #2 [meta_schedule.RewriteReductionBlock(0x60fddd72bff8)]: 0 failure(s)
Postproc #3 [meta_schedule.RewriteLayout(0x60fdde403b98)]: 0 failure(s)
2026-04-14 01:50:21 [INFO] [evolutionary_search.cc:619] Evolve iter #2 done. Summary:
Postproc #0 [meta_schedule.DisallowDynamicLoop(0x60fdddf8f018)]: 0 failure(s)
Postproc #1 [meta_schedule.RewriteParallelVectorizeUnroll(0x60fdddd76f28)]: 0 failure(s)
Postproc #2 [meta_schedule.RewriteReductionBlock(0x60fddd72bff8)]: 0 failure(s)
Postproc #3 [meta_schedule.RewriteLayout(0x60fdde403b98)]: 0 failure(s)
2026-04-14 01:50:22 [INFO] [evolutionary_search.cc:647] Scores of the best 13 candidates:
[1 : 13]:	0.9995  0.9992  0.9990  0.9986  0.9984  0.9984  0.9980  0.9963  0.9961  0.9936  0.9931  0.9928  0.9923
2026-04-14 01:50:22 [INFO] [evolutionary_search.cc:725] Got 13 candidate(s) with evolutionary search
2026-04-14 01:50:22 [INFO] [evolutionary_search.cc:728] Sending 13 candidates(s) for measurement
2026-04-14 01:50:36 [INFO] [task_scheduler.cc:137] [Task #0: main] Trial #65: GFLOPs: 9.4186. Time: 8015.7956 us. Best GFLOPs: 50.6525
2026-04-14 01:50:36 [INFO] [task_scheduler.cc:137] [Task #0: main] Trial #66: GFLOPs: 2.1697. Time: 34795.9028 us. Best GFLOPs: 50.6525
2026-04-14 01:50:36 [INFO] [task_scheduler.cc:137] [Task #0: main] Trial #67: GFLOPs: 36.1975. Time: 2085.7092 us. Best GFLOPs: 50.6525
2026-04-14 01:50:36 [INFO] [task_scheduler.cc:137] [Task #0: main] Trial #68: GFLOPs: 48.9758. Time: 1541.5272 us. Best GFLOPs: 50.6525
2026-04-14 01:50:36 [INFO] [task_scheduler.cc:137] [Task #0: main] Trial #69: GFLOPs: 55.6110. Time: 1357.5993 us. Best GFLOPs: 55.6110
2026-04-14 01:50:36 [INFO] [task_scheduler.cc:137] [Task #0: main] Trial #70: GFLOPs: 22.1140. Time: 3414.0139 us. Best GFLOPs: 55.6110
2026-04-14 01:50:36 [INFO] [task_scheduler.cc:137] [Task #0: main] Trial #71: GFLOPs: 25.9702. Time: 2907.0780 us. Best GFLOPs: 55.6110
2026-04-14 01:50:36 [INFO] [task_scheduler.cc:137] [Task #0: main] Trial #72: GFLOPs: 19.1198. Time: 3948.6544 us. Best GFLOPs: 55.6110
2026-04-14 01:50:36 [INFO] [task_scheduler.cc:137] [Task #0: main] Trial #73: GFLOPs: 0.2203. Time: 342644.0190 us. Best GFLOPs: 55.6110
2026-04-14 01:50:36 [INFO] [task_scheduler.cc:137] [Task #0: main] Trial #74: GFLOPs: 8.3950. Time: 8993.1394 us. Best GFLOPs: 55.6110
2026-04-14 01:50:36 [INFO] [task_scheduler.cc:137] [Task #0: main] Trial #75: GFLOPs: 12.2473. Time: 6164.4071 us. Best GFLOPs: 55.6110
2026-04-14 01:50:36 [INFO] [task_scheduler.cc:137] [Task #0: main] Trial #76: GFLOPs: 37.4313. Time: 2016.9583 us. Best GFLOPs: 55.6110
2026-04-14 01:50:36 [INFO] [task_scheduler.cc:137] [Task #0: main] Trial #77: GFLOPs: 26.8886. Time: 2807.7836 us. Best GFLOPs: 55.6110
