2026-04-07 11:26:11,062 | INFO | Starting 80/20 MetaSchedule tuner
2026-04-07 11:26:11,062 | INFO | Target: llvm -keys=cpu -mtriple=x86_64-pc-linux-gnu -num-cores=8
2026-04-07 11:26:11,062 | INFO | Work dir base: research/results/metaschedule/8020
2026-04-07 11:26:11,088 | INFO | Profile: i5-1235u
2026-04-07 11:26:30,583 | INFO | Kernels: qkv, mlp_expand, mlp_reduce
2026-04-07 11:26:30,583 | INFO | Representative subset tasks: 9
2026-04-07 11:26:30,583 | INFO |   - kernel=qkv M=16 K=768 N=768 (small)
2026-04-07 11:26:30,584 | INFO |   - kernel=qkv M=128 K=768 N=768 (medium)
2026-04-07 11:26:30,584 | INFO |   - kernel=qkv M=384 K=768 N=768 (large)
2026-04-07 11:26:30,584 | INFO |   - kernel=mlp_expand M=16 K=768 N=3072 (small)
2026-04-07 11:26:30,584 | INFO |   - kernel=mlp_expand M=128 K=768 N=3072 (medium)
2026-04-07 11:26:30,584 | INFO |   - kernel=mlp_expand M=384 K=768 N=3072 (large)
2026-04-07 11:26:30,584 | INFO |   - kernel=mlp_reduce M=16 K=3072 N=768 (small)
2026-04-07 11:26:30,584 | INFO |   - kernel=mlp_reduce M=128 K=3072 N=768 (medium)
2026-04-07 11:26:30,584 | INFO |   - kernel=mlp_reduce M=384 K=3072 N=768 (large)
2026-04-07 11:26:30,591 | INFO | Loaded 24 historical best schedules for heuristic biasing
2026-04-07 11:26:30,591 | INFO | ##########################################################################################
2026-04-07 11:26:30,592 | INFO | Pruning iteration 1/1
2026-04-07 11:26:30,592 | INFO | ##########################################################################################
2026-04-07 11:26:30,592 | INFO | Evaluating config=baseline (state=g0-p0-m0-b0) iteration=1 mode=pruning
2026-04-07 11:26:30,592 | INFO | Task: kernel=qkv M=16 K=768 N=768 bucket=small
2026-04-07 11:29:05,116 | INFO | Task: kernel=qkv M=128 K=768 N=768 bucket=medium
2026-04-07 11:31:51,848 | INFO | Task: kernel=qkv M=384 K=768 N=768 bucket=large
2026-04-07 11:34:51,280 | INFO | Task: kernel=mlp_expand M=16 K=768 N=3072 bucket=small
2026-04-07 11:37:55,319 | INFO | Task: kernel=mlp_expand M=128 K=768 N=3072 bucket=medium
2026-04-07 11:41:17,588 | INFO | Task: kernel=mlp_expand M=384 K=768 N=3072 bucket=large
2026-04-07 11:45:25,171 | INFO | Task: kernel=mlp_reduce M=16 K=3072 N=768 bucket=small
2026-04-07 11:48:33,098 | INFO | Task: kernel=mlp_reduce M=128 K=3072 N=768 bucket=medium
2026-04-07 11:51:50,183 | INFO | Task: kernel=mlp_reduce M=384 K=3072 N=768 bucket=large
2026-04-07 11:56:20,254 | INFO | Pruning step 1: evaluating 7 neighboring states
2026-04-07 11:56:20,257 | INFO | Evaluating config=pruned_g0-p0-m1-b0 (state=g0-p0-m1-b0) iteration=1 mode=pruning
2026-04-07 11:56:20,257 | INFO | Task: kernel=qkv M=16 K=768 N=768 bucket=small
2026-04-07 11:59:00,696 | INFO | Task: kernel=qkv M=128 K=768 N=768 bucket=medium
2026-04-07 12:01:31,889 | INFO | Task: kernel=qkv M=384 K=768 N=768 bucket=large
2026-04-07 12:04:26,900 | INFO | Task: kernel=mlp_expand M=16 K=768 N=3072 bucket=small
2026-04-07 12:07:04,372 | INFO | Task: kernel=mlp_expand M=128 K=768 N=3072 bucket=medium
2026-04-07 12:10:00,096 | INFO | Task: kernel=mlp_expand M=384 K=768 N=3072 bucket=large
2026-04-07 12:13:55,016 | INFO | Task: kernel=mlp_reduce M=16 K=3072 N=768 bucket=small
2026-04-07 12:17:00,038 | INFO | Task: kernel=mlp_reduce M=128 K=3072 N=768 bucket=medium
2026-04-07 12:20:08,701 | INFO | Task: kernel=mlp_reduce M=384 K=3072 N=768 bucket=large
2026-04-07 12:23:58,223 | INFO | Evaluating config=pruned_g0-p0-m0-b1 (state=g0-p0-m0-b1) iteration=1 mode=pruning
2026-04-07 12:23:58,224 | INFO | Task: kernel=qkv M=16 K=768 N=768 bucket=small
2026-04-07 12:26:26,897 | INFO | Task: kernel=qkv M=128 K=768 N=768 bucket=medium
2026-04-07 12:29:00,312 | INFO | Task: kernel=qkv M=384 K=768 N=768 bucket=large
2026-04-07 12:31:31,519 | INFO | Task: kernel=mlp_expand M=16 K=768 N=3072 bucket=small
2026-04-07 12:34:11,197 | INFO | Task: kernel=mlp_expand M=128 K=768 N=3072 bucket=medium
2026-04-07 12:37:11,100 | INFO | Task: kernel=mlp_expand M=384 K=768 N=3072 bucket=large
2026-04-07 12:40:47,292 | INFO | Task: kernel=mlp_reduce M=16 K=3072 N=768 bucket=small
2026-04-07 12:43:28,583 | INFO | Task: kernel=mlp_reduce M=128 K=3072 N=768 bucket=medium
2026-04-07 12:46:37,355 | INFO | Task: kernel=mlp_reduce M=384 K=3072 N=768 bucket=large
2026-04-07 12:50:18,340 | INFO | Evaluating config=pruned_g0-p1-m0-b0 (state=g0-p1-m0-b0) iteration=1 mode=pruning
2026-04-07 12:50:18,341 | INFO | Task: kernel=qkv M=16 K=768 N=768 bucket=small
2026-04-07 12:53:40,097 | INFO | Task: kernel=qkv M=128 K=768 N=768 bucket=medium
2026-04-07 12:57:02,863 | INFO | Task: kernel=qkv M=384 K=768 N=768 bucket=large
2026-04-07 13:00:43,236 | INFO | Task: kernel=mlp_expand M=16 K=768 N=3072 bucket=small
2026-04-07 13:04:11,462 | INFO | Task: kernel=mlp_expand M=128 K=768 N=3072 bucket=medium
2026-04-07 13:08:02,806 | INFO | Task: kernel=mlp_expand M=384 K=768 N=3072 bucket=large
2026-04-07 13:12:50,042 | INFO | Task: kernel=mlp_reduce M=16 K=3072 N=768 bucket=small
2026-04-07 13:16:37,026 | INFO | Task: kernel=mlp_reduce M=128 K=3072 N=768 bucket=medium
2026-04-07 13:21:00,372 | INFO | Task: kernel=mlp_reduce M=384 K=3072 N=768 bucket=large
2026-04-07 13:25:48,193 | INFO | Evaluating config=pruned_g1-p0-m0-b0 (state=g1-p0-m0-b0) iteration=1 mode=pruning
2026-04-07 13:25:48,193 | INFO | Task: kernel=qkv M=16 K=768 N=768 bucket=small
2026-04-07 13:27:46,670 | INFO | Task: kernel=qkv M=128 K=768 N=768 bucket=medium
2026-04-07 13:29:47,355 | INFO | Task: kernel=qkv M=384 K=768 N=768 bucket=large
2026-04-07 13:32:04,182 | INFO | Task: kernel=mlp_expand M=16 K=768 N=3072 bucket=small
2026-04-07 13:34:09,295 | INFO | Task: kernel=mlp_expand M=128 K=768 N=3072 bucket=medium
2026-04-07 13:36:33,257 | INFO | Task: kernel=mlp_expand M=384 K=768 N=3072 bucket=large
2026-04-07 13:39:55,539 | INFO | Task: kernel=mlp_reduce M=16 K=3072 N=768 bucket=small
2026-04-07 13:42:06,998 | INFO | Task: kernel=mlp_reduce M=128 K=3072 N=768 bucket=medium
2026-04-07 13:44:32,967 | INFO | Task: kernel=mlp_reduce M=384 K=3072 N=768 bucket=large
2026-04-07 13:47:35,982 | INFO | Evaluating config=pruned_g1-p0-m1-b0 (state=g1-p0-m1-b0) iteration=1 mode=pruning
2026-04-07 13:47:35,982 | INFO | Task: kernel=qkv M=16 K=768 N=768 bucket=small
2026-04-07 13:49:24,512 | INFO | Task: kernel=qkv M=128 K=768 N=768 bucket=medium
2026-04-07 13:51:23,971 | INFO | Task: kernel=qkv M=384 K=768 N=768 bucket=large
2026-04-07 13:53:34,898 | INFO | Task: kernel=mlp_expand M=16 K=768 N=3072 bucket=small
2026-04-07 13:55:31,256 | INFO | Task: kernel=mlp_expand M=128 K=768 N=3072 bucket=medium
2026-04-07 13:58:07,339 | INFO | Task: kernel=mlp_expand M=384 K=768 N=3072 bucket=large
2026-04-07 14:00:41,881 | INFO | Task: kernel=mlp_reduce M=16 K=3072 N=768 bucket=small
2026-04-07 14:02:31,393 | INFO | Task: kernel=mlp_reduce M=128 K=3072 N=768 bucket=medium
2026-04-07 14:04:47,119 | INFO | Task: kernel=mlp_reduce M=384 K=3072 N=768 bucket=large
2026-04-07 14:07:44,110 | INFO | Evaluating config=pruned_g1-p0-m0-b1 (state=g1-p0-m0-b1) iteration=1 mode=pruning
2026-04-07 14:07:44,110 | INFO | Task: kernel=qkv M=16 K=768 N=768 bucket=small
2026-04-07 14:09:40,072 | INFO | Task: kernel=qkv M=128 K=768 N=768 bucket=medium
2026-04-07 14:11:38,621 | INFO | Task: kernel=qkv M=384 K=768 N=768 bucket=large
2026-04-07 14:13:53,697 | INFO | Task: kernel=mlp_expand M=16 K=768 N=3072 bucket=small
2026-04-07 14:16:06,492 | INFO | Task: kernel=mlp_expand M=128 K=768 N=3072 bucket=medium
2026-04-07 14:18:32,848 | INFO | Task: kernel=mlp_expand M=384 K=768 N=3072 bucket=large
2026-04-07 14:21:49,254 | INFO | Task: kernel=mlp_reduce M=16 K=3072 N=768 bucket=small
2026-04-07 14:23:56,431 | INFO | Task: kernel=mlp_reduce M=128 K=3072 N=768 bucket=medium
2026-04-07 14:26:27,351 | INFO | Task: kernel=mlp_reduce M=384 K=3072 N=768 bucket=large
2026-04-07 14:29:41,740 | INFO | Evaluating config=pruned_g1-p1-m0-b0 (state=g1-p1-m0-b0) iteration=1 mode=pruning
2026-04-07 14:29:41,740 | INFO | Task: kernel=qkv M=16 K=768 N=768 bucket=small
2026-04-07 14:32:15,094 | INFO | Task: kernel=qkv M=128 K=768 N=768 bucket=medium
2026-04-07 14:35:04,082 | INFO | Task: kernel=qkv M=384 K=768 N=768 bucket=large
2026-04-07 14:37:55,795 | INFO | Task: kernel=mlp_expand M=16 K=768 N=3072 bucket=small
2026-04-07 14:40:46,523 | INFO | Task: kernel=mlp_expand M=128 K=768 N=3072 bucket=medium
2026-04-07 14:44:17,000 | INFO | Task: kernel=mlp_expand M=384 K=768 N=3072 bucket=large
2026-04-07 14:48:09,573 | INFO | Task: kernel=mlp_reduce M=16 K=3072 N=768 bucket=small
2026-04-07 14:50:56,483 | INFO | Task: kernel=mlp_reduce M=128 K=3072 N=768 bucket=medium
2026-04-07 14:54:08,482 | INFO | Task: kernel=mlp_reduce M=384 K=3072 N=768 bucket=large
2026-04-07 14:58:08,240 | INFO | Best candidate at step 1: pruned_g1-p0-m1-b0 | score=1.9219 retention=1.3082 time_reduction=1.4692
2026-04-07 14:58:08,241 | INFO | Pruning step 2: evaluating 7 neighboring states
2026-04-07 14:58:08,241 | INFO | Evaluating config=pruned_g1-p0-m2-b0 (state=g1-p0-m2-b0) iteration=1 mode=pruning
2026-04-07 14:58:08,241 | INFO | Task: kernel=qkv M=16 K=768 N=768 bucket=small
2026-04-07 15:00:08,401 | INFO | Task: kernel=qkv M=128 K=768 N=768 bucket=medium
2026-04-07 15:01:55,808 | INFO | Task: kernel=qkv M=384 K=768 N=768 bucket=large
2026-04-07 15:03:44,591 | INFO | Task: kernel=mlp_expand M=16 K=768 N=3072 bucket=small
2026-04-07 15:05:37,765 | INFO | Task: kernel=mlp_expand M=128 K=768 N=3072 bucket=medium
2026-04-07 15:07:46,666 | INFO | Task: kernel=mlp_expand M=384 K=768 N=3072 bucket=large
2026-04-07 15:10:30,482 | INFO | Task: kernel=mlp_reduce M=16 K=3072 N=768 bucket=small
2026-04-07 15:12:41,205 | INFO | Task: kernel=mlp_reduce M=128 K=3072 N=768 bucket=medium
2026-04-07 15:14:51,539 | INFO | Task: kernel=mlp_reduce M=384 K=3072 N=768 bucket=large
2026-04-07 15:17:34,364 | INFO | Evaluating config=pruned_g1-p0-m1-b1 (state=g1-p0-m1-b1) iteration=1 mode=pruning
2026-04-07 15:17:34,364 | INFO | Task: kernel=qkv M=16 K=768 N=768 bucket=small
2026-04-07 15:19:23,080 | INFO | Task: kernel=qkv M=128 K=768 N=768 bucket=medium
2026-04-07 15:21:17,783 | INFO | Task: kernel=qkv M=384 K=768 N=768 bucket=large
2026-04-07 15:23:16,266 | INFO | Task: kernel=mlp_expand M=16 K=768 N=3072 bucket=small
2026-04-07 15:25:40,476 | INFO | Task: kernel=mlp_expand M=128 K=768 N=3072 bucket=medium
2026-04-07 15:27:55,179 | INFO | Task: kernel=mlp_expand M=384 K=768 N=3072 bucket=large
2026-04-07 15:30:35,638 | INFO | Task: kernel=mlp_reduce M=16 K=3072 N=768 bucket=small
2026-04-07 15:32:25,138 | INFO | Task: kernel=mlp_reduce M=128 K=3072 N=768 bucket=medium
2026-04-07 15:34:39,015 | INFO | Task: kernel=mlp_reduce M=384 K=3072 N=768 bucket=large
2026-04-07 15:37:23,748 | INFO | Evaluating config=pruned_g1-p1-m1-b0 (state=g1-p1-m1-b0) iteration=1 mode=pruning
2026-04-07 15:37:23,748 | INFO | Task: kernel=qkv M=16 K=768 N=768 bucket=small
2026-04-07 15:39:47,261 | INFO | Task: kernel=qkv M=128 K=768 N=768 bucket=medium
2026-04-07 15:42:11,594 | INFO | Task: kernel=qkv M=384 K=768 N=768 bucket=large
2026-04-07 15:44:45,534 | INFO | Task: kernel=mlp_expand M=16 K=768 N=3072 bucket=small
2026-04-07 15:47:20,337 | INFO | Task: kernel=mlp_expand M=128 K=768 N=3072 bucket=medium
2026-04-07 15:50:38,846 | INFO | Task: kernel=mlp_expand M=384 K=768 N=3072 bucket=large
2026-04-07 15:54:00,095 | INFO | Task: kernel=mlp_reduce M=16 K=3072 N=768 bucket=small
2026-04-07 15:56:33,956 | INFO | Task: kernel=mlp_reduce M=128 K=3072 N=768 bucket=medium
2026-04-07 15:59:47,705 | INFO | Task: kernel=mlp_reduce M=384 K=3072 N=768 bucket=large
2026-04-07 16:03:51,593 | INFO | Evaluating config=pruned_g2-p0-m1-b0 (state=g2-p0-m1-b0) iteration=1 mode=pruning
2026-04-07 16:03:51,598 | INFO | Task: kernel=qkv M=16 K=768 N=768 bucket=small
2026-04-07 16:05:09,143 | INFO | Task: kernel=qkv M=128 K=768 N=768 bucket=medium
2026-04-07 16:06:28,385 | INFO | Task: kernel=qkv M=384 K=768 N=768 bucket=large
2026-04-07 16:33:48,529 | INFO | Task: kernel=mlp_expand M=16 K=768 N=3072 bucket=small
2026-04-07 16:35:11,183 | INFO | Task: kernel=mlp_expand M=128 K=768 N=3072 bucket=medium
2026-04-07 16:36:40,413 | INFO | Task: kernel=mlp_expand M=384 K=768 N=3072 bucket=large
2026-04-07 16:38:30,594 | INFO | Task: kernel=mlp_reduce M=16 K=3072 N=768 bucket=small
2026-04-07 16:39:54,070 | INFO | Task: kernel=mlp_reduce M=128 K=3072 N=768 bucket=medium
2026-04-07 16:41:22,424 | INFO | Task: kernel=mlp_reduce M=384 K=3072 N=768 bucket=large
2026-04-07 16:43:30,222 | INFO | Evaluating config=pruned_g2-p0-m2-b0 (state=g2-p0-m2-b0) iteration=1 mode=pruning
2026-04-07 16:43:30,222 | INFO | Task: kernel=qkv M=16 K=768 N=768 bucket=small
2026-04-07 16:44:45,521 | INFO | Task: kernel=qkv M=128 K=768 N=768 bucket=medium
2026-04-07 16:45:58,163 | INFO | Task: kernel=qkv M=384 K=768 N=768 bucket=large
2026-04-07 16:47:14,806 | INFO | Task: kernel=mlp_expand M=16 K=768 N=3072 bucket=small
2026-04-07 16:48:28,460 | INFO | Task: kernel=mlp_expand M=128 K=768 N=3072 bucket=medium
2026-04-07 16:49:48,985 | INFO | Task: kernel=mlp_expand M=384 K=768 N=3072 bucket=large
2026-04-07 16:51:30,993 | INFO | Task: kernel=mlp_reduce M=16 K=3072 N=768 bucket=small
2026-04-07 16:52:41,715 | INFO | Task: kernel=mlp_reduce M=128 K=3072 N=768 bucket=medium
2026-04-07 16:54:05,625 | INFO | Task: kernel=mlp_reduce M=384 K=3072 N=768 bucket=large
2026-04-07 16:56:00,735 | INFO | Evaluating config=pruned_g2-p0-m1-b1 (state=g2-p0-m1-b1) iteration=1 mode=pruning
2026-04-07 16:56:00,736 | INFO | Task: kernel=qkv M=16 K=768 N=768 bucket=small
2026-04-07 16:57:12,605 | INFO | Task: kernel=qkv M=128 K=768 N=768 bucket=medium
2026-04-07 16:58:26,935 | INFO | Task: kernel=qkv M=384 K=768 N=768 bucket=large
2026-04-07 16:59:42,061 | INFO | Task: kernel=mlp_expand M=16 K=768 N=3072 bucket=small
2026-04-07 17:00:57,187 | INFO | Task: kernel=mlp_expand M=128 K=768 N=3072 bucket=medium
2026-04-07 17:02:23,596 | INFO | Task: kernel=mlp_expand M=384 K=768 N=3072 bucket=large
2026-04-07 17:04:18,318 | INFO | Task: kernel=mlp_reduce M=16 K=3072 N=768 bucket=small
2026-04-07 17:05:41,490 | INFO | Task: kernel=mlp_reduce M=128 K=3072 N=768 bucket=medium
2026-04-07 17:07:05,040 | INFO | Task: kernel=mlp_reduce M=384 K=3072 N=768 bucket=large
2026-04-07 17:09:02,875 | INFO | Evaluating config=pruned_g2-p1-m1-b0 (state=g2-p1-m1-b0) iteration=1 mode=pruning
2026-04-07 17:09:02,875 | INFO | Task: kernel=qkv M=16 K=768 N=768 bucket=small
2026-04-07 17:10:32,856 | INFO | Task: kernel=qkv M=128 K=768 N=768 bucket=medium
2026-04-07 17:12:14,525 | INFO | Task: kernel=qkv M=384 K=768 N=768 bucket=large
2026-04-07 17:13:55,779 | INFO | Task: kernel=mlp_expand M=16 K=768 N=3072 bucket=small
2026-04-07 17:15:29,779 | INFO | Task: kernel=mlp_expand M=128 K=768 N=3072 bucket=medium
2026-04-07 17:17:08,732 | INFO | Task: kernel=mlp_expand M=384 K=768 N=3072 bucket=large
2026-04-07 17:19:18,909 | INFO | Task: kernel=mlp_reduce M=16 K=3072 N=768 bucket=small
2026-04-07 17:20:53,589 | INFO | Task: kernel=mlp_reduce M=128 K=3072 N=768 bucket=medium
2026-04-07 17:22:37,262 | INFO | Task: kernel=mlp_reduce M=384 K=3072 N=768 bucket=large
2026-04-07 17:24:48,696 | INFO | Best candidate at step 2: pruned_g2-p0-m1-b1 | score=3.0506 retention=1.3397 time_reduction=2.2770
2026-04-07 17:24:48,697 | INFO | Pruning step 3: evaluating 7 neighboring states
2026-04-07 17:24:48,698 | INFO | Evaluating config=pruned_g2-p0-m2-b1 (state=g2-p0-m2-b1) iteration=1 mode=pruning
2026-04-07 17:24:48,698 | INFO | Task: kernel=qkv M=16 K=768 N=768 bucket=small
2026-04-07 17:25:59,408 | INFO | Task: kernel=qkv M=128 K=768 N=768 bucket=medium
2026-04-07 17:27:07,628 | INFO | Task: kernel=qkv M=384 K=768 N=768 bucket=large
2026-04-07 17:28:18,253 | INFO | Task: kernel=mlp_expand M=16 K=768 N=3072 bucket=small
2026-04-07 17:29:24,367 | INFO | Task: kernel=mlp_expand M=128 K=768 N=3072 bucket=medium
2026-04-07 17:30:57,011 | INFO | Task: kernel=mlp_expand M=384 K=768 N=3072 bucket=large
2026-04-07 17:32:34,533 | INFO | Task: kernel=mlp_reduce M=16 K=3072 N=768 bucket=small
2026-04-07 17:33:47,553 | INFO | Task: kernel=mlp_reduce M=128 K=3072 N=768 bucket=medium
2026-04-07 17:35:09,025 | INFO | Task: kernel=mlp_reduce M=384 K=3072 N=768 bucket=large
2026-04-07 17:36:55,339 | INFO | Evaluating config=pruned_g2-p0-m1-b2 (state=g2-p0-m1-b2) iteration=1 mode=pruning
2026-04-07 17:36:55,339 | INFO | Task: kernel=qkv M=16 K=768 N=768 bucket=small
2026-04-07 17:38:07,703 | INFO | Task: kernel=qkv M=128 K=768 N=768 bucket=medium
2026-04-07 17:39:23,970 | INFO | Task: kernel=qkv M=384 K=768 N=768 bucket=large
2026-04-07 17:41:00,820 | INFO | Task: kernel=mlp_expand M=16 K=768 N=3072 bucket=small
2026-04-07 17:42:11,549 | INFO | Task: kernel=mlp_expand M=128 K=768 N=3072 bucket=medium
2026-04-07 17:43:41,855 | INFO | Task: kernel=mlp_expand M=384 K=768 N=3072 bucket=large
2026-04-07 17:45:28,649 | INFO | Task: kernel=mlp_reduce M=16 K=3072 N=768 bucket=small
2026-04-07 17:46:44,843 | INFO | Task: kernel=mlp_reduce M=128 K=3072 N=768 bucket=medium
2026-04-07 17:48:06,349 | INFO | Task: kernel=mlp_reduce M=384 K=3072 N=768 bucket=large
2026-04-07 17:50:03,631 | INFO | Evaluating config=pruned_g2-p1-m1-b1 (state=g2-p1-m1-b1) iteration=1 mode=pruning
2026-04-07 17:50:03,631 | INFO | Task: kernel=qkv M=16 K=768 N=768 bucket=small
2026-04-07 17:51:26,419 | INFO | Task: kernel=qkv M=128 K=768 N=768 bucket=medium
2026-04-07 17:52:50,409 | INFO | Task: kernel=qkv M=384 K=768 N=768 bucket=large
2026-04-07 17:54:23,027 | INFO | Task: kernel=mlp_expand M=16 K=768 N=3072 bucket=small
2026-04-07 17:55:47,675 | INFO | Task: kernel=mlp_expand M=128 K=768 N=3072 bucket=medium
2026-04-07 17:57:25,034 | INFO | Task: kernel=mlp_expand M=384 K=768 N=3072 bucket=large
2026-04-07 17:59:40,720 | INFO | Task: kernel=mlp_reduce M=16 K=3072 N=768 bucket=small
2026-04-07 18:01:07,819 | INFO | Task: kernel=mlp_reduce M=128 K=3072 N=768 bucket=medium
2026-04-07 18:02:47,485 | INFO | Task: kernel=mlp_reduce M=384 K=3072 N=768 bucket=large
2026-04-07 18:05:00,878 | INFO | Evaluating config=pruned_g3-p0-m1-b1 (state=g3-p0-m1-b1) iteration=1 mode=pruning
2026-04-07 18:05:00,878 | INFO | Task: kernel=qkv M=16 K=768 N=768 bucket=small
2026-04-07 18:06:00,874 | INFO | Task: kernel=qkv M=128 K=768 N=768 bucket=medium
2026-04-07 18:06:51,552 | INFO | Task: kernel=qkv M=384 K=768 N=768 bucket=large
2026-04-07 18:07:47,749 | INFO | Task: kernel=mlp_expand M=16 K=768 N=3072 bucket=small
2026-04-07 18:08:45,416 | INFO | Task: kernel=mlp_expand M=128 K=768 N=3072 bucket=medium
2026-04-07 18:09:52,790 | INFO | Task: kernel=mlp_expand M=384 K=768 N=3072 bucket=large
2026-04-07 18:11:12,868 | INFO | Task: kernel=mlp_reduce M=16 K=3072 N=768 bucket=small
2026-04-07 18:12:02,114 | INFO | Task: kernel=mlp_reduce M=128 K=3072 N=768 bucket=medium
2026-04-07 18:13:07,475 | INFO | Task: kernel=mlp_reduce M=384 K=3072 N=768 bucket=large
2026-04-07 18:14:31,487 | INFO | Evaluating config=pruned_g3-p0-m2-b1 (state=g3-p0-m2-b1) iteration=1 mode=pruning
2026-04-07 18:14:31,487 | INFO | Task: kernel=qkv M=16 K=768 N=768 bucket=small
2026-04-07 18:15:21,012 | INFO | Task: kernel=qkv M=128 K=768 N=768 bucket=medium
2026-04-07 18:16:13,054 | INFO | Task: kernel=qkv M=384 K=768 N=768 bucket=large
2026-04-07 18:17:10,430 | INFO | Task: kernel=mlp_expand M=16 K=768 N=3072 bucket=small
2026-04-07 18:17:57,545 | INFO | Task: kernel=mlp_expand M=128 K=768 N=3072 bucket=medium
2026-04-07 18:19:16,233 | INFO | Task: kernel=mlp_expand M=384 K=768 N=3072 bucket=large
2026-04-07 18:20:36,469 | INFO | Task: kernel=mlp_reduce M=16 K=3072 N=768 bucket=small
2026-04-07 18:21:27,036 | INFO | Task: kernel=mlp_reduce M=128 K=3072 N=768 bucket=medium
2026-04-07 18:22:27,394 | INFO | Task: kernel=mlp_reduce M=384 K=3072 N=768 bucket=large
2026-04-07 18:23:51,702 | INFO | Evaluating config=pruned_g3-p0-m1-b2 (state=g3-p0-m1-b2) iteration=1 mode=pruning
2026-04-07 18:23:51,702 | INFO | Task: kernel=qkv M=16 K=768 N=768 bucket=small
2026-04-07 18:24:42,661 | INFO | Task: kernel=qkv M=128 K=768 N=768 bucket=medium
2026-04-07 18:25:34,719 | INFO | Task: kernel=qkv M=384 K=768 N=768 bucket=large
2026-04-07 18:26:28,250 | INFO | Task: kernel=mlp_expand M=16 K=768 N=3072 bucket=small
2026-04-07 18:27:20,389 | INFO | Task: kernel=mlp_expand M=128 K=768 N=3072 bucket=medium
2026-04-07 18:28:27,533 | INFO | Task: kernel=mlp_expand M=384 K=768 N=3072 bucket=large
2026-04-07 18:29:52,064 | INFO | Task: kernel=mlp_reduce M=16 K=3072 N=768 bucket=small
2026-04-07 18:31:04,552 | INFO | Task: kernel=mlp_reduce M=128 K=3072 N=768 bucket=medium
2026-04-07 18:32:04,941 | INFO | Task: kernel=mlp_reduce M=384 K=3072 N=768 bucket=large
2026-04-07 18:33:24,648 | INFO | Evaluating config=pruned_g3-p1-m1-b1 (state=g3-p1-m1-b1) iteration=1 mode=pruning
2026-04-07 18:33:24,648 | INFO | Task: kernel=qkv M=16 K=768 N=768 bucket=small
2026-04-07 18:34:26,465 | INFO | Task: kernel=qkv M=128 K=768 N=768 bucket=medium
2026-04-07 18:35:40,025 | INFO | Task: kernel=qkv M=384 K=768 N=768 bucket=large
2026-04-07 18:36:53,218 | INFO | Task: kernel=mlp_expand M=16 K=768 N=3072 bucket=small
2026-04-07 18:38:01,815 | INFO | Task: kernel=mlp_expand M=128 K=768 N=3072 bucket=medium
2026-04-07 18:39:18,317 | INFO | Task: kernel=mlp_expand M=384 K=768 N=3072 bucket=large
2026-04-07 18:40:58,397 | INFO | Task: kernel=mlp_reduce M=16 K=3072 N=768 bucket=small
2026-04-07 18:42:05,375 | INFO | Task: kernel=mlp_reduce M=128 K=3072 N=768 bucket=medium
2026-04-07 18:43:20,048 | INFO | Task: kernel=mlp_reduce M=384 K=3072 N=768 bucket=large
2026-04-07 18:45:06,095 | INFO | Best candidate at step 3: pruned_g3-p0-m2-b1 | score=4.2120 retention=1.3175 time_reduction=3.1970
2026-04-07 18:45:06,096 | INFO | Pruning step 4: evaluating 7 neighboring states
2026-04-07 18:45:06,096 | INFO | Evaluating config=pruned_g3-p0-m3-b1 (state=g3-p0-m3-b1) iteration=1 mode=pruning
2026-04-07 18:45:06,096 | INFO | Task: kernel=qkv M=16 K=768 N=768 bucket=small
2026-04-07 18:45:47,546 | INFO | Task: kernel=qkv M=128 K=768 N=768 bucket=medium
2026-04-07 18:46:30,660 | INFO | Task: kernel=qkv M=384 K=768 N=768 bucket=large
2026-04-07 18:47:23,056 | INFO | Task: kernel=mlp_expand M=16 K=768 N=3072 bucket=small
2026-04-07 18:48:11,401 | INFO | Task: kernel=mlp_expand M=128 K=768 N=3072 bucket=medium
2026-04-07 18:49:02,660 | INFO | Task: kernel=mlp_expand M=384 K=768 N=3072 bucket=large
2026-04-07 18:50:08,797 | INFO | Task: kernel=mlp_reduce M=16 K=3072 N=768 bucket=small
2026-04-07 18:50:57,157 | INFO | Task: kernel=mlp_reduce M=128 K=3072 N=768 bucket=medium
2026-04-07 18:51:50,296 | INFO | Task: kernel=mlp_reduce M=384 K=3072 N=768 bucket=large
2026-04-07 18:53:03,924 | INFO | Evaluating config=pruned_g3-p0-m2-b2 (state=g3-p0-m2-b2) iteration=1 mode=pruning
2026-04-07 18:53:03,924 | INFO | Task: kernel=qkv M=16 K=768 N=768 bucket=small
2026-04-07 18:53:49,568 | INFO | Task: kernel=qkv M=128 K=768 N=768 bucket=medium
2026-04-07 18:54:34,775 | INFO | Task: kernel=qkv M=384 K=768 N=768 bucket=large
2026-04-07 18:55:23,688 | INFO | Task: kernel=mlp_expand M=16 K=768 N=3072 bucket=small
2026-04-07 18:56:10,870 | INFO | Task: kernel=mlp_expand M=128 K=768 N=3072 bucket=medium
2026-04-07 18:57:12,328 | INFO | Task: kernel=mlp_expand M=384 K=768 N=3072 bucket=large
2026-04-07 18:58:30,162 | INFO | Task: kernel=mlp_reduce M=16 K=3072 N=768 bucket=small
2026-04-07 18:59:18,701 | INFO | Task: kernel=mlp_reduce M=128 K=3072 N=768 bucket=medium
2026-04-07 19:00:19,883 | INFO | Task: kernel=mlp_reduce M=384 K=3072 N=768 bucket=large
2026-04-07 19:01:42,744 | INFO | Evaluating config=pruned_g3-p1-m2-b1 (state=g3-p1-m2-b1) iteration=1 mode=pruning
2026-04-07 19:01:42,745 | INFO | Task: kernel=qkv M=16 K=768 N=768 bucket=small
2026-04-07 19:02:38,991 | INFO | Task: kernel=qkv M=128 K=768 N=768 bucket=medium
2026-04-07 19:03:38,601 | INFO | Task: kernel=qkv M=384 K=768 N=768 bucket=large
2026-04-07 19:04:48,800 | INFO | Task: kernel=mlp_expand M=16 K=768 N=3072 bucket=small
2026-04-07 19:05:49,280 | INFO | Task: kernel=mlp_expand M=128 K=768 N=3072 bucket=medium
2026-04-07 19:06:59,843 | INFO | Task: kernel=mlp_expand M=384 K=768 N=3072 bucket=large
2026-04-07 19:08:30,373 | INFO | Task: kernel=mlp_reduce M=16 K=3072 N=768 bucket=small
2026-04-07 19:09:29,644 | INFO | Task: kernel=mlp_reduce M=128 K=3072 N=768 bucket=medium
2026-04-07 19:10:40,367 | INFO | Task: kernel=mlp_reduce M=384 K=3072 N=768 bucket=large
2026-04-07 19:12:18,368 | INFO | Evaluating config=pruned_g4-p0-m2-b1 (state=g4-p0-m2-b1) iteration=1 mode=pruning
2026-04-07 19:12:18,368 | INFO | Task: kernel=qkv M=16 K=768 N=768 bucket=small
2026-04-07 19:12:53,812 | INFO | Task: kernel=qkv M=128 K=768 N=768 bucket=medium
2026-04-07 19:13:30,551 | INFO | Task: kernel=qkv M=384 K=768 N=768 bucket=large
2026-04-07 19:14:07,802 | INFO | Task: kernel=mlp_expand M=16 K=768 N=3072 bucket=small
2026-04-07 19:14:47,303 | INFO | Task: kernel=mlp_expand M=128 K=768 N=3072 bucket=medium
2026-04-07 19:15:30,907 | INFO | Task: kernel=mlp_expand M=384 K=768 N=3072 bucket=large
2026-04-07 19:16:29,721 | INFO | Task: kernel=mlp_reduce M=16 K=3072 N=768 bucket=small
2026-04-07 19:17:05,527 | INFO | Task: kernel=mlp_reduce M=128 K=3072 N=768 bucket=medium
2026-04-07 19:17:46,564 | INFO | Task: kernel=mlp_reduce M=384 K=3072 N=768 bucket=large
2026-04-07 19:18:40,005 | INFO | Evaluating config=pruned_g4-p0-m3-b1 (state=g4-p0-m3-b1) iteration=1 mode=pruning
2026-04-07 19:18:40,005 | INFO | Task: kernel=qkv M=16 K=768 N=768 bucket=small
2026-04-07 19:19:12,072 | INFO | Task: kernel=qkv M=128 K=768 N=768 bucket=medium
2026-04-07 19:19:45,758 | INFO | Task: kernel=qkv M=384 K=768 N=768 bucket=large
2026-04-07 19:20:23,277 | INFO | Task: kernel=mlp_expand M=16 K=768 N=3072 bucket=small
2026-04-07 19:20:58,882 | INFO | Task: kernel=mlp_expand M=128 K=768 N=3072 bucket=medium
2026-04-07 19:21:38,281 | INFO | Task: kernel=mlp_expand M=384 K=768 N=3072 bucket=large
2026-04-07 19:22:27,655 | INFO | Task: kernel=mlp_reduce M=16 K=3072 N=768 bucket=small
2026-04-07 19:23:02,171 | INFO | Task: kernel=mlp_reduce M=128 K=3072 N=768 bucket=medium
2026-04-07 19:23:42,760 | INFO | Task: kernel=mlp_reduce M=384 K=3072 N=768 bucket=large
2026-04-07 19:24:27,675 | INFO | Evaluating config=pruned_g4-p0-m2-b2 (state=g4-p0-m2-b2) iteration=1 mode=pruning
2026-04-07 19:24:27,675 | INFO | Task: kernel=qkv M=16 K=768 N=768 bucket=small
2026-04-07 19:25:06,817 | INFO | Task: kernel=qkv M=128 K=768 N=768 bucket=medium
2026-04-07 19:25:41,894 | INFO | Task: kernel=qkv M=384 K=768 N=768 bucket=large
2026-04-07 19:26:19,863 | INFO | Task: kernel=mlp_expand M=16 K=768 N=3072 bucket=small
2026-04-07 19:26:57,026 | INFO | Task: kernel=mlp_expand M=128 K=768 N=3072 bucket=medium
2026-04-07 19:27:42,099 | INFO | Task: kernel=mlp_expand M=384 K=768 N=3072 bucket=large
2026-04-07 19:28:42,593 | INFO | Task: kernel=mlp_reduce M=16 K=3072 N=768 bucket=small
2026-04-07 19:29:19,764 | INFO | Task: kernel=mlp_reduce M=128 K=3072 N=768 bucket=medium
2026-04-07 19:30:00,383 | INFO | Task: kernel=mlp_reduce M=384 K=3072 N=768 bucket=large
2026-04-07 19:31:05,290 | INFO | Evaluating config=pruned_g4-p1-m2-b1 (state=g4-p1-m2-b1) iteration=1 mode=pruning
2026-04-07 19:31:05,290 | INFO | Task: kernel=qkv M=16 K=768 N=768 bucket=small
2026-04-07 19:31:48,037 | INFO | Task: kernel=qkv M=128 K=768 N=768 bucket=medium
2026-04-07 19:32:30,625 | INFO | Task: kernel=qkv M=384 K=768 N=768 bucket=large
2026-04-07 19:33:22,134 | INFO | Task: kernel=mlp_expand M=16 K=768 N=3072 bucket=small
2026-04-07 19:34:18,244 | INFO | Task: kernel=mlp_expand M=128 K=768 N=3072 bucket=medium
2026-04-07 19:35:17,206 | INFO | Task: kernel=mlp_expand M=384 K=768 N=3072 bucket=large
2026-04-07 19:36:20,306 | INFO | Task: kernel=mlp_reduce M=16 K=3072 N=768 bucket=small
2026-04-07 19:37:04,300 | INFO | Task: kernel=mlp_reduce M=128 K=3072 N=768 bucket=medium
2026-04-07 19:37:54,545 | INFO | Task: kernel=mlp_reduce M=384 K=3072 N=768 bucket=large
2026-04-07 19:39:11,522 | INFO | Best candidate at step 4: pruned_g4-p0-m3-b1 | score=5.7663 retention=1.1181 time_reduction=5.1574
2026-04-07 19:39:11,523 | INFO | Pruning step 5: evaluating 4 neighboring states
2026-04-07 19:39:11,524 | INFO | Evaluating config=pruned_g4-p0-m3-b2 (state=g4-p0-m3-b2) iteration=1 mode=pruning
2026-04-07 19:39:11,524 | INFO | Task: kernel=qkv M=16 K=768 N=768 bucket=small
2026-04-07 19:39:44,192 | INFO | Task: kernel=qkv M=128 K=768 N=768 bucket=medium
2026-04-07 19:40:16,854 | INFO | Task: kernel=qkv M=384 K=768 N=768 bucket=large
2026-04-07 19:40:49,576 | INFO | Task: kernel=mlp_expand M=16 K=768 N=3072 bucket=small
2026-04-07 19:41:23,197 | INFO | Task: kernel=mlp_expand M=128 K=768 N=3072 bucket=medium
2026-04-07 19:42:06,009 | INFO | Task: kernel=mlp_expand M=384 K=768 N=3072 bucket=large
2026-04-07 19:42:55,200 | INFO | Task: kernel=mlp_reduce M=16 K=3072 N=768 bucket=small
2026-04-07 19:43:29,376 | INFO | Task: kernel=mlp_reduce M=128 K=3072 N=768 bucket=medium
2026-04-07 19:44:07,875 | INFO | Task: kernel=mlp_reduce M=384 K=3072 N=768 bucket=large
2026-04-07 19:44:55,413 | INFO | Reusing cached experiment: pruning:iter1:8b642a7fbbe1bf15:4f24efee69155703:tune
2026-04-07 19:44:55,414 | INFO | Evaluating config=pruned_g4-p1-m3-b1 (state=g4-p1-m3-b1) iteration=1 mode=pruning
2026-04-07 19:44:55,414 | INFO | Task: kernel=qkv M=16 K=768 N=768 bucket=small
2026-04-07 19:45:36,483 | INFO | Task: kernel=qkv M=128 K=768 N=768 bucket=medium
2026-04-07 19:46:29,029 | INFO | Task: kernel=qkv M=384 K=768 N=768 bucket=large
2026-04-07 19:47:16,570 | INFO | Task: kernel=mlp_expand M=16 K=768 N=3072 bucket=small
2026-04-07 19:47:57,112 | INFO | Task: kernel=mlp_expand M=128 K=768 N=3072 bucket=medium
2026-04-07 19:48:41,383 | INFO | Task: kernel=mlp_expand M=384 K=768 N=3072 bucket=large
2026-04-07 19:49:39,171 | INFO | Task: kernel=mlp_reduce M=16 K=3072 N=768 bucket=small
2026-04-07 19:50:23,022 | INFO | Task: kernel=mlp_reduce M=128 K=3072 N=768 bucket=medium
2026-04-07 19:51:09,632 | INFO | Task: kernel=mlp_reduce M=384 K=3072 N=768 bucket=large
2026-04-07 19:52:09,790 | INFO | Reusing cached experiment: pruning:iter1:23e1a456b455ed05:4f24efee69155703:tune
2026-04-07 19:52:09,790 | INFO | Best candidate at step 5: pruned_g4-p0-m3-b2 | score=5.1197 retention=0.9873 time_reduction=5.1858
2026-04-07 19:52:09,791 | INFO | Iteration 1 stop reason: Diminishing returns: insufficient score/time improvement (score_gain=-0.6465, time_gain=0.0284) | selected=pruned_g4-p0-m3-b1 score=5.7663
2026-04-07 19:52:09,791 | INFO | Persisting best schedules for selected config=pruned_g4-p0-m3-b1 iteration=1
2026-04-07 19:52:09,792 | INFO | Evaluating config=pruned_g4-p0-m3-b1 (state=g4-p0-m3-b1) iteration=1 mode=final_persist
2026-04-07 19:52:09,792 | INFO | Task: kernel=qkv M=16 K=768 N=768 bucket=small
2026-04-07 19:52:11,113 | INFO | Task: kernel=qkv M=128 K=768 N=768 bucket=medium
2026-04-07 19:52:11,504 | INFO | Task: kernel=qkv M=384 K=768 N=768 bucket=large
2026-04-07 19:52:11,914 | INFO | Task: kernel=mlp_expand M=16 K=768 N=3072 bucket=small
2026-04-07 19:52:12,213 | INFO | Task: kernel=mlp_expand M=128 K=768 N=3072 bucket=medium
2026-04-07 19:52:12,701 | INFO | Task: kernel=mlp_expand M=384 K=768 N=3072 bucket=large
2026-04-07 19:52:15,407 | INFO | Task: kernel=mlp_reduce M=16 K=3072 N=768 bucket=small
2026-04-07 19:52:15,637 | INFO | Task: kernel=mlp_reduce M=128 K=3072 N=768 bucket=medium
2026-04-07 19:52:16,035 | INFO | Task: kernel=mlp_reduce M=384 K=3072 N=768 bucket=large
2026-04-07 19:52:16,745 | INFO | Selected best pruned configuration: pruned_g4-p0-m3-b1
2026-04-07 19:52:16,745 | INFO | Retention=1.1181 TimeReduction=5.1574 TrialReduction=3.9913 Score=5.7663
2026-04-07 19:52:16,745 | INFO | Wrote research/results/metaschedule/best_pruned_config.json
2026-04-07 19:52:16,745 | INFO | Wrote research/results/metaschedule/pruning_experiments.json
2026-04-07 19:52:16,746 | INFO | Recommended production config block:
database = ms.tir_integration.tune_tir(
	mod=mod,
	target=TARGET,
	work_dir=work_dir,
	max_trials_global=64,
	max_trials_per_task=64,
	num_trials_per_iter=64,
	builder=ms.builder.LocalBuilder(),
	runner=ms.runner.LocalRunner(
		evaluator_config=ms.runner.EvaluatorConfig(
			number=2,
			repeat=1,
			min_repeat_ms=40,
		)
	),
	space=ms.space_generator.PostOrderApply(),
	strategy=ms.search_strategy.EvolutionarySearch(
		population_size=384,
		init_measured_ratio=0.2,
		init_min_unmeasured=40,
		max_fail_count=5,
		genetic_num_iters=3,
		genetic_mutate_prob=0.8,
		genetic_max_fail_count=8,
		eps_greedy=0.08,
	),
	seed=seed,
	num_tuning_cores=8,
)
2026-04-08 09:11:29,175 | INFO | Starting 80/20 MetaSchedule tuner
2026-04-08 09:11:29,175 | INFO | Target: llvm -keys=cpu -mtriple=x86_64-pc-linux-gnu -num-cores=8
2026-04-08 09:11:29,176 | INFO | Work dir base: research/results/metaschedule/8020
2026-04-08 09:11:29,200 | INFO | Profile: i5-1235u
2026-04-08 09:11:31,751 | INFO | Kernels: qkv, mlp_expand, mlp_reduce
2026-04-08 09:11:31,751 | INFO | Representative subset tasks: 9
2026-04-08 09:11:31,751 | INFO |   - kernel=qkv M=16 K=768 N=768 (small)
2026-04-08 09:11:31,751 | INFO |   - kernel=qkv M=128 K=768 N=768 (medium)
2026-04-08 09:11:31,752 | INFO |   - kernel=qkv M=384 K=768 N=768 (large)
2026-04-08 09:11:31,752 | INFO |   - kernel=mlp_expand M=16 K=768 N=3072 (small)
2026-04-08 09:11:31,752 | INFO |   - kernel=mlp_expand M=128 K=768 N=3072 (medium)
2026-04-08 09:11:31,752 | INFO |   - kernel=mlp_expand M=384 K=768 N=3072 (large)
2026-04-08 09:11:31,752 | INFO |   - kernel=mlp_reduce M=16 K=3072 N=768 (small)
2026-04-08 09:11:31,752 | INFO |   - kernel=mlp_reduce M=128 K=3072 N=768 (medium)
2026-04-08 09:11:31,752 | INFO |   - kernel=mlp_reduce M=384 K=3072 N=768 (large)
2026-04-08 09:11:31,756 | INFO | Loaded 24 historical best schedules for heuristic biasing
2026-04-08 09:19:37,191 | INFO | Starting 80/20 MetaSchedule tuner
2026-04-08 09:19:37,191 | INFO | Target: llvm -keys=cpu -mtriple=x86_64-pc-linux-gnu -num-cores=8
2026-04-08 09:19:37,191 | INFO | Work dir base: research/results/metaschedule/8020
2026-04-08 09:19:37,195 | INFO | Profile: i5-1235u
2026-04-08 09:19:39,087 | INFO | Kernels: qkv, mlp_expand, mlp_reduce
2026-04-08 09:19:39,087 | INFO | Representative subset tasks: 9
2026-04-08 09:19:39,087 | INFO |   - kernel=qkv M=16 K=768 N=768 (small)
2026-04-08 09:19:39,087 | INFO |   - kernel=qkv M=128 K=768 N=768 (medium)
2026-04-08 09:19:39,087 | INFO |   - kernel=qkv M=384 K=768 N=768 (large)
2026-04-08 09:19:39,088 | INFO |   - kernel=mlp_expand M=16 K=768 N=3072 (small)
2026-04-08 09:19:39,088 | INFO |   - kernel=mlp_expand M=128 K=768 N=3072 (medium)
2026-04-08 09:19:39,088 | INFO |   - kernel=mlp_expand M=384 K=768 N=3072 (large)
2026-04-08 09:19:39,088 | INFO |   - kernel=mlp_reduce M=16 K=3072 N=768 (small)
2026-04-08 09:19:39,088 | INFO |   - kernel=mlp_reduce M=128 K=3072 N=768 (medium)
2026-04-08 09:19:39,088 | INFO |   - kernel=mlp_reduce M=384 K=3072 N=768 (large)
2026-04-08 09:19:39,091 | INFO | Loaded 24 historical best schedules for heuristic biasing
2026-04-08 09:26:48,428 | INFO | Starting 80/20 MetaSchedule tuner
2026-04-08 09:26:48,428 | INFO | Target: llvm -keys=cpu -mtriple=x86_64-pc-linux-gnu -num-cores=8
2026-04-08 09:26:48,429 | INFO | Work dir base: research/results/metaschedule/8020
2026-04-08 09:26:48,453 | INFO | Profile: i5-1235u
2026-04-08 09:27:25,258 | INFO | Starting 80/20 MetaSchedule tuner
2026-04-08 09:27:25,259 | INFO | Target: llvm -keys=cpu -mtriple=x86_64-pc-linux-gnu -num-cores=8
2026-04-08 09:27:25,259 | INFO | Work dir base: research/results/metaschedule/8020
2026-04-08 09:27:25,262 | INFO | Profile: i5-1235u
2026-04-08 09:27:25,265 | INFO | Kernels: qkv, mlp_expand, mlp_reduce
2026-04-08 09:27:25,265 | INFO | Representative subset tasks: 9
2026-04-08 09:27:25,266 | INFO |   - kernel=qkv M=16 K=768 N=768 (small)
2026-04-08 09:27:25,266 | INFO |   - kernel=qkv M=128 K=768 N=768 (medium)
2026-04-08 09:27:25,266 | INFO |   - kernel=qkv M=384 K=768 N=768 (large)
2026-04-08 09:27:25,266 | INFO |   - kernel=mlp_expand M=16 K=768 N=3072 (small)
2026-04-08 09:27:25,266 | INFO |   - kernel=mlp_expand M=128 K=768 N=3072 (medium)
2026-04-08 09:27:25,266 | INFO |   - kernel=mlp_expand M=384 K=768 N=3072 (large)
2026-04-08 09:27:25,266 | INFO |   - kernel=mlp_reduce M=16 K=3072 N=768 (small)
2026-04-08 09:27:25,266 | INFO |   - kernel=mlp_reduce M=128 K=3072 N=768 (medium)
2026-04-08 09:27:25,266 | INFO |   - kernel=mlp_reduce M=384 K=3072 N=768 (large)
2026-04-08 09:27:25,270 | INFO | Loaded 24 historical best schedules for heuristic biasing
2026-04-08 09:27:25,285 | INFO | Evaluating config=baseline (state=g0-p0-m0-b0) iteration=1 mode=compare
2026-04-08 09:27:25,285 | INFO | 
########################################################################################################################
2026-04-08 09:27:25,285 | INFO | Run 1/9 (8 remaining) | global 1/9 (8 remaining) | iteration=1 | mode=compare | config=baseline
2026-04-08 09:27:25,286 | INFO | Task: kernel=qkv M=16 K=768 N=768 bucket=small
2026-04-08 09:27:25,286 | INFO | ########################################################################################################################

2026-04-08 09:27:25,768 | INFO | 
########################################################################################################################
2026-04-08 09:27:25,768 | INFO | Run 2/9 (7 remaining) | global 2/9 (7 remaining) | iteration=1 | mode=compare | config=baseline
2026-04-08 09:27:25,768 | INFO | Task: kernel=qkv M=128 K=768 N=768 bucket=medium
2026-04-08 09:27:25,768 | INFO | ########################################################################################################################

2026-04-08 09:27:28,921 | INFO | 
########################################################################################################################
2026-04-08 09:27:28,922 | INFO | Run 3/9 (6 remaining) | global 3/9 (6 remaining) | iteration=1 | mode=compare | config=baseline
2026-04-08 09:27:28,922 | INFO | Task: kernel=qkv M=384 K=768 N=768 bucket=large
2026-04-08 09:27:28,922 | INFO | ########################################################################################################################

2026-04-08 09:27:30,312 | INFO | 
########################################################################################################################
2026-04-08 09:27:30,313 | INFO | Run 4/9 (5 remaining) | global 4/9 (5 remaining) | iteration=1 | mode=compare | config=baseline
2026-04-08 09:27:30,313 | INFO | Task: kernel=mlp_expand M=16 K=768 N=3072 bucket=small
2026-04-08 09:27:30,313 | INFO | ########################################################################################################################

2026-04-08 09:27:30,896 | INFO | 
########################################################################################################################
2026-04-08 09:27:30,897 | INFO | Run 5/9 (4 remaining) | global 5/9 (4 remaining) | iteration=1 | mode=compare | config=baseline
2026-04-08 09:27:30,897 | INFO | Task: kernel=mlp_expand M=128 K=768 N=3072 bucket=medium
2026-04-08 09:27:30,897 | INFO | ########################################################################################################################

2026-04-08 09:27:32,209 | INFO | 
########################################################################################################################
2026-04-08 09:27:32,210 | INFO | Run 6/9 (3 remaining) | global 6/9 (3 remaining) | iteration=1 | mode=compare | config=baseline
2026-04-08 09:27:32,210 | INFO | Task: kernel=mlp_expand M=384 K=768 N=3072 bucket=large
2026-04-08 09:27:32,210 | INFO | ########################################################################################################################

2026-04-08 09:27:36,463 | INFO | 
########################################################################################################################
2026-04-08 09:27:36,464 | INFO | Run 7/9 (2 remaining) | global 7/9 (2 remaining) | iteration=1 | mode=compare | config=baseline
2026-04-08 09:27:36,464 | INFO | Task: kernel=mlp_reduce M=16 K=3072 N=768 bucket=small
2026-04-08 09:27:36,464 | INFO | ########################################################################################################################

2026-04-08 09:27:36,989 | INFO | 
########################################################################################################################
2026-04-08 09:27:36,989 | INFO | Run 8/9 (1 remaining) | global 8/9 (1 remaining) | iteration=1 | mode=compare | config=baseline
2026-04-08 09:27:36,989 | INFO | Task: kernel=mlp_reduce M=128 K=3072 N=768 bucket=medium
2026-04-08 09:27:36,989 | INFO | ########################################################################################################################

2026-04-08 09:27:38,400 | INFO | 
########################################################################################################################
2026-04-08 09:27:38,401 | INFO | Run 9/9 (0 remaining) | global 9/9 (0 remaining) | iteration=1 | mode=compare | config=baseline
2026-04-08 09:27:38,401 | INFO | Task: kernel=mlp_reduce M=384 K=3072 N=768 bucket=large
2026-04-08 09:27:38,401 | INFO | ########################################################################################################################

2026-04-08 09:27:51,489 | INFO | Evaluating config=pruned_g4-p0-m3-b1 (state=g4-p0-m3-b1) iteration=1 mode=compare
2026-04-08 09:27:51,489 | INFO | 
########################################################################################################################
2026-04-08 09:27:51,489 | INFO | Run 1/9 (8 remaining) | global 10/18 (8 remaining) | iteration=1 | mode=compare | config=pruned_g4-p0-m3-b1
2026-04-08 09:27:51,490 | INFO | Task: kernel=qkv M=16 K=768 N=768 bucket=small
2026-04-08 09:27:51,490 | INFO | ########################################################################################################################

2026-04-08 09:27:52,849 | INFO | 
########################################################################################################################
2026-04-08 09:27:52,849 | INFO | Run 2/9 (7 remaining) | global 11/18 (7 remaining) | iteration=1 | mode=compare | config=pruned_g4-p0-m3-b1
2026-04-08 09:27:52,850 | INFO | Task: kernel=qkv M=128 K=768 N=768 bucket=medium
2026-04-08 09:27:52,850 | INFO | ########################################################################################################################

2026-04-08 09:27:53,201 | INFO | 
########################################################################################################################
2026-04-08 09:27:53,202 | INFO | Run 3/9 (6 remaining) | global 12/18 (6 remaining) | iteration=1 | mode=compare | config=pruned_g4-p0-m3-b1
2026-04-08 09:27:53,202 | INFO | Task: kernel=qkv M=384 K=768 N=768 bucket=large
2026-04-08 09:27:53,202 | INFO | ########################################################################################################################

2026-04-08 09:27:53,560 | INFO | 
########################################################################################################################
2026-04-08 09:27:53,560 | INFO | Run 4/9 (5 remaining) | global 13/18 (5 remaining) | iteration=1 | mode=compare | config=pruned_g4-p0-m3-b1
2026-04-08 09:27:53,560 | INFO | Task: kernel=mlp_expand M=16 K=768 N=3072 bucket=small
2026-04-08 09:27:53,560 | INFO | ########################################################################################################################

2026-04-08 09:27:53,840 | INFO | 
########################################################################################################################
2026-04-08 09:27:53,840 | INFO | Run 5/9 (4 remaining) | global 14/18 (4 remaining) | iteration=1 | mode=compare | config=pruned_g4-p0-m3-b1
2026-04-08 09:27:53,840 | INFO | Task: kernel=mlp_expand M=128 K=768 N=3072 bucket=medium
2026-04-08 09:27:53,840 | INFO | ########################################################################################################################

2026-04-08 09:27:54,299 | INFO | 
########################################################################################################################
2026-04-08 09:27:54,300 | INFO | Run 6/9 (3 remaining) | global 15/18 (3 remaining) | iteration=1 | mode=compare | config=pruned_g4-p0-m3-b1
2026-04-08 09:27:54,300 | INFO | Task: kernel=mlp_expand M=384 K=768 N=3072 bucket=large
2026-04-08 09:27:54,300 | INFO | ########################################################################################################################

2026-04-08 09:27:57,032 | INFO | 
########################################################################################################################
2026-04-08 09:27:57,032 | INFO | Run 7/9 (2 remaining) | global 16/18 (2 remaining) | iteration=1 | mode=compare | config=pruned_g4-p0-m3-b1
2026-04-08 09:27:57,032 | INFO | Task: kernel=mlp_reduce M=16 K=3072 N=768 bucket=small
2026-04-08 09:27:57,032 | INFO | ########################################################################################################################

2026-04-08 09:27:57,229 | INFO | 
########################################################################################################################
2026-04-08 09:27:57,229 | INFO | Run 8/9 (1 remaining) | global 17/18 (1 remaining) | iteration=1 | mode=compare | config=pruned_g4-p0-m3-b1
2026-04-08 09:27:57,229 | INFO | Task: kernel=mlp_reduce M=128 K=3072 N=768 bucket=medium
2026-04-08 09:27:57,229 | INFO | ########################################################################################################################

2026-04-08 09:27:57,553 | INFO | 
########################################################################################################################
2026-04-08 09:27:57,554 | INFO | Run 9/9 (0 remaining) | global 18/18 (0 remaining) | iteration=1 | mode=compare | config=pruned_g4-p0-m3-b1
2026-04-08 09:27:57,554 | INFO | Task: kernel=mlp_reduce M=384 K=3072 N=768 bucket=large
2026-04-08 09:27:57,554 | INFO | ########################################################################################################################

2026-04-08 09:27:58,243 | INFO | Comparison completed
2026-04-08 09:27:58,243 | INFO | Candidate score=3.5731 retention=1.0730 time_reduction=3.3300
2026-04-08 09:35:07,851 | INFO | Starting 80/20 MetaSchedule tuner
2026-04-08 09:35:07,851 | INFO | Target: llvm -keys=cpu -mtriple=x86_64-pc-linux-gnu -num-cores=8
2026-04-08 09:35:07,851 | INFO | Work dir base: research/results/metaschedule/8020
2026-04-08 09:35:07,856 | INFO | Profile: i5-1235u
2026-04-08 09:35:11,920 | INFO | Kernels: qkv, mlp_expand, mlp_reduce
2026-04-08 09:35:11,920 | INFO | Representative subset tasks: 9
2026-04-08 09:35:11,921 | INFO |   - kernel=qkv M=16 K=768 N=768 (small)
2026-04-08 09:35:11,921 | INFO |   - kernel=qkv M=128 K=768 N=768 (medium)
2026-04-08 09:35:11,921 | INFO |   - kernel=qkv M=384 K=768 N=768 (large)
2026-04-08 09:35:11,921 | INFO |   - kernel=mlp_expand M=16 K=768 N=3072 (small)
2026-04-08 09:35:11,921 | INFO |   - kernel=mlp_expand M=128 K=768 N=3072 (medium)
2026-04-08 09:35:11,921 | INFO |   - kernel=mlp_expand M=384 K=768 N=3072 (large)
2026-04-08 09:35:11,921 | INFO |   - kernel=mlp_reduce M=16 K=3072 N=768 (small)
2026-04-08 09:35:11,921 | INFO |   - kernel=mlp_reduce M=128 K=3072 N=768 (medium)
2026-04-08 09:35:11,921 | INFO |   - kernel=mlp_reduce M=384 K=3072 N=768 (large)
2026-04-08 09:35:11,923 | INFO | Loaded 24 historical best schedules for heuristic biasing
2026-04-08 09:35:11,936 | INFO | Evaluating config=baseline (state=g0-p0-m0-b0) iteration=1 mode=compare
2026-04-08 09:35:11,937 | INFO | 
########################################################################################################################
2026-04-08 09:35:11,937 | INFO | Run 1/9 (8 remaining) | global 1/9 (8 remaining) | iteration=1 | mode=compare | config=baseline
2026-04-08 09:35:11,937 | INFO | Task: kernel=qkv M=16 K=768 N=768 bucket=small
2026-04-08 09:35:11,937 | INFO | ########################################################################################################################

2026-04-08 09:37:51,550 | INFO | 
########################################################################################################################
2026-04-08 09:37:51,551 | INFO | Run 2/9 (7 remaining) | global 2/9 (7 remaining) | iteration=1 | mode=compare | config=baseline
2026-04-08 09:37:51,551 | INFO | Task: kernel=qkv M=128 K=768 N=768 bucket=medium
2026-04-08 09:37:51,551 | INFO | ########################################################################################################################

2026-04-08 09:40:53,222 | INFO | 
########################################################################################################################
2026-04-08 09:40:53,225 | INFO | Run 3/9 (6 remaining) | global 3/9 (6 remaining) | iteration=1 | mode=compare | config=baseline
2026-04-08 09:40:53,225 | INFO | Task: kernel=qkv M=384 K=768 N=768 bucket=large
2026-04-08 09:40:53,225 | INFO | ########################################################################################################################

2026-04-08 09:41:03,421 | ERROR | Task failed for kernel=qkv M=384 with config=baseline
Traceback (most recent call last):
  File "/home/ishan/projects/major_project/apache_tvm_research/research/workloads/bert/metaschedule/metaschedule_8020_tuner.py", line 906, in _run_single_task
    database = _run_tuning(mod=mod, work_dir=work_dir, config=biased_config, tune_seed=tune_seed)
  File "/home/ishan/projects/major_project/apache_tvm_research/research/workloads/bert/metaschedule/metaschedule_8020_tuner.py", line 585, in _run_tuning
    return ms.tir_integration.tune_tir(**supported_kwargs)
  File "/home/ishan/projects/major_project/apache_tvm_research/tvm/python/tvm/meta_schedule/tir_integration.py", line 146, in tune_tir
    return tune_tasks(
  File "/home/ishan/projects/major_project/apache_tvm_research/tvm/python/tvm/meta_schedule/tune.py", line 122, in tune_tasks
    task_scheduler.tune(
  File "/home/ishan/projects/major_project/apache_tvm_research/tvm/python/tvm/meta_schedule/task_scheduler/task_scheduler.py", line 132, in tune
    _ffi_api.TaskSchedulerTune(  # type: ignore # pylint: disable=no-member
  File "tvm/ffi/cython/function.pxi", line 228, in tvm.ffi.core.Function.__call__
  File "tvm/ffi/cython/core.cpp", line 21837, in __pyx_pw_3tvm_3ffi_4core_8Function_1__call__
  File "tvm/ffi/cython/core.cpp", line 21888, in __pyx_pf_3tvm_3ffi_4core_8Function___call__
  File "tvm/ffi/cython/core.cpp", line 21606, in __pyx_f_3tvm_3ffi_4core_FuncCall
TypeError: Cannot convert from type `None` to `Array<meta_schedule.BuilderResult>`
2026-04-08 09:41:03,423 | INFO | 
########################################################################################################################
2026-04-08 09:41:03,424 | INFO | Run 4/9 (5 remaining) | global 4/9 (5 remaining) | iteration=1 | mode=compare | config=baseline
2026-04-08 09:41:03,424 | INFO | Task: kernel=mlp_expand M=16 K=768 N=3072 bucket=small
2026-04-08 09:41:03,424 | INFO | ########################################################################################################################

2026-04-08 09:41:39,806 | INFO | Starting 80/20 MetaSchedule tuner
2026-04-08 09:41:39,806 | INFO | Target: llvm -keys=cpu -mtriple=x86_64-pc-linux-gnu -num-cores=8
2026-04-08 09:41:39,807 | INFO | Work dir base: research/results/metaschedule/8020
2026-04-08 09:41:39,811 | INFO | Profile: i5-1235u
2026-04-08 09:41:43,408 | INFO | Kernels: qkv, mlp_expand, mlp_reduce
2026-04-08 09:41:43,408 | INFO | Representative subset tasks: 9
2026-04-08 09:41:43,408 | INFO |   - kernel=qkv M=16 K=768 N=768 (small)
2026-04-08 09:41:43,408 | INFO |   - kernel=qkv M=128 K=768 N=768 (medium)
2026-04-08 09:41:43,408 | INFO |   - kernel=qkv M=384 K=768 N=768 (large)
2026-04-08 09:41:43,408 | INFO |   - kernel=mlp_expand M=16 K=768 N=3072 (small)
2026-04-08 09:41:43,408 | INFO |   - kernel=mlp_expand M=128 K=768 N=3072 (medium)
2026-04-08 09:41:43,409 | INFO |   - kernel=mlp_expand M=384 K=768 N=3072 (large)
2026-04-08 09:41:43,409 | INFO |   - kernel=mlp_reduce M=16 K=3072 N=768 (small)
2026-04-08 09:41:43,409 | INFO |   - kernel=mlp_reduce M=128 K=3072 N=768 (medium)
2026-04-08 09:41:43,409 | INFO |   - kernel=mlp_reduce M=384 K=3072 N=768 (large)
2026-04-08 09:41:43,411 | INFO | Loaded 24 historical best schedules for heuristic biasing
2026-04-08 09:41:43,426 | INFO | Reusing cached experiment: compare:iter1:00f2915d00a23c49:4f24efee69155703:bench
2026-04-08 09:41:43,427 | INFO | Reusing cached experiment: compare:iter1:737afb813d7b01eb:4f24efee69155703:bench
2026-04-08 09:41:43,494 | INFO | Comparison completed
2026-04-08 09:41:43,495 | INFO | Candidate score=3.5731 retention=1.0730 time_reduction=3.3300
2026-04-08 09:49:10,658 | INFO | Starting 80/20 MetaSchedule tuner
2026-04-08 09:49:10,658 | INFO | Target: llvm -keys=cpu -mtriple=x86_64-pc-linux-gnu -num-cores=8
2026-04-08 09:49:10,659 | INFO | Work dir base: research/results/metaschedule/8020
2026-04-08 09:49:10,663 | INFO | Profile: i5-1235u
2026-04-08 09:49:10,665 | INFO | Kernels: qkv, mlp_expand, mlp_reduce
2026-04-08 09:49:10,665 | INFO | Representative subset tasks: 9
2026-04-08 09:49:10,665 | INFO |   - kernel=qkv M=16 K=768 N=768 (small)
2026-04-08 09:49:10,665 | INFO |   - kernel=qkv M=128 K=768 N=768 (medium)
2026-04-08 09:49:10,665 | INFO |   - kernel=qkv M=384 K=768 N=768 (large)
2026-04-08 09:49:10,665 | INFO |   - kernel=mlp_expand M=16 K=768 N=3072 (small)
2026-04-08 09:49:10,665 | INFO |   - kernel=mlp_expand M=128 K=768 N=3072 (medium)
2026-04-08 09:49:10,666 | INFO |   - kernel=mlp_expand M=384 K=768 N=3072 (large)
2026-04-08 09:49:10,666 | INFO |   - kernel=mlp_reduce M=16 K=3072 N=768 (small)
2026-04-08 09:49:10,666 | INFO |   - kernel=mlp_reduce M=128 K=3072 N=768 (medium)
2026-04-08 09:49:10,666 | INFO |   - kernel=mlp_reduce M=384 K=3072 N=768 (large)
2026-04-08 09:49:10,668 | INFO | Loaded 24 historical best schedules for heuristic biasing
2026-04-08 09:49:10,682 | INFO | Reusing cached experiment: compare:iter1:00f2915d00a23c49:4f24efee69155703:bench
2026-04-08 09:49:10,683 | INFO | Reusing cached experiment: compare:iter1:737afb813d7b01eb:4f24efee69155703:bench
2026-04-08 09:49:10,684 | INFO | Per-task latency comparison table:
kernel     | M   | K    | N    | baseline_us | candidate_us | retention | delta_pct | baseline_status | candidate_status
-----------+-----+------+------+-------------+--------------+-----------+-----------+-----------------+-----------------
mlp_expand | 16  | 768  | 3072 | 1246.701    | 1044.181     | 1.1940    | -16.24%   | ok              | ok              
mlp_expand | 128 | 768  | 3072 | 6293.337    | 8972.476     | 0.7014    | +42.57%   | ok              | ok              
mlp_expand | 384 | 768  | 3072 | 26167.088   | 87768.813    | 0.2981    | +235.42%  | ok              | ok              
mlp_reduce | 16  | 3072 | 768  | 1404.974    | 1115.983     | 1.2590    | -20.57%   | ok              | ok              
mlp_reduce | 128 | 3072 | 768  | 6380.272    | 5761.249     | 1.1074    | -9.70%    | ok              | ok              
mlp_reduce | 384 | 3072 | 768  | 84429.805   | 18526.324    | 4.5573    | -78.06%   | ok              | ok              
qkv        | 16  | 768  | 768  | 218.062     | 208.667      | 1.0450    | -4.31%    | ok              | ok              
qkv        | 128 | 768  | 768  | 2148.360    | 1680.524     | 1.2784    | -21.78%   | ok              | ok              
qkv        | 384 | 768  | 768  | 5935.548    | 6672.579     | 0.8895    | +12.42%   | ok              | ok              
2026-04-08 09:49:10,684 | INFO | Per-kernel geomean comparison table:
kernel     | num_tasks | baseline_geomean_us | candidate_geomean_us | retention | delta_pct
-----------+-----------+---------------------+----------------------+-----------+----------
mlp_expand | 3         | 5899.287            | 9368.630             | 0.6297    | +58.81%  
mlp_reduce | 3         | 9113.134            | 4920.258             | 1.8522    | -46.01%  
qkv        | 3         | 1406.208            | 1327.591             | 1.0592    | -5.59%   
2026-04-08 09:49:10,756 | INFO | Comparison completed
2026-04-08 09:49:10,756 | INFO | Candidate score=3.5731 retention=1.0730 time_reduction=3.3300
2026-04-08 09:51:02,029 | INFO | Starting 80/20 MetaSchedule tuner
2026-04-08 09:51:02,029 | INFO | Target: llvm -keys=cpu -mtriple=x86_64-pc-linux-gnu -num-cores=8
2026-04-08 09:51:02,029 | INFO | Work dir base: research/results/metaschedule/8020
2026-04-08 09:51:02,034 | INFO | Profile: i5-1235u
2026-04-08 09:51:05,018 | INFO | Kernels: qkv, mlp_expand, mlp_reduce
2026-04-08 09:51:05,019 | INFO | Representative subset tasks: 9
2026-04-08 09:51:05,019 | INFO |   - kernel=qkv M=16 K=768 N=768 (small)
2026-04-08 09:51:05,019 | INFO |   - kernel=qkv M=128 K=768 N=768 (medium)
2026-04-08 09:51:05,019 | INFO |   - kernel=qkv M=384 K=768 N=768 (large)
2026-04-08 09:51:05,019 | INFO |   - kernel=mlp_expand M=16 K=768 N=3072 (small)
2026-04-08 09:51:05,019 | INFO |   - kernel=mlp_expand M=128 K=768 N=3072 (medium)
2026-04-08 09:51:05,019 | INFO |   - kernel=mlp_expand M=384 K=768 N=3072 (large)
2026-04-08 09:51:05,019 | INFO |   - kernel=mlp_reduce M=16 K=3072 N=768 (small)
2026-04-08 09:51:05,019 | INFO |   - kernel=mlp_reduce M=128 K=3072 N=768 (medium)
2026-04-08 09:51:05,019 | INFO |   - kernel=mlp_reduce M=384 K=3072 N=768 (large)
2026-04-08 09:51:05,022 | INFO | Loaded 24 historical best schedules for heuristic biasing
2026-04-08 09:51:05,034 | INFO | Reusing cached experiment: compare:iter1:00f2915d00a23c49:4f24efee69155703:bench
2026-04-08 09:51:05,035 | INFO | Reusing cached experiment: compare:iter1:737afb813d7b01eb:4f24efee69155703:bench
2026-04-08 09:51:05,035 | INFO | Per-task latency comparison table:
kernel     | M   | K    | N    | baseline_us | candidate_us | retention | delta_pct | baseline_status | candidate_status
-----------+-----+------+------+-------------+--------------+-----------+-----------+-----------------+-----------------
mlp_expand | 16  | 768  | 3072 | 1246.701    | 1044.181     | 1.1940    | -16.24%   | ok              | ok              
mlp_expand | 128 | 768  | 3072 | 6293.337    | 8972.476     | 0.7014    | +42.57%   | ok              | ok              
mlp_expand | 384 | 768  | 3072 | 26167.088   | 87768.813    | 0.2981    | +235.42%  | ok              | ok              
mlp_reduce | 16  | 3072 | 768  | 1404.974    | 1115.983     | 1.2590    | -20.57%   | ok              | ok              
mlp_reduce | 128 | 3072 | 768  | 6380.272    | 5761.249     | 1.1074    | -9.70%    | ok              | ok              
mlp_reduce | 384 | 3072 | 768  | 84429.805   | 18526.324    | 4.5573    | -78.06%   | ok              | ok              
qkv        | 16  | 768  | 768  | 218.062     | 208.667      | 1.0450    | -4.31%    | ok              | ok              
qkv        | 128 | 768  | 768  | 2148.360    | 1680.524     | 1.2784    | -21.78%   | ok              | ok              
qkv        | 384 | 768  | 768  | 5935.548    | 6672.579     | 0.8895    | +12.42%   | ok              | ok              
2026-04-08 09:51:05,036 | INFO | Per-kernel geomean comparison table:
kernel     | num_tasks | baseline_geomean_us | candidate_geomean_us | retention | delta_pct
-----------+-----------+---------------------+----------------------+-----------+----------
mlp_expand | 3         | 5899.287            | 9368.630             | 0.6297    | +58.81%  
mlp_reduce | 3         | 9113.134            | 4920.258             | 1.8522    | -46.01%  
qkv        | 3         | 1406.208            | 1327.591             | 1.0592    | -5.59%   
2026-04-08 09:51:05,110 | INFO | Comparison completed
2026-04-08 09:51:05,110 | INFO | Candidate score=3.5731 retention=1.0730 time_reduction=3.3300
2026-04-08 10:01:26,327 | INFO | Starting 80/20 MetaSchedule tuner
2026-04-08 10:01:26,328 | INFO | Target: llvm -keys=cpu -mtriple=x86_64-pc-linux-gnu -num-cores=8
2026-04-08 10:01:26,328 | INFO | Work dir base: research/results/metaschedule/8020
2026-04-08 10:01:26,349 | INFO | Profile: i5-1235u
2026-04-08 10:01:26,351 | INFO | Kernels: qkv, mlp_expand, mlp_reduce
2026-04-08 10:01:26,351 | INFO | Representative subset tasks: 9
2026-04-08 10:01:26,352 | INFO |   - kernel=qkv M=16 K=768 N=768 (small)
2026-04-08 10:01:26,352 | INFO |   - kernel=qkv M=128 K=768 N=768 (medium)
2026-04-08 10:01:26,352 | INFO |   - kernel=qkv M=384 K=768 N=768 (large)
2026-04-08 10:01:26,352 | INFO |   - kernel=mlp_expand M=16 K=768 N=3072 (small)
2026-04-08 10:01:26,352 | INFO |   - kernel=mlp_expand M=128 K=768 N=3072 (medium)
2026-04-08 10:01:26,352 | INFO |   - kernel=mlp_expand M=384 K=768 N=3072 (large)
2026-04-08 10:01:26,352 | INFO |   - kernel=mlp_reduce M=16 K=3072 N=768 (small)
2026-04-08 10:01:26,352 | INFO |   - kernel=mlp_reduce M=128 K=3072 N=768 (medium)
2026-04-08 10:01:26,352 | INFO |   - kernel=mlp_reduce M=384 K=3072 N=768 (large)
2026-04-08 10:01:26,354 | INFO | Loaded 24 historical best schedules for heuristic biasing
2026-04-08 10:01:26,372 | INFO | Reusing cached experiment: compare:iter1:00f2915d00a23c49:4f24efee69155703:bench
2026-04-08 10:01:26,373 | INFO | Reusing cached experiment: compare:iter1:737afb813d7b01eb:4f24efee69155703:bench
2026-04-08 10:01:26,373 | INFO | Per-task latency comparison table:
shape                          | baseline_latency_us | candidate_latency_us | baseline_exec_s | candidate_exec_s | baseline_accuracy | candidate_accuracy | latency_retention | exec_time_reduction | trial_reduction | latency_delta | exec_time_delta | score  
-------------------------------+---------------------+----------------------+-----------------+------------------+-------------------+--------------------+-------------------+---------------------+-----------------+---------------+-----------------+--------
mlp_expand[M=16,K=768,N=3072]  | 1246.701            | 1044.181             | 0.1912          | 0.0551           | 93.50%            | n/a                | 1.1940            | 3.4703              | n/a             | -16.24%       | -71.18%         | 4.1433 
mlp_expand[M=128,K=768,N=3072] | 6293.337            | 8972.476             | 0.2013          | 0.0582           | 96.72%            | n/a                | 0.7014            | 3.4571              | n/a             | +42.57%       | -71.07%         | 2.4248 
mlp_expand[M=384,K=768,N=3072] | 26167.088           | 87768.813            | 0.1749          | 0.0599           | 98.79%            | n/a                | 0.2981            | 2.9171              | n/a             | +235.42%      | -65.72%         | 0.8697 
mlp_reduce[M=16,K=3072,N=768]  | 1404.974            | 1115.983             | 0.1916          | 0.0539           | 95.99%            | n/a                | 1.2590            | 3.5536              | n/a             | -20.57%       | -71.86%         | 4.4738 
mlp_reduce[M=128,K=3072,N=768] | 6380.272            | 5761.249             | 0.2518          | 0.0550           | 97.54%            | n/a                | 1.1074            | 4.5804              | n/a             | -9.70%        | -78.17%         | 5.0725 
mlp_reduce[M=384,K=3072,N=768] | 84429.805           | 18526.324            | 0.1984          | 0.0561           | 98.65%            | n/a                | 4.5573            | 3.5345              | n/a             | -78.06%       | -71.71%         | 16.1079
qkv[M=16,K=768,N=768]          | 218.062             | 208.667              | 0.1043          | 0.0606           | 96.72%            | n/a                | 1.0450            | 1.7215              | n/a             | -4.31%        | -41.91%         | 1.7990 
qkv[M=128,K=768,N=768]         | 2148.360            | 1680.524             | 0.1493          | 0.0515           | 99.31%            | n/a                | 1.2784            | 2.8977              | n/a             | -21.78%       | -65.49%         | 3.7044 
qkv[M=384,K=768,N=768]         | 5935.548            | 6672.579             | 0.2238          | 0.0561           | 97.86%            | n/a                | 0.8895            | 3.9909              | n/a             | +12.42%       | -74.94%         | 3.5501 
2026-04-08 10:01:26,374 | INFO | Per-kernel geomean comparison table:
kernel     | shapes | baseline_lat_gm_us | candidate_lat_gm_us | baseline_exec_s | candidate_exec_s | baseline_accuracy | candidate_accuracy | latency_retention | exec_time_reduction | score 
-----------+--------+--------------------+---------------------+-----------------+------------------+-------------------+--------------------+-------------------+---------------------+-------
mlp_expand | 3      | 5899.287           | 9368.630            | 0.5674          | 0.1733           | 96.34%            | n/a                | 0.6297            | 3.2745              | 2.0619
mlp_reduce | 3      | 9113.134           | 4920.258            | 0.6418          | 0.1650           | 97.39%            | n/a                | 1.8522            | 3.8892              | 7.2034
qkv        | 3      | 1406.208           | 1327.591            | 0.4774          | 0.1682           | 97.96%            | n/a                | 1.0592            | 2.8386              | 3.0067
2026-04-08 10:01:26,374 | INFO | Overall comparison summary:
num_shapes | base_lat_gm_us | cand_lat_gm_us | base_exec_s | cand_exec_s | base_accuracy | cand_accuracy | latency_retention | exec_time_reduction | score 
-----------+----------------+----------------+-------------+-------------+---------------+---------------+-------------------+---------------------+-------
9          | 4228.363       | 3940.724       | 1.6866      | 0.5065      | 97.23%        | n/a           | 1.0730            | 3.3300              | 3.5731
2026-04-08 10:01:26,446 | INFO | Comparison completed
2026-04-08 10:01:26,446 | INFO | Comparison details written to research/results/metaschedule/comparison_results.json (id=05d3c9d13c2a96e0)
2026-04-08 10:01:26,447 | INFO | Candidate score=3.5731 retention=1.0730 time_reduction=3.3300
2026-04-08 10:01:48,129 | INFO | Starting 80/20 MetaSchedule tuner
2026-04-08 10:01:48,129 | INFO | Target: llvm -keys=cpu -mtriple=x86_64-pc-linux-gnu -num-cores=8
2026-04-08 10:01:48,129 | INFO | Work dir base: research/results/metaschedule/8020
2026-04-08 10:01:48,135 | INFO | Profile: i5-1235u
2026-04-08 10:01:48,136 | INFO | Kernels: qkv, mlp_expand, mlp_reduce
2026-04-08 10:01:48,136 | INFO | Representative subset tasks: 9
2026-04-08 10:01:48,136 | INFO |   - kernel=qkv M=16 K=768 N=768 (small)
2026-04-08 10:01:48,136 | INFO |   - kernel=qkv M=128 K=768 N=768 (medium)
2026-04-08 10:01:48,136 | INFO |   - kernel=qkv M=384 K=768 N=768 (large)
2026-04-08 10:01:48,136 | INFO |   - kernel=mlp_expand M=16 K=768 N=3072 (small)
2026-04-08 10:01:48,137 | INFO |   - kernel=mlp_expand M=128 K=768 N=3072 (medium)
2026-04-08 10:01:48,137 | INFO |   - kernel=mlp_expand M=384 K=768 N=3072 (large)
2026-04-08 10:01:48,137 | INFO |   - kernel=mlp_reduce M=16 K=3072 N=768 (small)
2026-04-08 10:01:48,137 | INFO |   - kernel=mlp_reduce M=128 K=3072 N=768 (medium)
2026-04-08 10:01:48,137 | INFO |   - kernel=mlp_reduce M=384 K=3072 N=768 (large)
2026-04-08 10:01:48,139 | INFO | Loaded 24 historical best schedules for heuristic biasing
2026-04-08 10:01:48,153 | INFO | Reusing cached experiment: compare:iter1:00f2915d00a23c49:4f24efee69155703:bench
2026-04-08 10:01:48,153 | INFO | Reusing cached experiment: compare:iter1:737afb813d7b01eb:4f24efee69155703:bench
2026-04-08 10:01:48,154 | INFO | Per-task latency comparison table:
shape                          | baseline_latency_us | candidate_latency_us | baseline_exec_s | candidate_exec_s | baseline_accuracy | candidate_accuracy | latency_retention | exec_time_reduction | trial_reduction | latency_delta | exec_time_delta | score  
-------------------------------+---------------------+----------------------+-----------------+------------------+-------------------+--------------------+-------------------+---------------------+-----------------+---------------+-----------------+--------
mlp_expand[M=16,K=768,N=3072]  | 1246.701            | 1044.181             | 0.1912          | 0.0551           | 93.50%            | 100.00%            | 1.1940            | 3.4703              | n/a             | -16.24%       | -71.18%         | 4.1433 
mlp_expand[M=128,K=768,N=3072] | 6293.337            | 8972.476             | 0.2013          | 0.0582           | 96.72%            | 100.00%            | 0.7014            | 3.4571              | n/a             | +42.57%       | -71.07%         | 2.4248 
mlp_expand[M=384,K=768,N=3072] | 26167.088           | 87768.813            | 0.1749          | 0.0599           | 98.79%            | 100.00%            | 0.2981            | 2.9171              | n/a             | +235.42%      | -65.72%         | 0.8697 
mlp_reduce[M=16,K=3072,N=768]  | 1404.974            | 1115.983             | 0.1916          | 0.0539           | 95.99%            | 100.00%            | 1.2590            | 3.5536              | n/a             | -20.57%       | -71.86%         | 4.4738 
mlp_reduce[M=128,K=3072,N=768] | 6380.272            | 5761.249             | 0.2518          | 0.0550           | 97.54%            | 100.00%            | 1.1074            | 4.5804              | n/a             | -9.70%        | -78.17%         | 5.0725 
mlp_reduce[M=384,K=3072,N=768] | 84429.805           | 18526.324            | 0.1984          | 0.0561           | 98.65%            | 100.00%            | 4.5573            | 3.5345              | n/a             | -78.06%       | -71.71%         | 16.1079
qkv[M=16,K=768,N=768]          | 218.062             | 208.667              | 0.1043          | 0.0606           | 96.72%            | 100.00%            | 1.0450            | 1.7215              | n/a             | -4.31%        | -41.91%         | 1.7990 
qkv[M=128,K=768,N=768]         | 2148.360            | 1680.524             | 0.1493          | 0.0515           | 99.31%            | 100.00%            | 1.2784            | 2.8977              | n/a             | -21.78%       | -65.49%         | 3.7044 
qkv[M=384,K=768,N=768]         | 5935.548            | 6672.579             | 0.2238          | 0.0561           | 97.86%            | 100.00%            | 0.8895            | 3.9909              | n/a             | +12.42%       | -74.94%         | 3.5501 
2026-04-08 10:01:48,154 | INFO | Per-kernel geomean comparison table:
kernel     | shapes | baseline_lat_gm_us | candidate_lat_gm_us | baseline_exec_s | candidate_exec_s | baseline_accuracy | candidate_accuracy | latency_retention | exec_time_reduction | score 
-----------+--------+--------------------+---------------------+-----------------+------------------+-------------------+--------------------+-------------------+---------------------+-------
mlp_expand | 3      | 5899.287           | 9368.630            | 0.5674          | 0.1733           | 96.34%            | 100.00%            | 0.6297            | 3.2745              | 2.0619
mlp_reduce | 3      | 9113.134           | 4920.258            | 0.6418          | 0.1650           | 97.39%            | 100.00%            | 1.8522            | 3.8892              | 7.2034
qkv        | 3      | 1406.208           | 1327.591            | 0.4774          | 0.1682           | 97.96%            | 100.00%            | 1.0592            | 2.8386              | 3.0067
2026-04-08 10:01:48,154 | INFO | Overall comparison summary:
num_shapes | base_lat_gm_us | cand_lat_gm_us | base_exec_s | cand_exec_s | base_accuracy | cand_accuracy | latency_retention | exec_time_reduction | score 
-----------+----------------+----------------+-------------+-------------+---------------+---------------+-------------------+---------------------+-------
9          | 4228.363       | 3940.724       | 1.6866      | 0.5065      | 97.23%        | 100.00%       | 1.0730            | 3.3300              | 3.5731
2026-04-08 10:01:48,235 | INFO | Comparison completed
2026-04-08 10:01:48,235 | INFO | Comparison details written to research/results/metaschedule/comparison_results.json (id=3fdad31d0856fbbe)
2026-04-08 10:01:48,236 | INFO | Candidate score=3.5731 retention=1.0730 time_reduction=3.3300
2026-04-08 10:03:46,897 | INFO | Starting 80/20 MetaSchedule tuner
2026-04-08 10:03:46,898 | INFO | Target: llvm -keys=cpu -mtriple=x86_64-pc-linux-gnu -num-cores=8
2026-04-08 10:03:46,899 | INFO | Work dir base: research/results/metaschedule/8020
2026-04-08 10:03:46,918 | INFO | Profile: i5-1235u
2026-04-08 10:03:50,794 | INFO | Kernels: qkv, mlp_expand, mlp_reduce
2026-04-08 10:03:50,794 | INFO | Representative subset tasks: 9
2026-04-08 10:03:50,794 | INFO |   - kernel=qkv M=16 K=768 N=768 (small)
2026-04-08 10:03:50,794 | INFO |   - kernel=qkv M=128 K=768 N=768 (medium)
2026-04-08 10:03:50,794 | INFO |   - kernel=qkv M=384 K=768 N=768 (large)
2026-04-08 10:03:50,794 | INFO |   - kernel=mlp_expand M=16 K=768 N=3072 (small)
2026-04-08 10:03:50,794 | INFO |   - kernel=mlp_expand M=128 K=768 N=3072 (medium)
2026-04-08 10:03:50,794 | INFO |   - kernel=mlp_expand M=384 K=768 N=3072 (large)
2026-04-08 10:03:50,794 | INFO |   - kernel=mlp_reduce M=16 K=3072 N=768 (small)
2026-04-08 10:03:50,794 | INFO |   - kernel=mlp_reduce M=128 K=3072 N=768 (medium)
2026-04-08 10:03:50,794 | INFO |   - kernel=mlp_reduce M=384 K=3072 N=768 (large)
2026-04-08 10:03:50,802 | INFO | Loaded 24 historical best schedules for heuristic biasing
2026-04-08 10:03:50,818 | INFO | Reusing cached experiment: compare:iter1:00f2915d00a23c49:4f24efee69155703:bench
2026-04-08 10:03:50,819 | INFO | Reusing cached experiment: compare:iter1:737afb813d7b01eb:4f24efee69155703:bench
2026-04-08 10:03:50,819 | INFO | Per-task latency comparison table:
shape                          | baseline_latency_us | candidate_latency_us | baseline_exec_s | candidate_exec_s | baseline_accuracy | candidate_accuracy | latency_retention | exec_time_reduction | trial_reduction | latency_delta | exec_time_delta | score  
-------------------------------+---------------------+----------------------+-----------------+------------------+-------------------+--------------------+-------------------+---------------------+-----------------+---------------+-----------------+--------
mlp_expand[M=16,K=768,N=3072]  | 1246.701            | 1044.181             | 0.1912          | 0.0551           | 93.50%            | 100.00%            | 1.1940            | 3.4703              | n/a             | -16.24%       | -71.18%         | 4.1433 
mlp_expand[M=128,K=768,N=3072] | 6293.337            | 8972.476             | 0.2013          | 0.0582           | 96.72%            | 100.00%            | 0.7014            | 3.4571              | n/a             | +42.57%       | -71.07%         | 2.4248 
mlp_expand[M=384,K=768,N=3072] | 26167.088           | 87768.813            | 0.1749          | 0.0599           | 98.79%            | 100.00%            | 0.2981            | 2.9171              | n/a             | +235.42%      | -65.72%         | 0.8697 
mlp_reduce[M=16,K=3072,N=768]  | 1404.974            | 1115.983             | 0.1916          | 0.0539           | 95.99%            | 100.00%            | 1.2590            | 3.5536              | n/a             | -20.57%       | -71.86%         | 4.4738 
mlp_reduce[M=128,K=3072,N=768] | 6380.272            | 5761.249             | 0.2518          | 0.0550           | 97.54%            | 100.00%            | 1.1074            | 4.5804              | n/a             | -9.70%        | -78.17%         | 5.0725 
mlp_reduce[M=384,K=3072,N=768] | 84429.805           | 18526.324            | 0.1984          | 0.0561           | 98.65%            | 100.00%            | 4.5573            | 3.5345              | n/a             | -78.06%       | -71.71%         | 16.1079
qkv[M=16,K=768,N=768]          | 218.062             | 208.667              | 0.1043          | 0.0606           | 96.72%            | 100.00%            | 1.0450            | 1.7215              | n/a             | -4.31%        | -41.91%         | 1.7990 
qkv[M=128,K=768,N=768]         | 2148.360            | 1680.524             | 0.1493          | 0.0515           | 99.31%            | 100.00%            | 1.2784            | 2.8977              | n/a             | -21.78%       | -65.49%         | 3.7044 
qkv[M=384,K=768,N=768]         | 5935.548            | 6672.579             | 0.2238          | 0.0561           | 97.86%            | 100.00%            | 0.8895            | 3.9909              | n/a             | +12.42%       | -74.94%         | 3.5501 
2026-04-08 10:03:50,820 | INFO | Per-kernel geomean comparison table:
kernel     | shapes | baseline_lat_gm_us | candidate_lat_gm_us | baseline_exec_s | candidate_exec_s | baseline_accuracy | candidate_accuracy | latency_retention | exec_time_reduction | score 
-----------+--------+--------------------+---------------------+-----------------+------------------+-------------------+--------------------+-------------------+---------------------+-------
mlp_expand | 3      | 5899.287           | 9368.630            | 0.5674          | 0.1733           | 96.34%            | 100.00%            | 0.6297            | 3.2745              | 2.0619
mlp_reduce | 3      | 9113.134           | 4920.258            | 0.6418          | 0.1650           | 97.39%            | 100.00%            | 1.8522            | 3.8892              | 7.2034
qkv        | 3      | 1406.208           | 1327.591            | 0.4774          | 0.1682           | 97.96%            | 100.00%            | 1.0592            | 2.8386              | 3.0067
2026-04-08 10:03:50,820 | INFO | Overall comparison summary:
num_shapes | base_lat_gm_us | cand_lat_gm_us | base_exec_s | cand_exec_s | base_accuracy | cand_accuracy | latency_retention | exec_time_reduction | score 
-----------+----------------+----------------+-------------+-------------+---------------+---------------+-------------------+---------------------+-------
9          | 4228.363       | 3940.724       | 1.6866      | 0.5065      | 97.23%        | 100.00%       | 1.0730            | 3.3300              | 3.5731
2026-04-08 10:03:50,893 | INFO | Comparison completed
2026-04-08 10:03:50,893 | INFO | Comparison details written to research/results/metaschedule/comparison_results.json (id=02f2e74b75d040ee)
2026-04-08 10:03:50,894 | INFO | Candidate score=3.5731 retention=1.0730 time_reduction=3.3300
2026-04-08 10:08:32,101 | INFO | Starting 80/20 MetaSchedule tuner
2026-04-08 10:08:32,102 | INFO | Target: llvm -keys=cpu -mtriple=x86_64-pc-linux-gnu -num-cores=8
2026-04-08 10:08:32,102 | INFO | Work dir base: research/results/metaschedule/8020
2026-04-08 10:08:32,124 | INFO | Profile: i5-1235u
2026-04-08 10:08:32,127 | INFO | Kernels: qkv, mlp_expand, mlp_reduce
2026-04-08 10:08:32,127 | INFO | Representative subset tasks: 9
2026-04-08 10:08:32,127 | INFO |   - kernel=qkv M=16 K=768 N=768 (small)
2026-04-08 10:08:32,127 | INFO |   - kernel=qkv M=128 K=768 N=768 (medium)
2026-04-08 10:08:32,127 | INFO |   - kernel=qkv M=384 K=768 N=768 (large)
2026-04-08 10:08:32,127 | INFO |   - kernel=mlp_expand M=16 K=768 N=3072 (small)
2026-04-08 10:08:32,127 | INFO |   - kernel=mlp_expand M=128 K=768 N=3072 (medium)
2026-04-08 10:08:32,128 | INFO |   - kernel=mlp_expand M=384 K=768 N=3072 (large)
2026-04-08 10:08:32,128 | INFO |   - kernel=mlp_reduce M=16 K=3072 N=768 (small)
2026-04-08 10:08:32,128 | INFO |   - kernel=mlp_reduce M=128 K=3072 N=768 (medium)
2026-04-08 10:08:32,128 | INFO |   - kernel=mlp_reduce M=384 K=3072 N=768 (large)
2026-04-08 10:08:32,130 | INFO | Loaded 24 historical best schedules for heuristic biasing
2026-04-08 10:08:32,146 | INFO | Reusing cached experiment: compare:iter1:00f2915d00a23c49:4f24efee69155703:bench
2026-04-08 10:08:32,146 | INFO | Reusing cached experiment: compare:iter1:737afb813d7b01eb:4f24efee69155703:bench
2026-04-08 10:08:32,147 | INFO | Per-task latency comparison table:
shape             | baseline_latency_us | candidate_latency_us | baseline_exec_s | candidate_exec_s | baseline_accuracy | candidate_accuracy | latency_retention | exec_time_reduction | score 
------------------+---------------------+----------------------+-----------------+------------------+-------------------+--------------------+-------------------+---------------------+-------
mlp_expand[M=16]  | 1246.701            | 1044.181             | 0.1912          | 0.0551           | 93.50%            | 100.00%            | 1.194             | 3.470               | 4.143 
mlp_expand[M=128] | 6293.337            | 8972.476             | 0.2013          | 0.0582           | 96.72%            | 100.00%            | 0.701             | 3.457               | 2.425 
mlp_expand[M=384] | 26167.088           | 87768.813            | 0.1749          | 0.0599           | 98.79%            | 100.00%            | 0.298             | 2.917               | 0.870 
mlp_reduce[M=16]  | 1404.974            | 1115.983             | 0.1916          | 0.0539           | 95.99%            | 100.00%            | 1.259             | 3.554               | 4.474 
mlp_reduce[M=128] | 6380.272            | 5761.249             | 0.2518          | 0.0550           | 97.54%            | 100.00%            | 1.107             | 4.580               | 5.073 
mlp_reduce[M=384] | 84429.805           | 18526.324            | 0.1984          | 0.0561           | 98.65%            | 100.00%            | 4.557             | 3.535               | 16.108
qkv[M=16]         | 218.062             | 208.667              | 0.1043          | 0.0606           | 96.72%            | 100.00%            | 1.045             | 1.721               | 1.799 
qkv[M=128]        | 2148.360            | 1680.524             | 0.1493          | 0.0515           | 99.31%            | 100.00%            | 1.278             | 2.898               | 3.704 
qkv[M=384]        | 5935.548            | 6672.579             | 0.2238          | 0.0561           | 97.86%            | 100.00%            | 0.890             | 3.991               | 3.550 
2026-04-08 10:08:32,147 | INFO | Per-kernel geomean comparison table:
kernel     | shapes | baseline_lat_gm_us | candidate_lat_gm_us | baseline_exec_s | candidate_exec_s | baseline_accuracy | candidate_accuracy | latency_retention | exec_time_reduction | score 
-----------+--------+--------------------+---------------------+-----------------+------------------+-------------------+--------------------+-------------------+---------------------+-------
mlp_expand | 3      | 5899.287           | 9368.630            | 0.5674          | 0.1733           | 96.34%            | 100.00%            | 0.6297            | 3.2745              | 2.0619
mlp_reduce | 3      | 9113.134           | 4920.258            | 0.6418          | 0.1650           | 97.39%            | 100.00%            | 1.8522            | 3.8892              | 7.2034
qkv        | 3      | 1406.208           | 1327.591            | 0.4774          | 0.1682           | 97.96%            | 100.00%            | 1.0592            | 2.8386              | 3.0067
2026-04-08 10:08:32,147 | INFO | Overall comparison summary:
num_shapes | base_lat_gm_us | cand_lat_gm_us | base_exec_s | cand_exec_s | base_accuracy | cand_accuracy | latency_retention | exec_time_reduction | score 
-----------+----------------+----------------+-------------+-------------+---------------+---------------+-------------------+---------------------+-------
9          | 4228.363       | 3940.724       | 1.6866      | 0.5065      | 97.23%        | 100.00%       | 1.0730            | 3.3300              | 3.5731
2026-04-08 10:08:32,222 | INFO | Comparison completed
2026-04-08 10:08:32,222 | INFO | Comparison details written to research/results/metaschedule/comparison_results.json (id=68b43222867ab69b)
2026-04-08 10:08:32,222 | INFO | Candidate score=3.5731 retention=1.0730 time_reduction=3.3300
2026-04-08 10:09:04,497 | INFO | Starting 80/20 MetaSchedule tuner
2026-04-08 10:09:04,497 | INFO | Target: llvm -keys=cpu -mtriple=x86_64-pc-linux-gnu -num-cores=8
2026-04-08 10:09:04,497 | INFO | Work dir base: research/results/metaschedule/8020
2026-04-08 10:09:04,502 | INFO | Profile: i5-1235u
2026-04-08 10:09:07,159 | INFO | Kernels: qkv, mlp_expand, mlp_reduce
2026-04-08 10:09:07,159 | INFO | Representative subset tasks: 9
2026-04-08 10:09:07,159 | INFO |   - kernel=qkv M=16 K=768 N=768 (small)
2026-04-08 10:09:07,159 | INFO |   - kernel=qkv M=128 K=768 N=768 (medium)
2026-04-08 10:09:07,159 | INFO |   - kernel=qkv M=384 K=768 N=768 (large)
2026-04-08 10:09:07,159 | INFO |   - kernel=mlp_expand M=16 K=768 N=3072 (small)
2026-04-08 10:09:07,159 | INFO |   - kernel=mlp_expand M=128 K=768 N=3072 (medium)
2026-04-08 10:09:07,159 | INFO |   - kernel=mlp_expand M=384 K=768 N=3072 (large)
2026-04-08 10:09:07,159 | INFO |   - kernel=mlp_reduce M=16 K=3072 N=768 (small)
2026-04-08 10:09:07,159 | INFO |   - kernel=mlp_reduce M=128 K=3072 N=768 (medium)
2026-04-08 10:09:07,159 | INFO |   - kernel=mlp_reduce M=384 K=3072 N=768 (large)
2026-04-08 10:09:07,162 | INFO | Loaded 24 historical best schedules for heuristic biasing
2026-04-08 10:09:07,174 | INFO | Reusing cached experiment: compare:iter1:00f2915d00a23c49:4f24efee69155703:bench
2026-04-08 10:09:07,175 | INFO | Reusing cached experiment: compare:iter1:737afb813d7b01eb:4f24efee69155703:bench
2026-04-08 10:09:07,176 | INFO | Per-task latency comparison table:
shape             | baseline_latency_us | candidate_latency_us | baseline_exec_s | candidate_exec_s | baseline_accuracy | candidate_accuracy | latency_retention | exec_time_reduction | score 
------------------+---------------------+----------------------+-----------------+------------------+-------------------+--------------------+-------------------+---------------------+-------
mlp_expand[M=16]  | 1246.701            | 1044.181             | 0.1912          | 0.0551           | 93.50%            | 100.00%            | 1.194             | 3.470               | 4.143 
mlp_expand[M=128] | 6293.337            | 8972.476             | 0.2013          | 0.0582           | 96.72%            | 100.00%            | 0.701             | 3.457               | 2.425 
mlp_expand[M=384] | 26167.088           | 87768.813            | 0.1749          | 0.0599           | 98.79%            | 100.00%            | 0.298             | 2.917               | 0.870 
mlp_reduce[M=16]  | 1404.974            | 1115.983             | 0.1916          | 0.0539           | 95.99%            | 100.00%            | 1.259             | 3.554               | 4.474 
mlp_reduce[M=128] | 6380.272            | 5761.249             | 0.2518          | 0.0550           | 97.54%            | 100.00%            | 1.107             | 4.580               | 5.073 
mlp_reduce[M=384] | 84429.805           | 18526.324            | 0.1984          | 0.0561           | 98.65%            | 100.00%            | 4.557             | 3.535               | 16.108
qkv[M=16]         | 218.062             | 208.667              | 0.1043          | 0.0606           | 96.72%            | 100.00%            | 1.045             | 1.721               | 1.799 
qkv[M=128]        | 2148.360            | 1680.524             | 0.1493          | 0.0515           | 99.31%            | 100.00%            | 1.278             | 2.898               | 3.704 
qkv[M=384]        | 5935.548            | 6672.579             | 0.2238          | 0.0561           | 97.86%            | 100.00%            | 0.890             | 3.991               | 3.550 
2026-04-08 10:09:07,176 | INFO | Per-kernel geomean comparison table:
kernel     | shapes | baseline_lat_gm_us | candidate_lat_gm_us | baseline_exec_s | candidate_exec_s | baseline_accuracy | candidate_accuracy | latency_retention | exec_time_reduction | score 
-----------+--------+--------------------+---------------------+-----------------+------------------+-------------------+--------------------+-------------------+---------------------+-------
mlp_expand | 3      | 5899.287           | 9368.630            | 0.5674          | 0.1733           | 96.34%            | 100.00%            | 0.6297            | 3.2745              | 2.0619
mlp_reduce | 3      | 9113.134           | 4920.258            | 0.6418          | 0.1650           | 97.39%            | 100.00%            | 1.8522            | 3.8892              | 7.2034
qkv        | 3      | 1406.208           | 1327.591            | 0.4774          | 0.1682           | 97.96%            | 100.00%            | 1.0592            | 2.8386              | 3.0067
2026-04-08 10:09:07,176 | INFO | Overall comparison summary:
num_shapes | base_lat_gm_us | cand_lat_gm_us | base_exec_s | cand_exec_s | base_accuracy | cand_accuracy | latency_retention | exec_time_reduction | score 
-----------+----------------+----------------+-------------+-------------+---------------+---------------+-------------------+---------------------+-------
9          | 4228.363       | 3940.724       | 1.6866      | 0.5065      | 97.23%        | 100.00%       | 1.0730            | 3.3300              | 3.5731
2026-04-08 10:09:07,244 | INFO | Comparison completed
2026-04-08 10:09:07,244 | INFO | Comparison details written to research/results/metaschedule/comparison_results.json (id=2040e075e7008fcd)
2026-04-08 10:09:07,244 | INFO | Candidate score=3.5731 retention=1.0730 time_reduction=3.3300
2026-04-08 10:14:37,675 | INFO | Starting 80/20 MetaSchedule tuner
2026-04-08 10:14:37,676 | INFO | Target: llvm -keys=cpu -mtriple=x86_64-pc-linux-gnu -num-cores=8
2026-04-08 10:14:37,676 | INFO | Work dir base: research/results/metaschedule/8020
2026-04-08 10:14:37,694 | INFO | Profile: i5-1235u
2026-04-08 10:14:37,698 | INFO | Kernels: qkv, mlp_expand, mlp_reduce
2026-04-08 10:14:37,698 | INFO | Representative subset tasks: 9
2026-04-08 10:14:37,698 | INFO |   - kernel=qkv M=16 K=768 N=768 (small)
2026-04-08 10:14:37,698 | INFO |   - kernel=qkv M=128 K=768 N=768 (medium)
2026-04-08 10:14:37,698 | INFO |   - kernel=qkv M=384 K=768 N=768 (large)
2026-04-08 10:14:37,698 | INFO |   - kernel=mlp_expand M=16 K=768 N=3072 (small)
2026-04-08 10:14:37,698 | INFO |   - kernel=mlp_expand M=128 K=768 N=3072 (medium)
2026-04-08 10:14:37,698 | INFO |   - kernel=mlp_expand M=384 K=768 N=3072 (large)
2026-04-08 10:14:37,698 | INFO |   - kernel=mlp_reduce M=16 K=3072 N=768 (small)
2026-04-08 10:14:37,698 | INFO |   - kernel=mlp_reduce M=128 K=3072 N=768 (medium)
2026-04-08 10:14:37,698 | INFO |   - kernel=mlp_reduce M=384 K=3072 N=768 (large)
2026-04-08 10:14:37,700 | INFO | Loaded 24 historical best schedules for heuristic biasing
2026-04-08 10:14:37,718 | INFO | Reusing cached experiment: compare:iter1:00f2915d00a23c49:4f24efee69155703:bench
2026-04-08 10:14:37,719 | INFO | Reusing cached experiment: compare:iter1:737afb813d7b01eb:4f24efee69155703:bench
2026-04-08 10:14:37,719 | INFO | Per-task latency comparison table:
shape             | baseline_latency_us | candidate_latency_us | baseline_exec_s | candidate_exec_s | baseline_accuracy | candidate_accuracy | latency_retention | exec_time_reduction | score
------------------+---------------------+----------------------+-----------------+------------------+-------------------+--------------------+-------------------+---------------------+------
mlp_expand[M=16]  | 1246.701            | 1044.181             | 0.191s          | 0.055s           | 93.50%            | 100.00%            | 1.194             | 3.470              
mlp_expand[M=128] | 6293.337            | 8972.476             | 0.201s          | 0.058s           | 96.72%            | 100.00%            | 0.701             | 3.457              
mlp_expand[M=384] | 26167.088           | 87768.813            | 0.175s          | 0.060s           | 98.79%            | 100.00%            | 0.298             | 2.917              
mlp_reduce[M=16]  | 1404.974            | 1115.983             | 0.192s          | 0.054s           | 95.99%            | 100.00%            | 1.259             | 3.554              
mlp_reduce[M=128] | 6380.272            | 5761.249             | 0.252s          | 0.055s           | 97.54%            | 100.00%            | 1.107             | 4.580              
mlp_reduce[M=384] | 84429.805           | 18526.324            | 0.198s          | 0.056s           | 98.65%            | 100.00%            | 4.557             | 3.535              
qkv[M=16]         | 218.062             | 208.667              | 0.104s          | 0.061s           | 96.72%            | 100.00%            | 1.045             | 1.721              
qkv[M=128]        | 2148.360            | 1680.524             | 0.149s          | 0.052s           | 99.31%            | 100.00%            | 1.278             | 2.898              
qkv[M=384]        | 5935.548            | 6672.579             | 0.224s          | 0.056s           | 97.86%            | 100.00%            | 0.890             | 3.991              
2026-04-08 10:14:37,720 | INFO | Per-kernel geomean comparison table:
kernel     | shapes | baseline_lat_gm_us | candidate_lat_gm_us | baseline_tune_time | candidate_tune_time | baseline_accuracy | candidate_accuracy | latency_retention | exec_time_reduction
-----------+--------+--------------------+---------------------+--------------------+---------------------+-------------------+--------------------+-------------------+--------------------
mlp_expand | 3      | 5899.287           | 9368.630            | 0.567s             | 0.173s              | 96.34%            | 100.00%            | 0.6297            | 3.2745             
mlp_reduce | 3      | 9113.134           | 4920.258            | 0.642s             | 0.165s              | 97.39%            | 100.00%            | 1.8522            | 3.8892             
qkv        | 3      | 1406.208           | 1327.591            | 0.477s             | 0.168s              | 97.96%            | 100.00%            | 1.0592            | 2.8386             
2026-04-08 10:14:37,720 | INFO | Overall comparison summary:
num_shapes | base_lat_gm_us | cand_lat_gm_us | base_tune_time | cand_tune_time | base_accuracy | cand_accuracy | latency_retention | exec_time_reduction
-----------+----------------+----------------+----------------+----------------+---------------+---------------+-------------------+--------------------
9          | 4228.363       | 3940.724       | 1.687s         | 0.506s         | 97.23%        | 100.00%       | 1.0730            | 3.3300             
2026-04-08 10:14:37,795 | INFO | Comparison completed
2026-04-08 10:14:37,795 | INFO | Comparison details written to research/results/metaschedule/comparison_results.json (id=ae5b80eea9f5e7d7)
2026-04-08 10:14:37,795 | INFO | Candidate retention=1.0730 time_reduction=3.3300
2026-04-08 10:15:00,155 | INFO | Starting 80/20 MetaSchedule tuner
2026-04-08 10:15:00,155 | INFO | Target: llvm -keys=cpu -mtriple=x86_64-pc-linux-gnu -num-cores=8
2026-04-08 10:15:00,156 | INFO | Work dir base: research/results/metaschedule/8020
2026-04-08 10:15:00,179 | INFO | Profile: i5-1235u
2026-04-08 10:15:02,216 | INFO | Kernels: qkv, mlp_expand, mlp_reduce
2026-04-08 10:15:02,216 | INFO | Representative subset tasks: 9
2026-04-08 10:15:02,216 | INFO |   - kernel=qkv M=16 K=768 N=768 (small)
2026-04-08 10:15:02,216 | INFO |   - kernel=qkv M=128 K=768 N=768 (medium)
2026-04-08 10:15:02,216 | INFO |   - kernel=qkv M=384 K=768 N=768 (large)
2026-04-08 10:15:02,216 | INFO |   - kernel=mlp_expand M=16 K=768 N=3072 (small)
2026-04-08 10:15:02,216 | INFO |   - kernel=mlp_expand M=128 K=768 N=3072 (medium)
2026-04-08 10:15:02,216 | INFO |   - kernel=mlp_expand M=384 K=768 N=3072 (large)
2026-04-08 10:15:02,216 | INFO |   - kernel=mlp_reduce M=16 K=3072 N=768 (small)
2026-04-08 10:15:02,216 | INFO |   - kernel=mlp_reduce M=128 K=3072 N=768 (medium)
2026-04-08 10:15:02,216 | INFO |   - kernel=mlp_reduce M=384 K=3072 N=768 (large)
2026-04-08 10:15:02,219 | INFO | Loaded 24 historical best schedules for heuristic biasing
2026-04-08 10:15:02,278 | INFO | Reusing cached experiment: compare:iter1:00f2915d00a23c49:4f24efee69155703:bench
2026-04-08 10:15:02,278 | INFO | Reusing cached experiment: compare:iter1:737afb813d7b01eb:4f24efee69155703:bench
2026-04-08 10:15:02,279 | INFO | Per-task latency comparison table:
shape             | baseline_latency_us | candidate_latency_us | baseline_exec_s | candidate_exec_s | baseline_accuracy | candidate_accuracy | latency_retention | exec_time_reduction | score
------------------+---------------------+----------------------+-----------------+------------------+-------------------+--------------------+-------------------+---------------------+------
mlp_expand[M=16]  | 1246.701            | 1044.181             | 0.191s          | 0.055s           | 93.50%            | 100.00%            | 1.194             | 3.470              
mlp_expand[M=128] | 6293.337            | 8972.476             | 0.201s          | 0.058s           | 96.72%            | 100.00%            | 0.701             | 3.457              
mlp_expand[M=384] | 26167.088           | 87768.813            | 0.175s          | 0.060s           | 98.79%            | 100.00%            | 0.298             | 2.917              
mlp_reduce[M=16]  | 1404.974            | 1115.983             | 0.192s          | 0.054s           | 95.99%            | 100.00%            | 1.259             | 3.554              
mlp_reduce[M=128] | 6380.272            | 5761.249             | 0.252s          | 0.055s           | 97.54%            | 100.00%            | 1.107             | 4.580              
mlp_reduce[M=384] | 84429.805           | 18526.324            | 0.198s          | 0.056s           | 98.65%            | 100.00%            | 4.557             | 3.535              
qkv[M=16]         | 218.062             | 208.667              | 0.104s          | 0.061s           | 96.72%            | 100.00%            | 1.045             | 1.721              
qkv[M=128]        | 2148.360            | 1680.524             | 0.149s          | 0.052s           | 99.31%            | 100.00%            | 1.278             | 2.898              
qkv[M=384]        | 5935.548            | 6672.579             | 0.224s          | 0.056s           | 97.86%            | 100.00%            | 0.890             | 3.991              
2026-04-08 10:15:02,279 | INFO | Per-kernel geomean comparison table:
kernel     | shapes | baseline_lat_gm_us | candidate_lat_gm_us | baseline_tune_time | candidate_tune_time | baseline_accuracy | candidate_accuracy | latency_retention | exec_time_reduction
-----------+--------+--------------------+---------------------+--------------------+---------------------+-------------------+--------------------+-------------------+--------------------
mlp_expand | 3      | 5899.287           | 9368.630            | 0.567s             | 0.173s              | 96.34%            | 100.00%            | 0.6297            | 3.2745             
mlp_reduce | 3      | 9113.134           | 4920.258            | 0.642s             | 0.165s              | 97.39%            | 100.00%            | 1.8522            | 3.8892             
qkv        | 3      | 1406.208           | 1327.591            | 0.477s             | 0.168s              | 97.96%            | 100.00%            | 1.0592            | 2.8386             
2026-04-08 10:15:02,279 | INFO | Overall comparison summary:
num_shapes | base_lat_gm_us | cand_lat_gm_us | base_tune_time | cand_tune_time | base_accuracy | cand_accuracy | latency_retention | exec_time_reduction
-----------+----------------+----------------+----------------+----------------+---------------+---------------+-------------------+--------------------
9          | 4228.363       | 3940.724       | 1.687s         | 0.506s         | 97.23%        | 100.00%       | 1.0730            | 3.3300             
2026-04-08 10:15:02,349 | INFO | Comparison completed
2026-04-08 10:15:02,349 | INFO | Comparison details written to research/results/metaschedule/comparison_results.json (id=db848d1298ddb9e8)
2026-04-08 10:15:02,349 | INFO | Candidate retention=1.0730 time_reduction=3.3300
2026-04-08 10:24:38,727 | INFO | Starting 80/20 MetaSchedule tuner
2026-04-08 10:24:38,729 | INFO | Target: llvm -keys=cpu -mtriple=x86_64-pc-linux-gnu -num-cores=8
2026-04-08 10:24:38,729 | INFO | Work dir base: research/results/metaschedule/8020
2026-04-08 10:24:38,747 | INFO | Profile: i5-1235u
2026-04-08 10:24:38,750 | INFO | Kernels: qkv, mlp_expand, mlp_reduce
2026-04-08 10:24:38,750 | INFO | Representative subset tasks: 9
2026-04-08 10:24:38,750 | INFO |   - kernel=qkv M=16 K=768 N=768 (small)
2026-04-08 10:24:38,750 | INFO |   - kernel=qkv M=128 K=768 N=768 (medium)
2026-04-08 10:24:38,750 | INFO |   - kernel=qkv M=384 K=768 N=768 (large)
2026-04-08 10:24:38,750 | INFO |   - kernel=mlp_expand M=16 K=768 N=3072 (small)
2026-04-08 10:24:38,750 | INFO |   - kernel=mlp_expand M=128 K=768 N=3072 (medium)
2026-04-08 10:24:38,750 | INFO |   - kernel=mlp_expand M=384 K=768 N=3072 (large)
2026-04-08 10:24:38,750 | INFO |   - kernel=mlp_reduce M=16 K=3072 N=768 (small)
2026-04-08 10:24:38,750 | INFO |   - kernel=mlp_reduce M=128 K=3072 N=768 (medium)
2026-04-08 10:24:38,750 | INFO |   - kernel=mlp_reduce M=384 K=3072 N=768 (large)
2026-04-08 10:24:38,753 | INFO | Loaded 24 historical best schedules for heuristic biasing
2026-04-08 10:24:38,770 | INFO | Reusing cached experiment: compare:iter1:00f2915d00a23c49:4f24efee69155703:bench
2026-04-08 10:24:38,771 | INFO | Reusing cached experiment: compare:iter1:737afb813d7b01eb:4f24efee69155703:bench
2026-04-08 10:24:38,771 | INFO | Per-task latency comparison table:
shape             | baseline_latency_us | candidate_latency_us | baseline_task_tune_time | candidate_task_tune_time | baseline_accuracy | candidate_accuracy | latency_retention | exec_time_reduction
------------------+---------------------+----------------------+-------------------------+--------------------------+-------------------+--------------------+-------------------+--------------------
mlp_expand[M=16]  | 1246.701            | 1044.181             | 0m0.191s                | 0m0.055s                 | 93.50%            | 100.00%            | 1.194             | 3.470              
mlp_expand[M=128] | 6293.337            | 8972.476             | 0m0.201s                | 0m0.058s                 | 96.72%            | 100.00%            | 0.701             | 3.457              
mlp_expand[M=384] | 26167.088           | 87768.813            | 0m0.175s                | 0m0.060s                 | 98.79%            | 100.00%            | 0.298             | 2.917              
mlp_reduce[M=16]  | 1404.974            | 1115.983             | 0m0.192s                | 0m0.054s                 | 95.99%            | 100.00%            | 1.259             | 3.554              
mlp_reduce[M=128] | 6380.272            | 5761.249             | 0m0.252s                | 0m0.055s                 | 97.54%            | 100.00%            | 1.107             | 4.580              
mlp_reduce[M=384] | 84429.805           | 18526.324            | 0m0.198s                | 0m0.056s                 | 98.65%            | 100.00%            | 4.557             | 3.535              
qkv[M=16]         | 218.062             | 208.667              | 0m0.104s                | 0m0.061s                 | 96.72%            | 100.00%            | 1.045             | 1.721              
qkv[M=128]        | 2148.360            | 1680.524             | 0m0.149s                | 0m0.052s                 | 99.31%            | 100.00%            | 1.278             | 2.898              
qkv[M=384]        | 5935.548            | 6672.579             | 0m0.224s                | 0m0.056s                 | 97.86%            | 100.00%            | 0.890             | 3.991              
2026-04-08 10:24:38,771 | INFO | Per-kernel geomean comparison table:
kernel     | shapes | baseline_lat_gm_us | candidate_lat_gm_us | baseline_tune_time | candidate_tune_time | baseline_accuracy | candidate_accuracy | latency_retention | exec_time_reduction
-----------+--------+--------------------+---------------------+--------------------+---------------------+-------------------+--------------------+-------------------+--------------------
mlp_expand | 3      | 5899.287           | 9368.630            | 0m0.567s           | 0m0.173s            | 96.34%            | 100.00%            | 0.6297            | 3.2745             
mlp_reduce | 3      | 9113.134           | 4920.258            | 0m0.642s           | 0m0.165s            | 97.39%            | 100.00%            | 1.8522            | 3.8892             
qkv        | 3      | 1406.208           | 1327.591            | 0m0.477s           | 0m0.168s            | 97.96%            | 100.00%            | 1.0592            | 2.8386             
2026-04-08 10:24:38,771 | INFO | Full tune_tir series time | baseline=29m22.121s (1762.121s) | candidate=5m41.671s (341.671s)
2026-04-08 10:24:38,771 | INFO | Overall comparison summary:
num_shapes | base_lat_gm_us | cand_lat_gm_us | base_total_tune_tir | cand_total_tune_tir | base_total_tune_s | cand_total_tune_s | base_accuracy | cand_accuracy | latency_retention | exec_time_reduction
-----------+----------------+----------------+---------------------+---------------------+-------------------+-------------------+---------------+---------------+-------------------+--------------------
9          | 4228.363       | 3940.724       | 29m22.121s          | 5m41.671s           | 1762.121          | 341.671           | 97.23%        | 100.00%       | 1.0730            | 5.1574             
2026-04-08 10:24:38,842 | INFO | Comparison completed
2026-04-08 10:24:38,843 | INFO | Comparison details written to research/results/metaschedule/comparison_results.json (id=c36f5b75113bb22b)
2026-04-08 10:24:38,843 | INFO | Candidate retention=1.0730 time_reduction=3.3300
2026-04-08 10:24:57,859 | INFO | Starting 80/20 MetaSchedule tuner
2026-04-08 10:24:57,859 | INFO | Target: llvm -keys=cpu -mtriple=x86_64-pc-linux-gnu -num-cores=8
2026-04-08 10:24:57,859 | INFO | Work dir base: research/results/metaschedule/8020
2026-04-08 10:24:57,864 | INFO | Profile: i5-1235u
2026-04-08 10:24:57,865 | INFO | Kernels: qkv, mlp_expand, mlp_reduce
2026-04-08 10:24:57,865 | INFO | Representative subset tasks: 9
2026-04-08 10:24:57,865 | INFO |   - kernel=qkv M=16 K=768 N=768 (small)
2026-04-08 10:24:57,865 | INFO |   - kernel=qkv M=128 K=768 N=768 (medium)
2026-04-08 10:24:57,865 | INFO |   - kernel=qkv M=384 K=768 N=768 (large)
2026-04-08 10:24:57,865 | INFO |   - kernel=mlp_expand M=16 K=768 N=3072 (small)
2026-04-08 10:24:57,865 | INFO |   - kernel=mlp_expand M=128 K=768 N=3072 (medium)
2026-04-08 10:24:57,865 | INFO |   - kernel=mlp_expand M=384 K=768 N=3072 (large)
2026-04-08 10:24:57,865 | INFO |   - kernel=mlp_reduce M=16 K=3072 N=768 (small)
2026-04-08 10:24:57,865 | INFO |   - kernel=mlp_reduce M=128 K=3072 N=768 (medium)
2026-04-08 10:24:57,866 | INFO |   - kernel=mlp_reduce M=384 K=3072 N=768 (large)
2026-04-08 10:24:57,867 | INFO | Loaded 24 historical best schedules for heuristic biasing
2026-04-08 10:24:57,880 | INFO | Reusing cached experiment: compare:iter1:00f2915d00a23c49:4f24efee69155703:bench
2026-04-08 10:24:57,881 | INFO | Reusing cached experiment: compare:iter1:737afb813d7b01eb:4f24efee69155703:bench
2026-04-08 10:24:57,881 | INFO | Per-task latency comparison table:
shape             | baseline_latency_us | candidate_latency_us | baseline_task_tune_time | candidate_task_tune_time | baseline_accuracy | candidate_accuracy | latency_retention | exec_time_reduction
------------------+---------------------+----------------------+-------------------------+--------------------------+-------------------+--------------------+-------------------+--------------------
mlp_expand[M=16]  | 1246.701            | 1044.181             | 0m0.191s                | 0m0.055s                 | 93.50%            | 100.00%            | 1.194             | 3.470              
mlp_expand[M=128] | 6293.337            | 8972.476             | 0m0.201s                | 0m0.058s                 | 96.72%            | 100.00%            | 0.701             | 3.457              
mlp_expand[M=384] | 26167.088           | 87768.813            | 0m0.175s                | 0m0.060s                 | 98.79%            | 100.00%            | 0.298             | 2.917              
mlp_reduce[M=16]  | 1404.974            | 1115.983             | 0m0.192s                | 0m0.054s                 | 95.99%            | 100.00%            | 1.259             | 3.554              
mlp_reduce[M=128] | 6380.272            | 5761.249             | 0m0.252s                | 0m0.055s                 | 97.54%            | 100.00%            | 1.107             | 4.580              
mlp_reduce[M=384] | 84429.805           | 18526.324            | 0m0.198s                | 0m0.056s                 | 98.65%            | 100.00%            | 4.557             | 3.535              
qkv[M=16]         | 218.062             | 208.667              | 0m0.104s                | 0m0.061s                 | 96.72%            | 100.00%            | 1.045             | 1.721              
qkv[M=128]        | 2148.360            | 1680.524             | 0m0.149s                | 0m0.052s                 | 99.31%            | 100.00%            | 1.278             | 2.898              
qkv[M=384]        | 5935.548            | 6672.579             | 0m0.224s                | 0m0.056s                 | 97.86%            | 100.00%            | 0.890             | 3.991              
2026-04-08 10:24:57,881 | INFO | Per-kernel geomean comparison table:
kernel     | shapes | baseline_lat_gm_us | candidate_lat_gm_us | baseline_tune_time | candidate_tune_time | baseline_accuracy | candidate_accuracy | latency_retention | exec_time_reduction
-----------+--------+--------------------+---------------------+--------------------+---------------------+-------------------+--------------------+-------------------+--------------------
mlp_expand | 3      | 5899.287           | 9368.630            | 0m0.567s           | 0m0.173s            | 96.34%            | 100.00%            | 0.6297            | 3.2745             
mlp_reduce | 3      | 9113.134           | 4920.258            | 0m0.642s           | 0m0.165s            | 97.39%            | 100.00%            | 1.8522            | 3.8892             
qkv        | 3      | 1406.208           | 1327.591            | 0m0.477s           | 0m0.168s            | 97.96%            | 100.00%            | 1.0592            | 2.8386             
2026-04-08 10:24:57,881 | INFO | Full tune_tir series time | baseline=29m22.121s (1762.121s) | candidate=5m41.671s (341.671s)
2026-04-08 10:24:57,881 | INFO | Overall comparison summary:
num_shapes | base_lat_gm_us | cand_lat_gm_us | base_total_tune_tir | cand_total_tune_tir | base_total_tune_s | cand_total_tune_s | base_accuracy | cand_accuracy | latency_retention | exec_time_reduction
-----------+----------------+----------------+---------------------+---------------------+-------------------+-------------------+---------------+---------------+-------------------+--------------------
9          | 4228.363       | 3940.724       | 29m22.121s          | 5m41.671s           | 1762.121          | 341.671           | 97.23%        | 100.00%       | 1.0730            | 5.1574             
2026-04-08 10:24:57,952 | INFO | Comparison completed
2026-04-08 10:24:57,952 | INFO | Comparison details written to research/results/metaschedule/comparison_results.json (id=b5fc6f6b7f176f17)
2026-04-08 10:24:57,953 | INFO | Comparison retention=1.0730 total_tune_tir_time_reduction=5.1574
2026-04-08 10:28:37,781 | INFO | Starting 80/20 MetaSchedule tuner
2026-04-08 10:28:37,781 | INFO | Target: llvm -keys=cpu -mtriple=x86_64-pc-linux-gnu -num-cores=8
2026-04-08 10:28:37,782 | INFO | Work dir base: research/results/metaschedule/8020
2026-04-08 10:28:37,804 | INFO | Profile: i5-1235u
2026-04-08 10:28:39,409 | INFO | Kernels: qkv, mlp_expand, mlp_reduce
2026-04-08 10:28:39,409 | INFO | Representative subset tasks: 9
2026-04-08 10:28:39,409 | INFO |   - kernel=qkv M=16 K=768 N=768 (small)
2026-04-08 10:28:39,409 | INFO |   - kernel=qkv M=128 K=768 N=768 (medium)
2026-04-08 10:28:39,409 | INFO |   - kernel=qkv M=384 K=768 N=768 (large)
2026-04-08 10:28:39,409 | INFO |   - kernel=mlp_expand M=16 K=768 N=3072 (small)
2026-04-08 10:28:39,409 | INFO |   - kernel=mlp_expand M=128 K=768 N=3072 (medium)
2026-04-08 10:28:39,409 | INFO |   - kernel=mlp_expand M=384 K=768 N=3072 (large)
2026-04-08 10:28:39,409 | INFO |   - kernel=mlp_reduce M=16 K=3072 N=768 (small)
2026-04-08 10:28:39,409 | INFO |   - kernel=mlp_reduce M=128 K=3072 N=768 (medium)
2026-04-08 10:28:39,409 | INFO |   - kernel=mlp_reduce M=384 K=3072 N=768 (large)
2026-04-08 10:28:39,411 | INFO | Loaded 24 historical best schedules for heuristic biasing
2026-04-08 10:28:39,471 | INFO | Reusing cached experiment: compare:iter1:00f2915d00a23c49:4f24efee69155703:bench
2026-04-08 10:28:39,472 | INFO | Reusing cached experiment: compare:iter1:737afb813d7b01eb:4f24efee69155703:bench
2026-04-08 10:28:39,472 | INFO | Per-task latency comparison table:
shape             | baseline_latency_us | candidate_latency_us | baseline_task_tune_time | candidate_task_tune_time | baseline_accuracy | candidate_accuracy | latency_retention | exec_time_reduction
------------------+---------------------+----------------------+-------------------------+--------------------------+-------------------+--------------------+-------------------+--------------------
mlp_expand[M=16]  | 1246.701            | 1044.181             | 0m0.191s                | 0m0.055s                 | 93.50%            | 100.00%            | 1.194             | 3.470              
mlp_expand[M=128] | 6293.337            | 8972.476             | 0m0.201s                | 0m0.058s                 | 96.72%            | 100.00%            | 0.701             | 3.457              
mlp_expand[M=384] | 26167.088           | 87768.813            | 0m0.175s                | 0m0.060s                 | 98.79%            | 100.00%            | 0.298             | 2.917              
mlp_reduce[M=16]  | 1404.974            | 1115.983             | 0m0.192s                | 0m0.054s                 | 95.99%            | 100.00%            | 1.259             | 3.554              
mlp_reduce[M=128] | 6380.272            | 5761.249             | 0m0.252s                | 0m0.055s                 | 97.54%            | 100.00%            | 1.107             | 4.580              
mlp_reduce[M=384] | 84429.805           | 18526.324            | 0m0.198s                | 0m0.056s                 | 98.65%            | 100.00%            | 4.557             | 3.535              
qkv[M=16]         | 218.062             | 208.667              | 0m0.104s                | 0m0.061s                 | 96.72%            | 100.00%            | 1.045             | 1.721              
qkv[M=128]        | 2148.360            | 1680.524             | 0m0.149s                | 0m0.052s                 | 99.31%            | 100.00%            | 1.278             | 2.898              
qkv[M=384]        | 5935.548            | 6672.579             | 0m0.224s                | 0m0.056s                 | 97.86%            | 100.00%            | 0.890             | 3.991              
2026-04-08 10:28:39,473 | INFO | Per-kernel geomean comparison table:
kernel     | shapes | baseline_lat_gm_us | candidate_lat_gm_us | baseline_tune_time | candidate_tune_time | baseline_accuracy | candidate_accuracy | latency_retention | exec_time_reduction
-----------+--------+--------------------+---------------------+--------------------+---------------------+-------------------+--------------------+-------------------+--------------------
mlp_expand | 3      | 5899.287           | 9368.630            | 0m0.567s           | 0m0.173s            | 96.34%            | 100.00%            | 0.6297            | 3.2745             
mlp_reduce | 3      | 9113.134           | 4920.258            | 0m0.642s           | 0m0.165s            | 97.39%            | 100.00%            | 1.8522            | 3.8892             
qkv        | 3      | 1406.208           | 1327.591            | 0m0.477s           | 0m0.168s            | 97.96%            | 100.00%            | 1.0592            | 2.8386             
2026-04-08 10:28:39,473 | INFO | Full tune_tir series time | baseline=29m22.121s (1762.121s) | candidate=5m41.671s (341.671s)
2026-04-08 10:28:39,473 | INFO | Overall comparison summary:
num_shapes | base_lat_gm_us | cand_lat_gm_us | base_total_tune_tir | cand_total_tune_tir | base_total_tune_s | cand_total_tune_s | base_accuracy | cand_accuracy | latency_retention | exec_time_reduction
-----------+----------------+----------------+---------------------+---------------------+-------------------+-------------------+---------------+---------------+-------------------+--------------------
9          | 4228.363       | 3940.724       | 29m22.121s          | 5m41.671s           | 1762.121          | 341.671           | 97.23%        | 100.00%       | 1.0730            | 5.1574             
2026-04-08 10:28:39,544 | INFO | Comparison completed
2026-04-08 10:28:39,544 | INFO | Comparison details written to research/results/metaschedule/comparison_results.json (id=3709fdf99f80bfe1)
2026-04-08 10:28:39,544 | INFO | Comparison retention=1.0730 total_tune_tir_time_reduction=5.1574
2026-04-08 10:40:39,820 | INFO | Starting 80/20 MetaSchedule tuner
2026-04-08 10:40:39,821 | INFO | Target: llvm -keys=cpu -mtriple=x86_64-pc-linux-gnu -num-cores=8
2026-04-08 10:40:39,821 | INFO | Work dir base: research/results/metaschedule/8020
2026-04-08 10:40:39,840 | INFO | Profile: i5-1235u
2026-04-08 10:40:42,085 | INFO | Kernels: qkv, mlp_expand, mlp_reduce
2026-04-08 10:40:42,086 | INFO | Representative subset tasks: 9
2026-04-08 10:40:42,086 | INFO |   - kernel=qkv M=16 K=768 N=768 (small)
2026-04-08 10:40:42,086 | INFO |   - kernel=qkv M=128 K=768 N=768 (medium)
2026-04-08 10:40:42,086 | INFO |   - kernel=qkv M=384 K=768 N=768 (large)
2026-04-08 10:40:42,086 | INFO |   - kernel=mlp_expand M=16 K=768 N=3072 (small)
2026-04-08 10:40:42,086 | INFO |   - kernel=mlp_expand M=128 K=768 N=3072 (medium)
2026-04-08 10:40:42,086 | INFO |   - kernel=mlp_expand M=384 K=768 N=3072 (large)
2026-04-08 10:40:42,086 | INFO |   - kernel=mlp_reduce M=16 K=3072 N=768 (small)
2026-04-08 10:40:42,086 | INFO |   - kernel=mlp_reduce M=128 K=3072 N=768 (medium)
2026-04-08 10:40:42,086 | INFO |   - kernel=mlp_reduce M=384 K=3072 N=768 (large)
2026-04-08 10:40:42,090 | INFO | Loaded 24 historical best schedules for heuristic biasing
2026-04-08 10:40:42,148 | INFO | Reusing cached experiment: compare:iter1:00f2915d00a23c49:4f24efee69155703:bench
2026-04-08 10:40:42,148 | INFO | Reusing cached experiment: compare:iter1:737afb813d7b01eb:4f24efee69155703:bench
2026-04-08 10:40:42,149 | INFO | Per-task latency comparison table:
shape             | baseline_latency_us | candidate_latency_us | baseline_task_tune_time | candidate_task_tune_time | baseline_accuracy | candidate_accuracy | latency_retention | exec_time_reduction
------------------+---------------------+----------------------+-------------------------+--------------------------+-------------------+--------------------+-------------------+--------------------
mlp_expand[M=16]  | 1246.701            | 1044.181             | 0m 0.191s               | 0m 0.055s                | 93.50%            | 100.00%            | 1.194             | 3.470              
mlp_expand[M=128] | 6293.337            | 8972.476             | 0m 0.201s               | 0m 0.058s                | 96.72%            | 100.00%            | 0.701             | 3.457              
mlp_expand[M=384] | 26167.088           | 87768.813            | 0m 0.175s               | 0m 0.060s                | 98.79%            | 100.00%            | 0.298             | 2.917              
mlp_reduce[M=16]  | 1404.974            | 1115.983             | 0m 0.192s               | 0m 0.054s                | 95.99%            | 100.00%            | 1.259             | 3.554              
mlp_reduce[M=128] | 6380.272            | 5761.249             | 0m 0.252s               | 0m 0.055s                | 97.54%            | 100.00%            | 1.107             | 4.580              
mlp_reduce[M=384] | 84429.805           | 18526.324            | 0m 0.198s               | 0m 0.056s                | 98.65%            | 100.00%            | 4.557             | 3.535              
qkv[M=16]         | 218.062             | 208.667              | 0m 0.104s               | 0m 0.061s                | 96.72%            | 100.00%            | 1.045             | 1.721              
qkv[M=128]        | 2148.360            | 1680.524             | 0m 0.149s               | 0m 0.052s                | 99.31%            | 100.00%            | 1.278             | 2.898              
qkv[M=384]        | 5935.548            | 6672.579             | 0m 0.224s               | 0m 0.056s                | 97.86%            | 100.00%            | 0.890             | 3.991              
2026-04-08 10:40:42,149 | INFO | Per-kernel geomean comparison table:
kernel     | shapes | baseline_lat_gm_us | candidate_lat_gm_us | baseline_tune_time | candidate_tune_time | baseline_accuracy | candidate_accuracy | latency_retention | exec_time_reduction
-----------+--------+--------------------+---------------------+--------------------+---------------------+-------------------+--------------------+-------------------+--------------------
mlp_expand | 3      | 5899.287           | 9368.630            | 0m 0.567s          | 0m 0.173s           | 96.34%            | 100.00%            | 0.6297            | 3.2745             
mlp_reduce | 3      | 9113.134           | 4920.258            | 0m 0.642s          | 0m 0.165s           | 97.39%            | 100.00%            | 1.8522            | 3.8892             
qkv        | 3      | 1406.208           | 1327.591            | 0m 0.477s          | 0m 0.168s           | 97.96%            | 100.00%            | 1.0592            | 2.8386             
2026-04-08 10:40:42,149 | INFO | Full tune_tir series time | baseline=29m 22.121s (1762.121s) | candidate=5m 41.671s (341.671s)
2026-04-08 10:40:42,149 | INFO | Overall comparison summary:
num_shapes | base_lat_gm_us | cand_lat_gm_us | base_total_tune_tir | cand_total_tune_tir | base_total_tune_s | cand_total_tune_s | base_accuracy | cand_accuracy | latency_retention | exec_time_reduction
-----------+----------------+----------------+---------------------+---------------------+-------------------+-------------------+---------------+---------------+-------------------+--------------------
9          | 4228.363       | 3940.724       | 29m 22.121s         | 5m 41.671s          | 1762.121          | 341.671           | 97.23%        | 100.00%       | 1.0730            | 5.1574             
2026-04-08 10:40:42,221 | INFO | Comparison completed
2026-04-08 10:40:42,221 | INFO | Comparison details written to research/results/metaschedule/comparison_results.json (id=c7264e113f36e2d9)
2026-04-08 10:40:42,221 | INFO | Comparison retention=1.0730 total_tune_tir_time_reduction=5.1574
2026-04-08 10:53:16,441 | INFO | Starting 80/20 MetaSchedule tuner
2026-04-08 10:53:16,442 | INFO | Target: llvm -keys=cpu -mtriple=x86_64-pc-linux-gnu -num-cores=8
2026-04-08 10:53:16,442 | INFO | Work dir base: research/results/metaschedule/8020
2026-04-08 10:53:16,460 | INFO | Profile: i5-1235u
2026-04-08 10:53:16,463 | INFO | Kernels: qkv, mlp_expand, mlp_reduce
2026-04-08 10:53:16,463 | INFO | Representative subset tasks: 9
2026-04-08 10:53:16,463 | INFO |   - kernel=qkv M=16 K=768 N=768 (small)
2026-04-08 10:53:16,463 | INFO |   - kernel=qkv M=128 K=768 N=768 (medium)
2026-04-08 10:53:16,463 | INFO |   - kernel=qkv M=384 K=768 N=768 (large)
2026-04-08 10:53:16,463 | INFO |   - kernel=mlp_expand M=16 K=768 N=3072 (small)
2026-04-08 10:53:16,463 | INFO |   - kernel=mlp_expand M=128 K=768 N=3072 (medium)
2026-04-08 10:53:16,463 | INFO |   - kernel=mlp_expand M=384 K=768 N=3072 (large)
2026-04-08 10:53:16,463 | INFO |   - kernel=mlp_reduce M=16 K=3072 N=768 (small)
2026-04-08 10:53:16,463 | INFO |   - kernel=mlp_reduce M=128 K=3072 N=768 (medium)
2026-04-08 10:53:16,463 | INFO |   - kernel=mlp_reduce M=384 K=3072 N=768 (large)
2026-04-08 10:53:16,466 | INFO | Loaded 24 historical best schedules for heuristic biasing
2026-04-08 10:53:16,480 | INFO | Reusing cached experiment: compare:iter1:00f2915d00a23c49:4f24efee69155703:bench
2026-04-08 10:53:16,481 | INFO | Reusing cached experiment: compare:iter1:737afb813d7b01eb:4f24efee69155703:bench
2026-04-08 10:53:16,481 | INFO | Per-task latency comparison table:
shape             | baseline_latency_us | candidate_latency_us | baseline_task_tune_time | candidate_task_tune_time | baseline_accuracy | candidate_accuracy | latency_retention | exec_time_reduction
------------------+---------------------+----------------------+-------------------------+--------------------------+-------------------+--------------------+-------------------+--------------------
mlp_expand[M=16]  | 1246.701            | [32m1044.181[0m    | 0m 0.191s               | [32m0m 0.055s[0m       | 93.50%            | [32m100.00%[0m   | [32m1.194[0m    | [32m3.470[0m     
mlp_expand[M=128] | 6293.337            | [31m8972.476[0m    | 0m 0.201s               | [32m0m 0.058s[0m       | 96.72%            | [32m100.00%[0m   | [31m0.701[0m    | [32m3.457[0m     
mlp_expand[M=384] | 26167.088           | [31m87768.813[0m   | 0m 0.175s               | [32m0m 0.060s[0m       | 98.79%            | [32m100.00%[0m   | [31m0.298[0m    | [32m2.917[0m     
mlp_reduce[M=16]  | 1404.974            | [32m1115.983[0m    | 0m 0.192s               | [32m0m 0.054s[0m       | 95.99%            | [32m100.00%[0m   | [32m1.259[0m    | [32m3.554[0m     
mlp_reduce[M=128] | 6380.272            | [32m5761.249[0m    | 0m 0.252s               | [32m0m 0.055s[0m       | 97.54%            | [32m100.00%[0m   | [32m1.107[0m    | [32m4.580[0m     
mlp_reduce[M=384] | 84429.805           | [32m18526.324[0m   | 0m 0.198s               | [32m0m 0.056s[0m       | 98.65%            | [32m100.00%[0m   | [32m4.557[0m    | [32m3.535[0m     
qkv[M=16]         | 218.062             | [32m208.667[0m     | 0m 0.104s               | [32m0m 0.061s[0m       | 96.72%            | [32m100.00%[0m   | [32m1.045[0m    | [32m1.721[0m     
qkv[M=128]        | 2148.360            | [32m1680.524[0m    | 0m 0.149s               | [32m0m 0.052s[0m       | 99.31%            | [32m100.00%[0m   | [32m1.278[0m    | [32m2.898[0m     
qkv[M=384]        | 5935.548            | [31m6672.579[0m    | 0m 0.224s               | [32m0m 0.056s[0m       | 97.86%            | [32m100.00%[0m   | [31m0.890[0m    | [32m3.991[0m     
2026-04-08 10:53:16,482 | INFO | Per-kernel geomean comparison table:
kernel     | shapes | baseline_lat_gm_us | candidate_lat_gm_us | baseline_tune_time | candidate_tune_time | baseline_accuracy | candidate_accuracy | latency_retention | exec_time_reduction
-----------+--------+--------------------+---------------------+--------------------+---------------------+-------------------+--------------------+-------------------+--------------------
mlp_expand | 3      | 5899.287           | [31m9368.630[0m   | 0m 0.567s          | [32m0m 0.173s[0m  | 96.34%            | [32m100.00%[0m   | [31m0.6297[0m   | [32m3.2745[0m    
mlp_reduce | 3      | 9113.134           | [32m4920.258[0m   | 0m 0.642s          | [32m0m 0.165s[0m  | 97.39%            | [32m100.00%[0m   | [32m1.8522[0m   | [32m3.8892[0m    
qkv        | 3      | 1406.208           | [32m1327.591[0m   | 0m 0.477s          | [32m0m 0.168s[0m  | 97.96%            | [32m100.00%[0m   | [32m1.0592[0m   | [32m2.8386[0m    
2026-04-08 10:53:16,482 | INFO | Full tune_tir series time | baseline=29m 22.121s (1762.121s) | candidate=5m 41.671s (341.671s)
2026-04-08 10:53:16,482 | INFO | Overall comparison summary:
num_shapes | base_lat_gm_us | cand_lat_gm_us    | base_total_tune_tir | cand_total_tune_tir | base_total_tune_s | cand_total_tune_s | base_accuracy | cand_accuracy | latency_retention | exec_time_reduction
-----------+----------------+-------------------+---------------------+---------------------+-------------------+-------------------+---------------+---------------+-------------------+--------------------
9          | 4228.363       | [32m3940.724[0m | 29m 22.121s         | [32m5m 41.671s[0m | 1762.121          | [32m341.671[0m  | 97.23%        | 100.00%       | 1.0730            | 5.1574             
2026-04-08 10:53:16,561 | INFO | Comparison completed
2026-04-08 10:53:16,561 | INFO | Comparison details written to research/results/metaschedule/comparison_results.json (id=719ec2721c8a0e4f)
2026-04-08 10:53:16,561 | INFO | Comparison retention=1.0730 total_tune_tir_time_reduction=5.1574
2026-04-08 10:53:57,031 | INFO | Starting 80/20 MetaSchedule tuner
2026-04-08 10:53:57,031 | INFO | Target: llvm -keys=cpu -mtriple=x86_64-pc-linux-gnu -num-cores=8
2026-04-08 10:53:57,031 | INFO | Work dir base: research/results/metaschedule/8020
2026-04-08 10:53:57,054 | INFO | Profile: i5-1235u
2026-04-08 10:53:58,071 | INFO | Kernels: qkv, mlp_expand, mlp_reduce
2026-04-08 10:53:58,071 | INFO | Representative subset tasks: 9
2026-04-08 10:53:58,071 | INFO |   - kernel=qkv M=16 K=768 N=768 (small)
2026-04-08 10:53:58,071 | INFO |   - kernel=qkv M=128 K=768 N=768 (medium)
2026-04-08 10:53:58,071 | INFO |   - kernel=qkv M=384 K=768 N=768 (large)
2026-04-08 10:53:58,071 | INFO |   - kernel=mlp_expand M=16 K=768 N=3072 (small)
2026-04-08 10:53:58,071 | INFO |   - kernel=mlp_expand M=128 K=768 N=3072 (medium)
2026-04-08 10:53:58,071 | INFO |   - kernel=mlp_expand M=384 K=768 N=3072 (large)
2026-04-08 10:53:58,071 | INFO |   - kernel=mlp_reduce M=16 K=3072 N=768 (small)
2026-04-08 10:53:58,071 | INFO |   - kernel=mlp_reduce M=128 K=3072 N=768 (medium)
2026-04-08 10:53:58,071 | INFO |   - kernel=mlp_reduce M=384 K=3072 N=768 (large)
2026-04-08 10:53:58,074 | INFO | Loaded 24 historical best schedules for heuristic biasing
2026-04-08 10:53:58,129 | INFO | Reusing cached experiment: compare:iter1:00f2915d00a23c49:4f24efee69155703:bench
2026-04-08 10:53:58,130 | INFO | Reusing cached experiment: compare:iter1:737afb813d7b01eb:4f24efee69155703:bench
2026-04-08 10:53:58,130 | INFO | Per-task latency comparison table:
shape             | baseline_latency_us | candidate_latency_us | baseline_task_tune_time | candidate_task_tune_time | baseline_accuracy | candidate_accuracy | latency_retention | exec_time_reduction
------------------+---------------------+----------------------+-------------------------+--------------------------+-------------------+--------------------+-------------------+--------------------
mlp_expand[M=16]  | 1246.701            | [32m1044.181[0m    | 0m 0.191s               | [32m0m 0.055s[0m       | 93.50%            | [32m100.00%[0m   | [32m1.194[0m    | [32m3.470[0m     
mlp_expand[M=128] | 6293.337            | [31m8972.476[0m    | 0m 0.201s               | [32m0m 0.058s[0m       | 96.72%            | [32m100.00%[0m   | [31m0.701[0m    | [32m3.457[0m     
mlp_expand[M=384] | 26167.088           | [31m87768.813[0m   | 0m 0.175s               | [32m0m 0.060s[0m       | 98.79%            | [32m100.00%[0m   | [31m0.298[0m    | [32m2.917[0m     
mlp_reduce[M=16]  | 1404.974            | [32m1115.983[0m    | 0m 0.192s               | [32m0m 0.054s[0m       | 95.99%            | [32m100.00%[0m   | [32m1.259[0m    | [32m3.554[0m     
mlp_reduce[M=128] | 6380.272            | [32m5761.249[0m    | 0m 0.252s               | [32m0m 0.055s[0m       | 97.54%            | [32m100.00%[0m   | [32m1.107[0m    | [32m4.580[0m     
mlp_reduce[M=384] | 84429.805           | [32m18526.324[0m   | 0m 0.198s               | [32m0m 0.056s[0m       | 98.65%            | [32m100.00%[0m   | [32m4.557[0m    | [32m3.535[0m     
qkv[M=16]         | 218.062             | [32m208.667[0m     | 0m 0.104s               | [32m0m 0.061s[0m       | 96.72%            | [32m100.00%[0m   | [32m1.045[0m    | [32m1.721[0m     
qkv[M=128]        | 2148.360            | [32m1680.524[0m    | 0m 0.149s               | [32m0m 0.052s[0m       | 99.31%            | [32m100.00%[0m   | [32m1.278[0m    | [32m2.898[0m     
qkv[M=384]        | 5935.548            | [31m6672.579[0m    | 0m 0.224s               | [32m0m 0.056s[0m       | 97.86%            | [32m100.00%[0m   | [31m0.890[0m    | [32m3.991[0m     
2026-04-08 10:53:58,130 | INFO | Per-kernel geomean comparison table:
kernel     | shapes | baseline_lat_gm_us | candidate_lat_gm_us | baseline_tune_time | candidate_tune_time | baseline_accuracy | candidate_accuracy | latency_retention | exec_time_reduction
-----------+--------+--------------------+---------------------+--------------------+---------------------+-------------------+--------------------+-------------------+--------------------
mlp_expand | 3      | 5899.287           | [31m9368.630[0m   | 0m 0.567s          | [32m0m 0.173s[0m  | 96.34%            | [32m100.00%[0m   | [31m0.6297[0m   | [32m3.2745[0m    
mlp_reduce | 3      | 9113.134           | [32m4920.258[0m   | 0m 0.642s          | [32m0m 0.165s[0m  | 97.39%            | [32m100.00%[0m   | [32m1.8522[0m   | [32m3.8892[0m    
qkv        | 3      | 1406.208           | [32m1327.591[0m   | 0m 0.477s          | [32m0m 0.168s[0m  | 97.96%            | [32m100.00%[0m   | [32m1.0592[0m   | [32m2.8386[0m    
2026-04-08 10:53:58,130 | INFO | Full tune_tir series time | baseline=29m 22.121s (1762.121s) | candidate=5m 41.671s (341.671s)
2026-04-08 10:53:58,131 | INFO | Overall comparison summary:
num_shapes | base_lat_gm_us | cand_lat_gm_us    | base_total_tune_tir | cand_total_tune_tir | base_total_tune_s | cand_total_tune_s | base_accuracy | cand_accuracy | latency_retention | exec_time_reduction
-----------+----------------+-------------------+---------------------+---------------------+-------------------+-------------------+---------------+---------------+-------------------+--------------------
9          | 4228.363       | [32m3940.724[0m | 29m 22.121s         | [32m5m 41.671s[0m | 1762.121          | [32m341.671[0m  | 97.23%        | 100.00%       | 1.0730            | 5.1574             
2026-04-08 10:53:58,207 | INFO | Comparison completed
2026-04-08 10:53:58,207 | INFO | Comparison details written to research/results/metaschedule/comparison_results.json (id=8a5574cbb31d263d)
2026-04-08 10:53:58,207 | INFO | Comparison retention=1.0730 total_tune_tir_time_reduction=5.1574
2026-04-08 11:03:49,687 | INFO | Starting 80/20 MetaSchedule tuner
2026-04-08 11:03:49,688 | INFO | Target: llvm -keys=cpu -mtriple=x86_64-pc-linux-gnu -num-cores=8
2026-04-08 11:03:49,688 | INFO | Work dir base: research/results/metaschedule/8020
2026-04-08 11:03:49,708 | INFO | Profile: i5-1235u
2026-04-08 11:03:51,076 | INFO | Kernels: qkv, mlp_expand, mlp_reduce
2026-04-08 11:03:51,076 | INFO | Representative subset tasks: 9
2026-04-08 11:03:51,077 | INFO |   - kernel=qkv M=16 K=768 N=768 (small)
2026-04-08 11:03:51,077 | INFO |   - kernel=qkv M=128 K=768 N=768 (medium)
2026-04-08 11:03:51,077 | INFO |   - kernel=qkv M=384 K=768 N=768 (large)
2026-04-08 11:03:51,077 | INFO |   - kernel=mlp_expand M=16 K=768 N=3072 (small)
2026-04-08 11:03:51,077 | INFO |   - kernel=mlp_expand M=128 K=768 N=3072 (medium)
2026-04-08 11:03:51,077 | INFO |   - kernel=mlp_expand M=384 K=768 N=3072 (large)
2026-04-08 11:03:51,077 | INFO |   - kernel=mlp_reduce M=16 K=3072 N=768 (small)
2026-04-08 11:03:51,077 | INFO |   - kernel=mlp_reduce M=128 K=3072 N=768 (medium)
2026-04-08 11:03:51,077 | INFO |   - kernel=mlp_reduce M=384 K=3072 N=768 (large)
2026-04-08 11:03:51,084 | INFO | Loaded 24 historical best schedules for heuristic biasing
2026-04-08 11:03:51,178 | INFO | Reusing cached experiment: compare:iter1:00f2915d00a23c49:4f24efee69155703:bench
2026-04-08 11:03:51,179 | INFO | Reusing cached experiment: compare:iter1:737afb813d7b01eb:4f24efee69155703:bench
2026-04-08 11:03:51,180 | INFO | Per-task latency comparison table:
shape             | baseline_latency_us | candidate_latency_us | baseline_task_tune_time | candidate_task_tune_time | baseline_accuracy | candidate_accuracy | latency_retention | exec_time_reduction
------------------+---------------------+----------------------+-------------------------+--------------------------+-------------------+--------------------+-------------------+--------------------
mlp_expand[M=16]  | [31m1246.701[0m            | [32m1044.181[0m             | [31m0m 0.191s[0m               | [32m0m 0.055s[0m                | [31m93.50%[0m            | [32m100.00%[0m            | [32m1.194[0m             | [32m3.470[0m              
mlp_expand[M=128] | [32m6293.337[0m            | [31m8972.476[0m             | [31m0m 0.201s[0m               | [32m0m 0.058s[0m                | [31m96.72%[0m            | [32m100.00%[0m            | [31m0.701[0m             | [32m3.457[0m              
mlp_expand[M=384] | [32m26167.088[0m           | [31m87768.813[0m            | [31m0m 0.175s[0m               | [32m0m 0.060s[0m                | [31m98.79%[0m            | [32m100.00%[0m            | [31m0.298[0m             | [32m2.917[0m              
mlp_reduce[M=16]  | [31m1404.974[0m            | [32m1115.983[0m             | [31m0m 0.192s[0m               | [32m0m 0.054s[0m                | [31m95.99%[0m            | [32m100.00%[0m            | [32m1.259[0m             | [32m3.554[0m              
mlp_reduce[M=128] | [31m6380.272[0m            | [32m5761.249[0m             | [31m0m 0.252s[0m               | [32m0m 0.055s[0m                | [31m97.54%[0m            | [32m100.00%[0m            | [32m1.107[0m             | [32m4.580[0m              
mlp_reduce[M=384] | [31m84429.805[0m           | [32m18526.324[0m            | [31m0m 0.198s[0m               | [32m0m 0.056s[0m                | [31m98.65%[0m            | [32m100.00%[0m            | [32m4.557[0m             | [32m3.535[0m              
qkv[M=16]         | [31m218.062[0m             | [32m208.667[0m              | [31m0m 0.104s[0m               | [32m0m 0.061s[0m                | [31m96.72%[0m            | [32m100.00%[0m            | [32m1.045[0m             | [32m1.721[0m              
qkv[M=128]        | [31m2148.360[0m            | [32m1680.524[0m             | [31m0m 0.149s[0m               | [32m0m 0.052s[0m                | [31m99.31%[0m            | [32m100.00%[0m            | [32m1.278[0m             | [32m2.898[0m              
qkv[M=384]        | [32m5935.548[0m            | [31m6672.579[0m             | [31m0m 0.224s[0m               | [32m0m 0.056s[0m                | [31m97.86%[0m            | [32m100.00%[0m            | [31m0.890[0m             | [32m3.991[0m              
2026-04-08 11:03:51,180 | INFO | Per-kernel geomean comparison table:
kernel     | shapes | baseline_lat_gm_us | candidate_lat_gm_us | baseline_tune_time | candidate_tune_time | baseline_accuracy | candidate_accuracy | latency_retention | exec_time_reduction
-----------+--------+--------------------+---------------------+--------------------+---------------------+-------------------+--------------------+-------------------+--------------------
mlp_expand | 3      | [32m5899.287[0m           | [31m9368.630[0m            | [31m0m 0.567s[0m          | [32m0m 0.173s[0m           | [31m96.34%[0m            | [32m100.00%[0m            | [31m0.6297[0m            | [32m3.2745[0m             
mlp_reduce | 3      | [31m9113.134[0m           | [32m4920.258[0m            | [31m0m 0.642s[0m          | [32m0m 0.165s[0m           | [31m97.39%[0m            | [32m100.00%[0m            | [32m1.8522[0m            | [32m3.8892[0m             
qkv        | 3      | [31m1406.208[0m           | [32m1327.591[0m            | [31m0m 0.477s[0m          | [32m0m 0.168s[0m           | [31m97.96%[0m            | [32m100.00%[0m            | [32m1.0592[0m            | [32m2.8386[0m             
2026-04-08 11:03:51,180 | INFO | Full tune_tir series time | baseline=29m 22.121s (1762.121s) | candidate=5m 41.671s (341.671s)
2026-04-08 11:03:51,180 | INFO | Overall comparison summary:
num_shapes | base_lat_gm_us | cand_lat_gm_us | base_total_tune_tir | cand_total_tune_tir | base_total_tune_s | cand_total_tune_s | base_accuracy | cand_accuracy | latency_retention | exec_time_reduction
-----------+----------------+----------------+---------------------+---------------------+-------------------+-------------------+---------------+---------------+-------------------+--------------------
9          | [31m4228.363[0m       | [32m3940.724[0m       | [31m29m 22.121s[0m         | [32m5m 41.671s[0m          | [31m1762.121[0m          | [32m341.671[0m           | [31m97.23%[0m        | [32m100.00%[0m       | 1.0730            | 5.1574             
2026-04-08 11:03:51,273 | INFO | Comparison completed
2026-04-08 11:03:51,273 | INFO | Comparison details written to research/results/metaschedule/comparison_results.json (id=a2b44a4997f16ddf)
2026-04-08 11:03:51,273 | INFO | Comparison retention=1.0730 total_tune_tir_time_reduction=5.1574
2026-04-08 11:07:17,553 | INFO | Starting 80/20 MetaSchedule tuner
2026-04-08 11:07:17,554 | INFO | Target: llvm -keys=cpu -mtriple=x86_64-pc-linux-gnu -num-cores=8
2026-04-08 11:07:17,554 | INFO | Work dir base: research/results/metaschedule/8020
2026-04-08 11:07:17,576 | INFO | Profile: i5-1235u
2026-04-08 11:07:18,648 | INFO | Kernels: qkv, mlp_expand, mlp_reduce
2026-04-08 11:07:18,648 | INFO | Representative subset tasks: 9
2026-04-08 11:07:18,648 | INFO |   - kernel=qkv M=16 K=768 N=768 (small)
2026-04-08 11:07:18,648 | INFO |   - kernel=qkv M=128 K=768 N=768 (medium)
2026-04-08 11:07:18,648 | INFO |   - kernel=qkv M=384 K=768 N=768 (large)
2026-04-08 11:07:18,649 | INFO |   - kernel=mlp_expand M=16 K=768 N=3072 (small)
2026-04-08 11:07:18,649 | INFO |   - kernel=mlp_expand M=128 K=768 N=3072 (medium)
2026-04-08 11:07:18,649 | INFO |   - kernel=mlp_expand M=384 K=768 N=3072 (large)
2026-04-08 11:07:18,649 | INFO |   - kernel=mlp_reduce M=16 K=3072 N=768 (small)
2026-04-08 11:07:18,649 | INFO |   - kernel=mlp_reduce M=128 K=3072 N=768 (medium)
2026-04-08 11:07:18,649 | INFO |   - kernel=mlp_reduce M=384 K=3072 N=768 (large)
2026-04-08 11:07:18,655 | INFO | Loaded 24 historical best schedules for heuristic biasing
2026-04-08 11:07:18,721 | INFO | Reusing cached experiment: compare:iter1:00f2915d00a23c49:4f24efee69155703:bench
2026-04-08 11:07:18,722 | INFO | Reusing cached experiment: compare:iter1:737afb813d7b01eb:4f24efee69155703:bench
2026-04-08 11:07:18,723 | INFO | Per-task latency comparison table:
shape             | baseline_latency_us | candidate_latency_us | baseline_task_tune_time | candidate_task_tune_time | baseline_accuracy | candidate_accuracy | latency_retention | exec_time_reduction
------------------+---------------------+----------------------+-------------------------+--------------------------+-------------------+--------------------+-------------------+--------------------
mlp_expand[M=16]  | [31m1246.701[0m            | [32m1044.181[0m             | [31m0m 0.191s[0m               | [32m0m 0.055s[0m                | [31m93.50%[0m            | [32m100.00%[0m            | [32m↑ 1.194[0m           | [32m↑ 3.470[0m            
mlp_expand[M=128] | [32m6293.337[0m            | [31m8972.476[0m             | [31m0m 0.201s[0m               | [32m0m 0.058s[0m                | [31m96.72%[0m            | [32m100.00%[0m            | [31m↓ 0.701[0m           | [32m↑ 3.457[0m            
mlp_expand[M=384] | [32m26167.088[0m           | [31m87768.813[0m            | [31m0m 0.175s[0m               | [32m0m 0.060s[0m                | [31m98.79%[0m            | [32m100.00%[0m            | [31m↓ 0.298[0m           | [32m↑ 2.917[0m            
mlp_reduce[M=16]  | [31m1404.974[0m            | [32m1115.983[0m             | [31m0m 0.192s[0m               | [32m0m 0.054s[0m                | [31m95.99%[0m            | [32m100.00%[0m            | [32m↑ 1.259[0m           | [32m↑ 3.554[0m            
mlp_reduce[M=128] | [31m6380.272[0m            | [32m5761.249[0m             | [31m0m 0.252s[0m               | [32m0m 0.055s[0m                | [31m97.54%[0m            | [32m100.00%[0m            | [32m↑ 1.107[0m           | [32m↑ 4.580[0m            
mlp_reduce[M=384] | [31m84429.805[0m           | [32m18526.324[0m            | [31m0m 0.198s[0m               | [32m0m 0.056s[0m                | [31m98.65%[0m            | [32m100.00%[0m            | [32m↑ 4.557[0m           | [32m↑ 3.535[0m            
qkv[M=16]         | [31m218.062[0m             | [32m208.667[0m              | [31m0m 0.104s[0m               | [32m0m 0.061s[0m                | [31m96.72%[0m            | [32m100.00%[0m            | [32m↑ 1.045[0m           | [32m↑ 1.721[0m            
qkv[M=128]        | [31m2148.360[0m            | [32m1680.524[0m             | [31m0m 0.149s[0m               | [32m0m 0.052s[0m                | [31m99.31%[0m            | [32m100.00%[0m            | [32m↑ 1.278[0m           | [32m↑ 2.898[0m            
qkv[M=384]        | [32m5935.548[0m            | [31m6672.579[0m             | [31m0m 0.224s[0m               | [32m0m 0.056s[0m                | [31m97.86%[0m            | [32m100.00%[0m            | [31m↓ 0.890[0m           | [32m↑ 3.991[0m            
2026-04-08 11:07:18,723 | INFO | Per-kernel geomean comparison table:
kernel     | shapes | baseline_lat_gm_us | candidate_lat_gm_us | baseline_tune_time | candidate_tune_time | baseline_accuracy | candidate_accuracy | latency_retention | exec_time_reduction
-----------+--------+--------------------+---------------------+--------------------+---------------------+-------------------+--------------------+-------------------+--------------------
mlp_expand | 3      | [32m5899.287[0m           | [31m9368.630[0m            | [31m0m 0.567s[0m          | [32m0m 0.173s[0m           | [31m96.34%[0m            | [32m100.00%[0m            | [31m↓ 0.6297[0m          | [32m↑ 3.2745[0m           
mlp_reduce | 3      | [31m9113.134[0m           | [32m4920.258[0m            | [31m0m 0.642s[0m          | [32m0m 0.165s[0m           | [31m97.39%[0m            | [32m100.00%[0m            | [32m↑ 1.8522[0m          | [32m↑ 3.8892[0m           
qkv        | 3      | [31m1406.208[0m           | [32m1327.591[0m            | [31m0m 0.477s[0m          | [32m0m 0.168s[0m           | [31m97.96%[0m            | [32m100.00%[0m            | [32m↑ 1.0592[0m          | [32m↑ 2.8386[0m           
2026-04-08 11:07:18,723 | INFO | Full tune_tir series time | baseline=29m 22.121s (1762.121s) | candidate=5m 41.671s (341.671s)
2026-04-08 11:07:18,723 | INFO | Overall comparison summary:
num_shapes | base_lat_gm_us | cand_lat_gm_us | base_total_tune_tir | cand_total_tune_tir | base_total_tune_s | cand_total_tune_s | base_accuracy | cand_accuracy | latency_retention | exec_time_reduction
-----------+----------------+----------------+---------------------+---------------------+-------------------+-------------------+---------------+---------------+-------------------+--------------------
9          | [31m4228.363[0m       | [32m3940.724[0m       | [31m29m 22.121s[0m         | [32m5m 41.671s[0m          | [31m1762.121[0m          | [32m341.671[0m           | [31m97.23%[0m        | [32m100.00%[0m       | [32m↑ 1.0730[0m          | [32m↑ 5.1574[0m           
2026-04-08 11:07:18,793 | INFO | Comparison completed
2026-04-08 11:07:18,794 | INFO | Comparison details written to research/results/metaschedule/comparison_results.json (id=69cf7039da3eda8d)
2026-04-08 11:07:18,794 | INFO | Comparison retention=1.0730 total_tune_tir_time_reduction=5.1574
2026-04-08 11:08:45,209 | INFO | Starting 80/20 MetaSchedule tuner
2026-04-08 11:08:45,209 | INFO | Target: llvm -keys=cpu -mtriple=x86_64-pc-linux-gnu -num-cores=8
2026-04-08 11:08:45,210 | INFO | Work dir base: research/results/metaschedule/8020
2026-04-08 11:08:45,214 | INFO | Profile: i5-1235u
2026-04-08 11:08:46,590 | INFO | Kernels: qkv, mlp_expand, mlp_reduce
2026-04-08 11:08:46,591 | INFO | Representative subset tasks: 9
2026-04-08 11:08:46,591 | INFO |   - kernel=qkv M=16 K=768 N=768 (small)
2026-04-08 11:08:46,591 | INFO |   - kernel=qkv M=128 K=768 N=768 (medium)
2026-04-08 11:08:46,591 | INFO |   - kernel=qkv M=384 K=768 N=768 (large)
2026-04-08 11:08:46,591 | INFO |   - kernel=mlp_expand M=16 K=768 N=3072 (small)
2026-04-08 11:08:46,591 | INFO |   - kernel=mlp_expand M=128 K=768 N=3072 (medium)
2026-04-08 11:08:46,591 | INFO |   - kernel=mlp_expand M=384 K=768 N=3072 (large)
2026-04-08 11:08:46,591 | INFO |   - kernel=mlp_reduce M=16 K=3072 N=768 (small)
2026-04-08 11:08:46,591 | INFO |   - kernel=mlp_reduce M=128 K=3072 N=768 (medium)
2026-04-08 11:08:46,591 | INFO |   - kernel=mlp_reduce M=384 K=3072 N=768 (large)
2026-04-08 11:08:46,593 | INFO | Loaded 24 historical best schedules for heuristic biasing
2026-04-08 11:08:46,650 | INFO | Reusing cached experiment: compare:iter1:00f2915d00a23c49:4f24efee69155703:bench
2026-04-08 11:08:46,651 | INFO | Reusing cached experiment: compare:iter1:737afb813d7b01eb:4f24efee69155703:bench
2026-04-08 11:08:46,651 | INFO | Per-task latency comparison table:
shape             | baseline_latency_us | candidate_latency_us | baseline_task_tune_time | candidate_task_tune_time | baseline_accuracy | candidate_accuracy | latency_retention | exec_time_reduction
------------------+---------------------+----------------------+-------------------------+--------------------------+-------------------+--------------------+-------------------+--------------------
mlp_expand[M=16]  | [31m1246.701[0m            | [32m1044.181[0m             | [31m0m 0.191s[0m               | [32m0m 0.055s[0m                | [31m93.50%[0m            | [32m100.00%[0m            | [32m↑ 1.194[0m           | [32m↑ 3.470[0m            
mlp_expand[M=128] | [32m6293.337[0m            | [31m8972.476[0m             | [31m0m 0.201s[0m               | [32m0m 0.058s[0m                | [31m96.72%[0m            | [32m100.00%[0m            | [31m↓ 0.701[0m           | [32m↑ 3.457[0m            
mlp_expand[M=384] | [32m26167.088[0m           | [31m87768.813[0m            | [31m0m 0.175s[0m               | [32m0m 0.060s[0m                | [31m98.79%[0m            | [32m100.00%[0m            | [31m↓ 0.298[0m           | [32m↑ 2.917[0m            
mlp_reduce[M=16]  | [31m1404.974[0m            | [32m1115.983[0m             | [31m0m 0.192s[0m               | [32m0m 0.054s[0m                | [31m95.99%[0m            | [32m100.00%[0m            | [32m↑ 1.259[0m           | [32m↑ 3.554[0m            
mlp_reduce[M=128] | [31m6380.272[0m            | [32m5761.249[0m             | [31m0m 0.252s[0m               | [32m0m 0.055s[0m                | [31m97.54%[0m            | [32m100.00%[0m            | [32m↑ 1.107[0m           | [32m↑ 4.580[0m            
mlp_reduce[M=384] | [31m84429.805[0m           | [32m18526.324[0m            | [31m0m 0.198s[0m               | [32m0m 0.056s[0m                | [31m98.65%[0m            | [32m100.00%[0m            | [32m↑ 4.557[0m           | [32m↑ 3.535[0m            
qkv[M=16]         | [31m218.062[0m             | [32m208.667[0m              | [31m0m 0.104s[0m               | [32m0m 0.061s[0m                | [31m96.72%[0m            | [32m100.00%[0m            | [32m↑ 1.045[0m           | [32m↑ 1.721[0m            
qkv[M=128]        | [31m2148.360[0m            | [32m1680.524[0m             | [31m0m 0.149s[0m               | [32m0m 0.052s[0m                | [31m99.31%[0m            | [32m100.00%[0m            | [32m↑ 1.278[0m           | [32m↑ 2.898[0m            
qkv[M=384]        | [32m5935.548[0m            | [31m6672.579[0m             | [31m0m 0.224s[0m               | [32m0m 0.056s[0m                | [31m97.86%[0m            | [32m100.00%[0m            | [31m↓ 0.890[0m           | [32m↑ 3.991[0m            
2026-04-08 11:08:46,652 | INFO | Per-kernel geomean comparison table:
kernel     | shapes | baseline_lat_gm_us | candidate_lat_gm_us | baseline_tune_time | candidate_tune_time | baseline_accuracy | candidate_accuracy | latency_retention | exec_time_reduction
-----------+--------+--------------------+---------------------+--------------------+---------------------+-------------------+--------------------+-------------------+--------------------
mlp_expand | 3      | [32m5899.287[0m           | [31m9368.630[0m            | [31m0m 0.567s[0m          | [32m0m 0.173s[0m           | [31m96.34%[0m            | [32m100.00%[0m            | [31m↓ 0.6297[0m          | [32m↑ 3.2745[0m           
mlp_reduce | 3      | [31m9113.134[0m           | [32m4920.258[0m            | [31m0m 0.642s[0m          | [32m0m 0.165s[0m           | [31m97.39%[0m            | [32m100.00%[0m            | [32m↑ 1.8522[0m          | [32m↑ 3.8892[0m           
qkv        | 3      | [31m1406.208[0m           | [32m1327.591[0m            | [31m0m 0.477s[0m          | [32m0m 0.168s[0m           | [31m97.96%[0m            | [32m100.00%[0m            | [32m↑ 1.0592[0m          | [32m↑ 2.8386[0m           
2026-04-08 11:08:46,652 | INFO | Full tune_tir series time | baseline=29m 22.121s (1762.121s) | candidate=5m 41.671s (341.671s)
2026-04-08 11:08:46,652 | INFO | Overall comparison summary:
num_shapes | base_lat_gm_us | cand_lat_gm_us | base_total_tune_tir | cand_total_tune_tir | base_total_tune_s | cand_total_tune_s | base_accuracy | cand_accuracy | latency_retention | exec_time_reduction
-----------+----------------+----------------+---------------------+---------------------+-------------------+-------------------+---------------+---------------+-------------------+--------------------
9          | [31m4228.363[0m       | [32m3940.724[0m       | [31m29m 22.121s[0m         | [32m5m 41.671s[0m          | [31m1762.121[0m          | [32m341.671[0m           | [31m97.23%[0m        | [32m100.00%[0m       | [32m↑ 1.0730[0m          | [32m↑ 5.1574[0m           
2026-04-08 11:08:46,723 | INFO | Comparison completed
2026-04-08 11:08:46,723 | INFO | Comparison details written to research/results/metaschedule/comparison_results.json (id=767e1a9987b16514)
2026-04-08 11:08:46,723 | INFO | Comparison retention=[32m↑ 1.0730[0m total_tune_tir_time_reduction=[32m↑ 5.1574[0m
2026-04-08 11:09:55,999 | INFO | Starting 80/20 MetaSchedule tuner
2026-04-08 11:09:55,999 | INFO | Target: llvm -keys=cpu -mtriple=x86_64-pc-linux-gnu -num-cores=8
2026-04-08 11:09:55,999 | INFO | Work dir base: research/results/metaschedule/8020
2026-04-08 11:09:56,005 | INFO | Profile: i5-1235u
2026-04-08 11:09:57,118 | INFO | Kernels: qkv, mlp_expand, mlp_reduce
2026-04-08 11:09:57,118 | INFO | Representative subset tasks: 9
2026-04-08 11:09:57,118 | INFO |   - kernel=qkv M=16 K=768 N=768 (small)
2026-04-08 11:09:57,118 | INFO |   - kernel=qkv M=128 K=768 N=768 (medium)
2026-04-08 11:09:57,118 | INFO |   - kernel=qkv M=384 K=768 N=768 (large)
2026-04-08 11:09:57,118 | INFO |   - kernel=mlp_expand M=16 K=768 N=3072 (small)
2026-04-08 11:09:57,118 | INFO |   - kernel=mlp_expand M=128 K=768 N=3072 (medium)
2026-04-08 11:09:57,118 | INFO |   - kernel=mlp_expand M=384 K=768 N=3072 (large)
2026-04-08 11:09:57,119 | INFO |   - kernel=mlp_reduce M=16 K=3072 N=768 (small)
2026-04-08 11:09:57,119 | INFO |   - kernel=mlp_reduce M=128 K=3072 N=768 (medium)
2026-04-08 11:09:57,119 | INFO |   - kernel=mlp_reduce M=384 K=3072 N=768 (large)
2026-04-08 11:09:57,121 | INFO | Loaded 24 historical best schedules for heuristic biasing
2026-04-08 11:09:57,180 | INFO | Reusing cached experiment: compare:iter1:00f2915d00a23c49:4f24efee69155703:bench
2026-04-08 11:09:57,181 | INFO | Reusing cached experiment: compare:iter1:737afb813d7b01eb:4f24efee69155703:bench
2026-04-08 11:09:57,182 | INFO | Per-task latency comparison table:
shape             | baseline_latency_us | candidate_latency_us | baseline_task_tune_time | candidate_task_tune_time | baseline_accuracy | candidate_accuracy | latency_retention | exec_time_reduction
------------------+---------------------+----------------------+-------------------------+--------------------------+-------------------+--------------------+-------------------+--------------------
mlp_expand[M=16]  | [31m1246.701[0m            | [32m1044.181[0m             | [31m0m 0.191s[0m               | [32m0m 0.055s[0m                | [31m93.50%[0m            | [32m100.00%[0m            | [32m↑ 1.194[0m           | [32m↑ 3.470[0m            
mlp_expand[M=128] | [32m6293.337[0m            | [31m8972.476[0m             | [31m0m 0.201s[0m               | [32m0m 0.058s[0m                | [31m96.72%[0m            | [32m100.00%[0m            | [31m↓ 0.701[0m           | [32m↑ 3.457[0m            
mlp_expand[M=384] | [32m26167.088[0m           | [31m87768.813[0m            | [31m0m 0.175s[0m               | [32m0m 0.060s[0m                | [31m98.79%[0m            | [32m100.00%[0m            | [31m↓ 0.298[0m           | [32m↑ 2.917[0m            
mlp_reduce[M=16]  | [31m1404.974[0m            | [32m1115.983[0m             | [31m0m 0.192s[0m               | [32m0m 0.054s[0m                | [31m95.99%[0m            | [32m100.00%[0m            | [32m↑ 1.259[0m           | [32m↑ 3.554[0m            
mlp_reduce[M=128] | [31m6380.272[0m            | [32m5761.249[0m             | [31m0m 0.252s[0m               | [32m0m 0.055s[0m                | [31m97.54%[0m            | [32m100.00%[0m            | [32m↑ 1.107[0m           | [32m↑ 4.580[0m            
mlp_reduce[M=384] | [31m84429.805[0m           | [32m18526.324[0m            | [31m0m 0.198s[0m               | [32m0m 0.056s[0m                | [31m98.65%[0m            | [32m100.00%[0m            | [32m↑ 4.557[0m           | [32m↑ 3.535[0m            
qkv[M=16]         | [31m218.062[0m             | [32m208.667[0m              | [31m0m 0.104s[0m               | [32m0m 0.061s[0m                | [31m96.72%[0m            | [32m100.00%[0m            | [32m↑ 1.045[0m           | [32m↑ 1.721[0m            
qkv[M=128]        | [31m2148.360[0m            | [32m1680.524[0m             | [31m0m 0.149s[0m               | [32m0m 0.052s[0m                | [31m99.31%[0m            | [32m100.00%[0m            | [32m↑ 1.278[0m           | [32m↑ 2.898[0m            
qkv[M=384]        | [32m5935.548[0m            | [31m6672.579[0m             | [31m0m 0.224s[0m               | [32m0m 0.056s[0m                | [31m97.86%[0m            | [32m100.00%[0m            | [31m↓ 0.890[0m           | [32m↑ 3.991[0m            
2026-04-08 11:09:57,182 | INFO | Per-kernel geomean comparison table:
kernel     | shapes | baseline_lat_gm_us | candidate_lat_gm_us | baseline_tune_time | candidate_tune_time | baseline_accuracy | candidate_accuracy | latency_retention | exec_time_reduction
-----------+--------+--------------------+---------------------+--------------------+---------------------+-------------------+--------------------+-------------------+--------------------
mlp_expand | 3      | [32m5899.287[0m           | [31m9368.630[0m            | [31m0m 0.567s[0m          | [32m0m 0.173s[0m           | [31m96.34%[0m            | [32m100.00%[0m            | [31m↓ 0.6297[0m          | [32m↑ 3.2745[0m           
mlp_reduce | 3      | [31m9113.134[0m           | [32m4920.258[0m            | [31m0m 0.642s[0m          | [32m0m 0.165s[0m           | [31m97.39%[0m            | [32m100.00%[0m            | [32m↑ 1.8522[0m          | [32m↑ 3.8892[0m           
qkv        | 3      | [31m1406.208[0m           | [32m1327.591[0m            | [31m0m 0.477s[0m          | [32m0m 0.168s[0m           | [31m97.96%[0m            | [32m100.00%[0m            | [32m↑ 1.0592[0m          | [32m↑ 2.8386[0m           
2026-04-08 11:09:57,182 | INFO | Full tune_tir series time | baseline=29m 22.121s (1762.121s) | candidate=5m 41.671s (341.671s)
2026-04-08 11:09:57,182 | INFO | Overall comparison summary:
num_shapes | base_lat_gm_us | cand_lat_gm_us | base_total_tune_tir | cand_total_tune_tir | base_total_tune_s | cand_total_tune_s | base_accuracy | cand_accuracy | latency_retention | exec_time_reduction
-----------+----------------+----------------+---------------------+---------------------+-------------------+-------------------+---------------+---------------+-------------------+--------------------
9          | [31m4228.363[0m       | [32m3940.724[0m       | [31m29m 22.121s[0m         | [32m5m 41.671s[0m          | [31m1762.121[0m          | [32m341.671[0m           | [31m97.23%[0m        | [32m100.00%[0m       | [32m↑ 1.0730[0m          | [32m↑ 5.1574[0m           
2026-04-08 11:09:57,249 | INFO | Comparison completed
2026-04-08 11:09:57,249 | INFO | Comparison details written to research/results/metaschedule/comparison_results.json (id=cd4dfc1a4b28d2d8)
2026-04-08 11:09:57,249 | INFO | Comparison retention= [32m↑ 1.0730[0m total_tune_tir_time_reduction= [32m↑ 5.1574[0m
2026-04-08 11:34:50,820 | INFO | Starting 80/20 MetaSchedule tuner
2026-04-08 11:34:50,820 | INFO | Target: llvm -keys=cpu -mtriple=x86_64-pc-linux-gnu -num-cores=8
2026-04-08 11:34:50,820 | INFO | Work dir base: research/results/metaschedule/8020
2026-04-08 11:34:50,843 | INFO | Profile: i5-1235u
2026-04-08 11:34:51,493 | INFO | Kernels: qkv, mlp_expand, mlp_reduce
2026-04-08 11:34:51,494 | INFO | Representative subset tasks: 9
2026-04-08 11:34:51,494 | INFO |   - kernel=qkv M=16 K=768 N=768 (small)
2026-04-08 11:34:51,494 | INFO |   - kernel=qkv M=128 K=768 N=768 (medium)
2026-04-08 11:34:51,494 | INFO |   - kernel=qkv M=384 K=768 N=768 (large)
2026-04-08 11:34:51,494 | INFO |   - kernel=mlp_expand M=16 K=768 N=3072 (small)
2026-04-08 11:34:51,494 | INFO |   - kernel=mlp_expand M=128 K=768 N=3072 (medium)
2026-04-08 11:34:51,494 | INFO |   - kernel=mlp_expand M=384 K=768 N=3072 (large)
2026-04-08 11:34:51,494 | INFO |   - kernel=mlp_reduce M=16 K=3072 N=768 (small)
2026-04-08 11:34:51,494 | INFO |   - kernel=mlp_reduce M=128 K=3072 N=768 (medium)
2026-04-08 11:34:51,494 | INFO |   - kernel=mlp_reduce M=384 K=3072 N=768 (large)
2026-04-08 11:34:51,501 | INFO | Loaded 24 historical best schedules for heuristic biasing
2026-04-08 11:34:51,569 | INFO | Reusing cached experiment: compare:iter1:00f2915d00a23c49:4f24efee69155703:bench
2026-04-08 11:34:51,570 | INFO | Reusing cached experiment: compare:iter1:737afb813d7b01eb:4f24efee69155703:bench
2026-04-08 11:34:51,571 | INFO | Per-task latency comparison table:
shape             | baseline_latency_us | candidate_latency_us | baseline_task_tune_time | candidate_task_tune_time | latency_retention | exec_time_reduction
------------------+---------------------+----------------------+-------------------------+--------------------------+-------------------+--------------------
mlp_expand[M=16]  | [31m1246.701[0m            | [32m1044.181[0m             | [31m0m 0.191s[0m               | [32m0m 0.055s[0m                | [32m↑ 1.194[0m           | [32m↑ 3.470[0m            
mlp_expand[M=128] | [32m6293.337[0m            | [31m8972.476[0m             | [31m0m 0.201s[0m               | [32m0m 0.058s[0m                | [31m↓ 0.701[0m           | [32m↑ 3.457[0m            
mlp_expand[M=384] | [32m26167.088[0m           | [31m87768.813[0m            | [31m0m 0.175s[0m               | [32m0m 0.060s[0m                | [31m↓ 0.298[0m           | [32m↑ 2.917[0m            
mlp_reduce[M=16]  | [31m1404.974[0m            | [32m1115.983[0m             | [31m0m 0.192s[0m               | [32m0m 0.054s[0m                | [32m↑ 1.259[0m           | [32m↑ 3.554[0m            
mlp_reduce[M=128] | [31m6380.272[0m            | [32m5761.249[0m             | [31m0m 0.252s[0m               | [32m0m 0.055s[0m                | [32m↑ 1.107[0m           | [32m↑ 4.580[0m            
mlp_reduce[M=384] | [31m84429.805[0m           | [32m18526.324[0m            | [31m0m 0.198s[0m               | [32m0m 0.056s[0m                | [32m↑ 4.557[0m           | [32m↑ 3.535[0m            
qkv[M=16]         | [31m218.062[0m             | [32m208.667[0m              | [31m0m 0.104s[0m               | [32m0m 0.061s[0m                | [32m↑ 1.045[0m           | [32m↑ 1.721[0m            
qkv[M=128]        | [31m2148.360[0m            | [32m1680.524[0m             | [31m0m 0.149s[0m               | [32m0m 0.052s[0m                | [32m↑ 1.278[0m           | [32m↑ 2.898[0m            
qkv[M=384]        | [32m5935.548[0m            | [31m6672.579[0m             | [31m0m 0.224s[0m               | [32m0m 0.056s[0m                | [31m↓ 0.890[0m           | [32m↑ 3.991[0m            
2026-04-08 11:34:51,571 | INFO | Per-kernel geomean comparison table:
kernel     | shapes | baseline_lat_gm_us | candidate_lat_gm_us | baseline_tune_time | candidate_tune_time | latency_retention | exec_time_reduction
-----------+--------+--------------------+---------------------+--------------------+---------------------+-------------------+--------------------
mlp_expand | 3      | [32m5899.287[0m           | [31m9368.630[0m            | [31m0m 0.567s[0m          | [32m0m 0.173s[0m           | [31m↓ 0.6297[0m          | [32m↑ 3.2745[0m           
mlp_reduce | 3      | [31m9113.134[0m           | [32m4920.258[0m            | [31m0m 0.642s[0m          | [32m0m 0.165s[0m           | [32m↑ 1.8522[0m          | [32m↑ 3.8892[0m           
qkv        | 3      | [31m1406.208[0m           | [32m1327.591[0m            | [31m0m 0.477s[0m          | [32m0m 0.168s[0m           | [32m↑ 1.0592[0m          | [32m↑ 2.8386[0m           
2026-04-08 11:34:51,571 | INFO | Full tune_tir series time | baseline=29m 22.121s (1762.121s) | candidate=5m 41.671s (341.671s)
2026-04-08 11:34:51,571 | INFO | Overall comparison summary:
num_shapes | base_lat_gm_us | cand_lat_gm_us | base_total_tune_tir | cand_total_tune_tir | base_total_tune_s | cand_total_tune_s | latency_retention | exec_time_reduction
-----------+----------------+----------------+---------------------+---------------------+-------------------+-------------------+-------------------+--------------------
9          | [31m4228.363[0m       | [32m3940.724[0m       | [31m29m 22.121s[0m         | [32m5m 41.671s[0m          | [31m1762.121[0m          | [32m341.671[0m           | [32m↑ 1.0730[0m          | [32m↑ 5.1574[0m           
2026-04-08 11:34:51,641 | INFO | Comparison completed
2026-04-08 11:34:51,641 | INFO | Comparison details written to research/results/metaschedule/comparison_results.json (id=6ff75e5357d77804)
2026-04-08 11:34:51,641 | INFO | Comparison retention= [32m↑ 1.0730[0m total_tune_tir_time_reduction= [32m↑ 5.1574[0m
2026-04-08 12:18:16,438 | INFO | Starting 80/20 MetaSchedule tuner
2026-04-08 12:18:16,438 | INFO | Target: llvm -keys=cpu -mtriple=x86_64-pc-linux-gnu -num-cores=8
2026-04-08 12:18:16,438 | INFO | Work dir base: research/results/metaschedule/8020
2026-04-08 12:18:16,443 | INFO | Profile: i5-1235u
2026-04-08 12:18:18,874 | INFO | Kernels: qkv, mlp_expand, mlp_reduce
2026-04-08 12:18:18,874 | INFO | Representative subset tasks: 9
2026-04-08 12:18:18,874 | INFO |   - kernel=qkv M=16 K=768 N=768 (small)
2026-04-08 12:18:18,874 | INFO |   - kernel=qkv M=128 K=768 N=768 (medium)
2026-04-08 12:18:18,874 | INFO |   - kernel=qkv M=384 K=768 N=768 (large)
2026-04-08 12:18:18,874 | INFO |   - kernel=mlp_expand M=16 K=768 N=3072 (small)
2026-04-08 12:18:18,874 | INFO |   - kernel=mlp_expand M=128 K=768 N=3072 (medium)
2026-04-08 12:18:18,874 | INFO |   - kernel=mlp_expand M=384 K=768 N=3072 (large)
2026-04-08 12:18:18,874 | INFO |   - kernel=mlp_reduce M=16 K=3072 N=768 (small)
2026-04-08 12:18:18,874 | INFO |   - kernel=mlp_reduce M=128 K=3072 N=768 (medium)
2026-04-08 12:18:18,874 | INFO |   - kernel=mlp_reduce M=384 K=3072 N=768 (large)
2026-04-08 12:18:18,877 | INFO | Loaded 24 historical best schedules for heuristic biasing
2026-04-08 12:18:18,890 | INFO | Reusing cached experiment: compare:iter1:00f2915d00a23c49:4f24efee69155703:bench
2026-04-08 12:18:18,891 | INFO | Reusing cached experiment: compare:iter1:737afb813d7b01eb:4f24efee69155703:bench
2026-04-08 12:18:18,891 | INFO | Per-task latency comparison table:
shape             | baseline_latency_us | candidate_latency_us | baseline_task_tune_time | candidate_task_tune_time | latency_retention | exec_time_reduction
------------------+---------------------+----------------------+-------------------------+--------------------------+-------------------+--------------------
mlp_expand[M=16]  | [31m1246.701[0m            | [32m1044.181[0m             | [31m0m 0.191s[0m               | [32m0m 0.055s[0m                | [32m↑ 1.194[0m           | [32m↑ 3.470[0m            
mlp_expand[M=128] | [32m6293.337[0m            | [31m8972.476[0m             | [31m0m 0.201s[0m               | [32m0m 0.058s[0m                | [31m↓ 0.701[0m           | [32m↑ 3.457[0m            
mlp_expand[M=384] | [32m26167.088[0m           | [31m87768.813[0m            | [31m0m 0.175s[0m               | [32m0m 0.060s[0m                | [31m↓ 0.298[0m           | [32m↑ 2.917[0m            
mlp_reduce[M=16]  | [31m1404.974[0m            | [32m1115.983[0m             | [31m0m 0.192s[0m               | [32m0m 0.054s[0m                | [32m↑ 1.259[0m           | [32m↑ 3.554[0m            
mlp_reduce[M=128] | [31m6380.272[0m            | [32m5761.249[0m             | [31m0m 0.252s[0m               | [32m0m 0.055s[0m                | [32m↑ 1.107[0m           | [32m↑ 4.580[0m            
mlp_reduce[M=384] | [31m84429.805[0m           | [32m18526.324[0m            | [31m0m 0.198s[0m               | [32m0m 0.056s[0m                | [32m↑ 4.557[0m           | [32m↑ 3.535[0m            
qkv[M=16]         | [31m218.062[0m             | [32m208.667[0m              | [31m0m 0.104s[0m               | [32m0m 0.061s[0m                | [32m↑ 1.045[0m           | [32m↑ 1.721[0m            
qkv[M=128]        | [31m2148.360[0m            | [32m1680.524[0m             | [31m0m 0.149s[0m               | [32m0m 0.052s[0m                | [32m↑ 1.278[0m           | [32m↑ 2.898[0m            
qkv[M=384]        | [32m5935.548[0m            | [31m6672.579[0m             | [31m0m 0.224s[0m               | [32m0m 0.056s[0m                | [31m↓ 0.890[0m           | [32m↑ 3.991[0m            
2026-04-08 12:18:18,892 | INFO | Per-kernel geomean comparison table:
kernel     | shapes | baseline_lat_gm_us | candidate_lat_gm_us | baseline_tune_time | candidate_tune_time | latency_retention | exec_time_reduction
-----------+--------+--------------------+---------------------+--------------------+---------------------+-------------------+--------------------
mlp_expand | 3      | [32m5899.287[0m           | [31m9368.630[0m            | [31m0m 0.567s[0m          | [32m0m 0.173s[0m           | [31m↓ 0.6297[0m          | [32m↑ 3.2745[0m           
mlp_reduce | 3      | [31m9113.134[0m           | [32m4920.258[0m            | [31m0m 0.642s[0m          | [32m0m 0.165s[0m           | [32m↑ 1.8522[0m          | [32m↑ 3.8892[0m           
qkv        | 3      | [31m1406.208[0m           | [32m1327.591[0m            | [31m0m 0.477s[0m          | [32m0m 0.168s[0m           | [32m↑ 1.0592[0m          | [32m↑ 2.8386[0m           
2026-04-08 12:18:18,892 | INFO | Full tune_tir series time | baseline=29m 22.121s (1762.121s) | candidate=5m 41.671s (341.671s)
2026-04-08 12:18:18,892 | INFO | Overall comparison summary:
num_shapes | base_lat_gm_us | cand_lat_gm_us | base_total_tune_tir | cand_total_tune_tir | base_total_tune_s | cand_total_tune_s | latency_retention | exec_time_reduction
-----------+----------------+----------------+---------------------+---------------------+-------------------+-------------------+-------------------+--------------------
9          | [31m4228.363[0m       | [32m3940.724[0m       | [31m29m 22.121s[0m         | [32m5m 41.671s[0m          | [31m1762.121[0m          | [32m341.671[0m           | [32m↑ 1.0730[0m          | [32m↑ 5.1574[0m           
2026-04-08 12:18:18,973 | INFO | Comparison completed
2026-04-08 12:18:18,974 | INFO | Comparison details written to research/results/metaschedule/comparison_results.json (id=5d9c77f938472184)
2026-04-08 12:18:18,974 | INFO | Comparison retention= [32m↑ 1.0730[0m total_tune_tir_time_reduction= [32m↑ 5.1574[0m
2026-04-08 15:14:04,081 | INFO | Starting 80/20 MetaSchedule tuner
2026-04-08 15:14:04,082 | INFO | Target: llvm -keys=cpu -mtriple=x86_64-pc-linux-gnu -num-cores=8
2026-04-08 15:14:04,082 | INFO | Work dir base: research/results/metaschedule/8020
2026-04-08 15:14:04,102 | INFO | Profile: i5-1235u
2026-04-08 15:14:04,137 | INFO | Kernels: qkv, mlp_expand, mlp_reduce
2026-04-08 15:14:04,137 | INFO | Representative subset tasks: 9
2026-04-08 15:14:04,137 | INFO |   - kernel=qkv M=16 K=768 N=768 (small)
2026-04-08 15:14:04,137 | INFO |   - kernel=qkv M=128 K=768 N=768 (medium)
2026-04-08 15:14:04,137 | INFO |   - kernel=qkv M=384 K=768 N=768 (large)
2026-04-08 15:14:04,137 | INFO |   - kernel=mlp_expand M=16 K=768 N=3072 (small)
2026-04-08 15:14:04,138 | INFO |   - kernel=mlp_expand M=128 K=768 N=3072 (medium)
2026-04-08 15:14:04,138 | INFO |   - kernel=mlp_expand M=384 K=768 N=3072 (large)
2026-04-08 15:14:04,138 | INFO |   - kernel=mlp_reduce M=16 K=3072 N=768 (small)
2026-04-08 15:14:04,138 | INFO |   - kernel=mlp_reduce M=128 K=3072 N=768 (medium)
2026-04-08 15:14:04,138 | INFO |   - kernel=mlp_reduce M=384 K=3072 N=768 (large)
2026-04-08 15:14:04,144 | INFO | Loaded 24 historical best schedules for heuristic biasing
2026-04-08 15:14:04,175 | INFO | Reusing cached experiment: compare:iter1:00f2915d00a23c49:4f24efee69155703:bench
2026-04-08 15:14:04,177 | INFO | Reusing cached experiment: compare:iter1:737afb813d7b01eb:4f24efee69155703:bench
2026-04-08 15:14:04,178 | INFO | Per-task latency comparison table:
shape             | baseline_latency_us | candidate_latency_us | baseline_task_tune_time | candidate_task_tune_time | latency_retention | exec_time_reduction
------------------+---------------------+----------------------+-------------------------+--------------------------+-------------------+--------------------
mlp_expand[M=16]  | [31m1246.701[0m            | [32m1044.181[0m             | [31m0m 0.191s[0m               | [32m0m 0.055s[0m                | [32m↑ 1.194[0m           | [32m↑ 3.470[0m            
mlp_expand[M=128] | [32m6293.337[0m            | [31m8972.476[0m             | [31m0m 0.201s[0m               | [32m0m 0.058s[0m                | [31m↓ 0.701[0m           | [32m↑ 3.457[0m            
mlp_expand[M=384] | [32m26167.088[0m           | [31m87768.813[0m            | [31m0m 0.175s[0m               | [32m0m 0.060s[0m                | [31m↓ 0.298[0m           | [32m↑ 2.917[0m            
mlp_reduce[M=16]  | [31m1404.974[0m            | [32m1115.983[0m             | [31m0m 0.192s[0m               | [32m0m 0.054s[0m                | [32m↑ 1.259[0m           | [32m↑ 3.554[0m            
mlp_reduce[M=128] | [31m6380.272[0m            | [32m5761.249[0m             | [31m0m 0.252s[0m               | [32m0m 0.055s[0m                | [32m↑ 1.107[0m           | [32m↑ 4.580[0m            
mlp_reduce[M=384] | [31m84429.805[0m           | [32m18526.324[0m            | [31m0m 0.198s[0m               | [32m0m 0.056s[0m                | [32m↑ 4.557[0m           | [32m↑ 3.535[0m            
qkv[M=16]         | [31m218.062[0m             | [32m208.667[0m              | [31m0m 0.104s[0m               | [32m0m 0.061s[0m                | [32m↑ 1.045[0m           | [32m↑ 1.721[0m            
qkv[M=128]        | [31m2148.360[0m            | [32m1680.524[0m             | [31m0m 0.149s[0m               | [32m0m 0.052s[0m                | [32m↑ 1.278[0m           | [32m↑ 2.898[0m            
qkv[M=384]        | [32m5935.548[0m            | [31m6672.579[0m             | [31m0m 0.224s[0m               | [32m0m 0.056s[0m                | [31m↓ 0.890[0m           | [32m↑ 3.991[0m            
2026-04-08 15:14:04,178 | INFO | Per-kernel geomean comparison table:
kernel     | shapes | baseline_lat_gm_us | candidate_lat_gm_us | baseline_tune_time | candidate_tune_time | latency_retention | exec_time_reduction
-----------+--------+--------------------+---------------------+--------------------+---------------------+-------------------+--------------------
mlp_expand | 3      | [32m5899.287[0m           | [31m9368.630[0m            | [31m0m 0.567s[0m          | [32m0m 0.173s[0m           | [31m↓ 0.6297[0m          | [32m↑ 3.2745[0m           
mlp_reduce | 3      | [31m9113.134[0m           | [32m4920.258[0m            | [31m0m 0.642s[0m          | [32m0m 0.165s[0m           | [32m↑ 1.8522[0m          | [32m↑ 3.8892[0m           
qkv        | 3      | [31m1406.208[0m           | [32m1327.591[0m            | [31m0m 0.477s[0m          | [32m0m 0.168s[0m           | [32m↑ 1.0592[0m          | [32m↑ 2.8386[0m           
2026-04-08 15:14:04,178 | INFO | Full tune_tir series time | baseline=29m 22.121s (1762.121s) | candidate=5m 41.671s (341.671s)
2026-04-08 15:14:04,179 | INFO | Overall comparison summary:
num_shapes | base_lat_gm_us | cand_lat_gm_us | base_total_tune_tir | cand_total_tune_tir | base_total_tune_s | cand_total_tune_s | latency_retention | exec_time_reduction
-----------+----------------+----------------+---------------------+---------------------+-------------------+-------------------+-------------------+--------------------
9          | [31m4228.363[0m       | [32m3940.724[0m       | [31m29m 22.121s[0m         | [32m5m 41.671s[0m          | [31m1762.121[0m          | [32m341.671[0m           | [32m↑ 1.0730[0m          | [32m↑ 5.1574[0m           
2026-04-08 15:14:22,444 | INFO | Comparison completed
2026-04-08 15:14:22,445 | INFO | Comparison details written to research/results/metaschedule/comparison_results.json (id=8108b9c0f21bb2cc)
2026-04-08 15:14:22,445 | INFO | Comparison retention= [32m↑ 1.0730[0m total_tune_tir_time_reduction= [32m↑ 5.1574[0m
2026-04-08 15:24:32,999 | INFO | Starting 80/20 MetaSchedule tuner
2026-04-08 15:24:32,999 | INFO | Target: llvm -keys=cpu -mtriple=x86_64-pc-linux-gnu -num-cores=8
2026-04-08 15:24:32,999 | INFO | Work dir base: research/results/metaschedule/8020
2026-04-08 15:24:33,020 | INFO | Profile: i5-1235u
2026-04-08 15:24:33,046 | INFO | Kernels: qkv, mlp_expand, mlp_reduce
2026-04-08 15:24:33,046 | INFO | Representative subset tasks: 9
2026-04-08 15:24:33,048 | INFO |   - kernel=qkv M=16 K=768 N=768 (small)
2026-04-08 15:24:33,048 | INFO |   - kernel=qkv M=128 K=768 N=768 (medium)
2026-04-08 15:24:33,048 | INFO |   - kernel=qkv M=384 K=768 N=768 (large)
2026-04-08 15:24:33,049 | INFO |   - kernel=mlp_expand M=16 K=768 N=3072 (small)
2026-04-08 15:24:33,049 | INFO |   - kernel=mlp_expand M=128 K=768 N=3072 (medium)
2026-04-08 15:24:33,049 | INFO |   - kernel=mlp_expand M=384 K=768 N=3072 (large)
2026-04-08 15:24:33,049 | INFO |   - kernel=mlp_reduce M=16 K=3072 N=768 (small)
2026-04-08 15:24:33,049 | INFO |   - kernel=mlp_reduce M=128 K=3072 N=768 (medium)
2026-04-08 15:24:33,049 | INFO |   - kernel=mlp_reduce M=384 K=3072 N=768 (large)
2026-04-08 15:24:33,051 | INFO | Loaded 24 historical best schedules for heuristic biasing
2026-04-08 15:24:33,065 | INFO | Reusing cached experiment: compare:iter1:00f2915d00a23c49:4f24efee69155703:bench
2026-04-08 15:24:33,066 | INFO | Reusing cached experiment: compare:iter1:737afb813d7b01eb:4f24efee69155703:bench
2026-04-08 15:24:33,067 | INFO | Per-task latency comparison table:
shape             | baseline_latency_us | candidate_latency_us | baseline_task_tune_time | candidate_task_tune_time | latency_retention | exec_time_reduction
------------------+---------------------+----------------------+-------------------------+--------------------------+-------------------+--------------------
mlp_expand[M=16]  | [31m1246.701[0m            | [32m1044.181[0m             | [31m0m 0.191s[0m               | [32m0m 0.055s[0m                | [32m↑ 1.194[0m           | [32m↑ 3.470[0m            
mlp_expand[M=128] | [32m6293.337[0m            | [31m8972.476[0m             | [31m0m 0.201s[0m               | [32m0m 0.058s[0m                | [31m↓ 0.701[0m           | [32m↑ 3.457[0m            
mlp_expand[M=384] | [32m26167.088[0m           | [31m87768.813[0m            | [31m0m 0.175s[0m               | [32m0m 0.060s[0m                | [31m↓ 0.298[0m           | [32m↑ 2.917[0m            
mlp_reduce[M=16]  | [31m1404.974[0m            | [32m1115.983[0m             | [31m0m 0.192s[0m               | [32m0m 0.054s[0m                | [32m↑ 1.259[0m           | [32m↑ 3.554[0m            
mlp_reduce[M=128] | [31m6380.272[0m            | [32m5761.249[0m             | [31m0m 0.252s[0m               | [32m0m 0.055s[0m                | [32m↑ 1.107[0m           | [32m↑ 4.580[0m            
mlp_reduce[M=384] | [31m84429.805[0m           | [32m18526.324[0m            | [31m0m 0.198s[0m               | [32m0m 0.056s[0m                | [32m↑ 4.557[0m           | [32m↑ 3.535[0m            
qkv[M=16]         | [31m218.062[0m             | [32m208.667[0m              | [31m0m 0.104s[0m               | [32m0m 0.061s[0m                | [32m↑ 1.045[0m           | [32m↑ 1.721[0m            
qkv[M=128]        | [31m2148.360[0m            | [32m1680.524[0m             | [31m0m 0.149s[0m               | [32m0m 0.052s[0m                | [32m↑ 1.278[0m           | [32m↑ 2.898[0m            
qkv[M=384]        | [32m5935.548[0m            | [31m6672.579[0m             | [31m0m 0.224s[0m               | [32m0m 0.056s[0m                | [31m↓ 0.890[0m           | [32m↑ 3.991[0m            
2026-04-08 15:24:33,067 | INFO | Per-kernel geomean comparison table:
kernel     | shapes | baseline_lat_gm_us | candidate_lat_gm_us | baseline_tune_time | candidate_tune_time | latency_retention | exec_time_reduction
-----------+--------+--------------------+---------------------+--------------------+---------------------+-------------------+--------------------
mlp_expand | 3      | [32m5899.287[0m           | [31m9368.630[0m            | [31m0m 0.567s[0m          | [32m0m 0.173s[0m           | [31m↓ 0.6297[0m          | [32m↑ 3.2745[0m           
mlp_reduce | 3      | [31m9113.134[0m           | [32m4920.258[0m            | [31m0m 0.642s[0m          | [32m0m 0.165s[0m           | [32m↑ 1.8522[0m          | [32m↑ 3.8892[0m           
qkv        | 3      | [31m1406.208[0m           | [32m1327.591[0m            | [31m0m 0.477s[0m          | [32m0m 0.168s[0m           | [32m↑ 1.0592[0m          | [32m↑ 2.8386[0m           
2026-04-08 15:24:33,067 | INFO | Full tune_tir series time | baseline=29m 22.121s (1762.121s) | candidate=5m 41.671s (341.671s)
2026-04-08 15:24:33,067 | INFO | Overall comparison summary:
num_shapes | base_lat_gm_us | cand_lat_gm_us | base_total_tune_tir | cand_total_tune_tir | base_total_tune_s | cand_total_tune_s | latency_retention | exec_time_reduction
-----------+----------------+----------------+---------------------+---------------------+-------------------+-------------------+-------------------+--------------------
9          | [31m4228.363[0m       | [32m3940.724[0m       | [31m29m 22.121s[0m         | [32m5m 41.671s[0m          | [31m1762.121[0m          | [32m341.671[0m           | [32m↑ 1.0730[0m          | [32m↑ 5.1574[0m           
2026-04-08 15:25:58,204 | INFO | Comparison completed
2026-04-08 15:25:58,204 | INFO | Comparison details written to research/results/metaschedule/comparison_results.json (id=9ab5f6b26f609711)
2026-04-08 15:25:58,204 | INFO | Comparison retention= [32m↑ 1.0730[0m total_tune_tir_time_reduction= [32m↑ 5.1574[0m
2026-04-08 15:29:12,975 | INFO | Starting 80/20 MetaSchedule tuner
2026-04-08 15:29:12,975 | INFO | Target: llvm -keys=cpu -mtriple=x86_64-pc-linux-gnu -num-cores=8
2026-04-08 15:29:12,976 | INFO | Work dir base: research/results/metaschedule/8020
2026-04-08 15:29:12,980 | INFO | Profile: i5-1235u
2026-04-08 15:29:13,006 | INFO | Kernels: qkv, mlp_expand, mlp_reduce
2026-04-08 15:29:13,006 | INFO | Representative subset tasks: 9
2026-04-08 15:29:13,006 | INFO |   - kernel=qkv M=16 K=768 N=768 (small)
2026-04-08 15:29:13,006 | INFO |   - kernel=qkv M=128 K=768 N=768 (medium)
2026-04-08 15:29:13,006 | INFO |   - kernel=qkv M=384 K=768 N=768 (large)
2026-04-08 15:29:13,006 | INFO |   - kernel=mlp_expand M=16 K=768 N=3072 (small)
2026-04-08 15:29:13,006 | INFO |   - kernel=mlp_expand M=128 K=768 N=3072 (medium)
2026-04-08 15:29:13,006 | INFO |   - kernel=mlp_expand M=384 K=768 N=3072 (large)
2026-04-08 15:29:13,007 | INFO |   - kernel=mlp_reduce M=16 K=3072 N=768 (small)
2026-04-08 15:29:13,007 | INFO |   - kernel=mlp_reduce M=128 K=3072 N=768 (medium)
2026-04-08 15:29:13,007 | INFO |   - kernel=mlp_reduce M=384 K=3072 N=768 (large)
2026-04-08 15:29:13,008 | INFO | Loaded 24 historical best schedules for heuristic biasing
2026-04-08 15:29:13,019 | INFO | Reusing cached experiment: compare:iter1:00f2915d00a23c49:4f24efee69155703:bench
2026-04-08 15:29:13,020 | INFO | Reusing cached experiment: compare:iter1:737afb813d7b01eb:4f24efee69155703:bench
2026-04-08 15:29:13,020 | INFO | Per-task latency comparison table:
shape             | baseline_latency_us | candidate_latency_us | baseline_task_tune_time | candidate_task_tune_time | latency_retention | exec_time_reduction
------------------+---------------------+----------------------+-------------------------+--------------------------+-------------------+--------------------
mlp_expand[M=16]  | [31m1246.701[0m            | [32m1044.181[0m             | [31m0m 0.191s[0m               | [32m0m 0.055s[0m                | [32m↑ 1.194[0m           | [32m↑ 3.470[0m            
mlp_expand[M=128] | [32m6293.337[0m            | [31m8972.476[0m             | [31m0m 0.201s[0m               | [32m0m 0.058s[0m                | [31m↓ 0.701[0m           | [32m↑ 3.457[0m            
mlp_expand[M=384] | [32m26167.088[0m           | [31m87768.813[0m            | [31m0m 0.175s[0m               | [32m0m 0.060s[0m                | [31m↓ 0.298[0m           | [32m↑ 2.917[0m            
mlp_reduce[M=16]  | [31m1404.974[0m            | [32m1115.983[0m             | [31m0m 0.192s[0m               | [32m0m 0.054s[0m                | [32m↑ 1.259[0m           | [32m↑ 3.554[0m            
mlp_reduce[M=128] | [31m6380.272[0m            | [32m5761.249[0m             | [31m0m 0.252s[0m               | [32m0m 0.055s[0m                | [32m↑ 1.107[0m           | [32m↑ 4.580[0m            
mlp_reduce[M=384] | [31m84429.805[0m           | [32m18526.324[0m            | [31m0m 0.198s[0m               | [32m0m 0.056s[0m                | [32m↑ 4.557[0m           | [32m↑ 3.535[0m            
qkv[M=16]         | [31m218.062[0m             | [32m208.667[0m              | [31m0m 0.104s[0m               | [32m0m 0.061s[0m                | [32m↑ 1.045[0m           | [32m↑ 1.721[0m            
qkv[M=128]        | [31m2148.360[0m            | [32m1680.524[0m             | [31m0m 0.149s[0m               | [32m0m 0.052s[0m                | [32m↑ 1.278[0m           | [32m↑ 2.898[0m            
qkv[M=384]        | [32m5935.548[0m            | [31m6672.579[0m             | [31m0m 0.224s[0m               | [32m0m 0.056s[0m                | [31m↓ 0.890[0m           | [32m↑ 3.991[0m            
2026-04-08 15:29:13,020 | INFO | Per-kernel geomean comparison table:
kernel     | shapes | baseline_lat_gm_us | candidate_lat_gm_us | baseline_tune_time | candidate_tune_time | latency_retention | exec_time_reduction
-----------+--------+--------------------+---------------------+--------------------+---------------------+-------------------+--------------------
mlp_expand | 3      | [32m5899.287[0m           | [31m9368.630[0m            | [31m0m 0.567s[0m          | [32m0m 0.173s[0m           | [31m↓ 0.6297[0m          | [32m↑ 3.2745[0m           
mlp_reduce | 3      | [31m9113.134[0m           | [32m4920.258[0m            | [31m0m 0.642s[0m          | [32m0m 0.165s[0m           | [32m↑ 1.8522[0m          | [32m↑ 3.8892[0m           
qkv        | 3      | [31m1406.208[0m           | [32m1327.591[0m            | [31m0m 0.477s[0m          | [32m0m 0.168s[0m           | [32m↑ 1.0592[0m          | [32m↑ 2.8386[0m           
2026-04-08 15:29:13,020 | INFO | Full tune_tir series time | baseline=29m 22.121s (1762.121s) | candidate=5m 41.671s (341.671s)
2026-04-08 15:29:13,020 | INFO | Overall comparison summary:
num_shapes | base_lat_gm_us | cand_lat_gm_us | base_total_tune_tir | cand_total_tune_tir | base_total_tune_s | cand_total_tune_s | latency_retention | exec_time_reduction
-----------+----------------+----------------+---------------------+---------------------+-------------------+-------------------+-------------------+--------------------
9          | [31m4228.363[0m       | [32m3940.724[0m       | [31m29m 22.121s[0m         | [32m5m 41.671s[0m          | [31m1762.121[0m          | [32m341.671[0m           | [32m↑ 1.0730[0m          | [32m↑ 5.1574[0m           
2026-04-08 15:29:36,010 | INFO | Comparison completed
2026-04-08 15:29:36,011 | INFO | Comparison details written to research/results/metaschedule/comparison_results.json (id=f3ba5ff550ddb13d)
2026-04-08 15:29:36,011 | INFO | Comparison retention= [32m↑ 1.0730[0m total_tune_tir_time_reduction= [32m↑ 5.1574[0m
2026-04-08 15:32:15,252 | INFO | Starting 80/20 MetaSchedule tuner
2026-04-08 15:32:15,252 | INFO | Target: llvm -keys=cpu -mtriple=x86_64-pc-linux-gnu -num-cores=8
2026-04-08 15:32:15,252 | INFO | Work dir base: research/results/metaschedule/8020
2026-04-08 15:32:15,256 | INFO | Profile: i5-1235u
2026-04-08 15:32:15,282 | INFO | Kernels: qkv, mlp_expand, mlp_reduce
2026-04-08 15:32:15,282 | INFO | Representative subset tasks: 9
2026-04-08 15:32:15,282 | INFO |   - kernel=qkv M=16 K=768 N=768 (small)
2026-04-08 15:32:15,282 | INFO |   - kernel=qkv M=128 K=768 N=768 (medium)
2026-04-08 15:32:15,282 | INFO |   - kernel=qkv M=384 K=768 N=768 (large)
2026-04-08 15:32:15,282 | INFO |   - kernel=mlp_expand M=16 K=768 N=3072 (small)
2026-04-08 15:32:15,282 | INFO |   - kernel=mlp_expand M=128 K=768 N=3072 (medium)
2026-04-08 15:32:15,282 | INFO |   - kernel=mlp_expand M=384 K=768 N=3072 (large)
2026-04-08 15:32:15,282 | INFO |   - kernel=mlp_reduce M=16 K=3072 N=768 (small)
2026-04-08 15:32:15,282 | INFO |   - kernel=mlp_reduce M=128 K=3072 N=768 (medium)
2026-04-08 15:32:15,282 | INFO |   - kernel=mlp_reduce M=384 K=3072 N=768 (large)
2026-04-08 15:32:15,284 | INFO | Loaded 24 historical best schedules for heuristic biasing
2026-04-08 15:32:15,297 | INFO | Reusing cached experiment: compare:iter1:00f2915d00a23c49:4f24efee69155703:bench
2026-04-08 15:32:15,298 | INFO | Reusing cached experiment: compare:iter1:737afb813d7b01eb:4f24efee69155703:bench
2026-04-08 15:32:15,298 | INFO | Per-task latency comparison table:
shape             | baseline_latency_us | candidate_latency_us | baseline_task_tune_time | candidate_task_tune_time | latency_retention | exec_time_reduction
------------------+---------------------+----------------------+-------------------------+--------------------------+-------------------+--------------------
mlp_expand[M=16]  | [31m1246.701[0m            | [32m1044.181[0m             | [31m0m 0.191s[0m               | [32m0m 0.055s[0m                | [32m↑ 1.194[0m           | [32m↑ 3.470[0m            
mlp_expand[M=128] | [32m6293.337[0m            | [31m8972.476[0m             | [31m0m 0.201s[0m               | [32m0m 0.058s[0m                | [31m↓ 0.701[0m           | [32m↑ 3.457[0m            
mlp_expand[M=384] | [32m26167.088[0m           | [31m87768.813[0m            | [31m0m 0.175s[0m               | [32m0m 0.060s[0m                | [31m↓ 0.298[0m           | [32m↑ 2.917[0m            
mlp_reduce[M=16]  | [31m1404.974[0m            | [32m1115.983[0m             | [31m0m 0.192s[0m               | [32m0m 0.054s[0m                | [32m↑ 1.259[0m           | [32m↑ 3.554[0m            
mlp_reduce[M=128] | [31m6380.272[0m            | [32m5761.249[0m             | [31m0m 0.252s[0m               | [32m0m 0.055s[0m                | [32m↑ 1.107[0m           | [32m↑ 4.580[0m            
mlp_reduce[M=384] | [31m84429.805[0m           | [32m18526.324[0m            | [31m0m 0.198s[0m               | [32m0m 0.056s[0m                | [32m↑ 4.557[0m           | [32m↑ 3.535[0m            
qkv[M=16]         | [31m218.062[0m             | [32m208.667[0m              | [31m0m 0.104s[0m               | [32m0m 0.061s[0m                | [32m↑ 1.045[0m           | [32m↑ 1.721[0m            
qkv[M=128]        | [31m2148.360[0m            | [32m1680.524[0m             | [31m0m 0.149s[0m               | [32m0m 0.052s[0m                | [32m↑ 1.278[0m           | [32m↑ 2.898[0m            
qkv[M=384]        | [32m5935.548[0m            | [31m6672.579[0m             | [31m0m 0.224s[0m               | [32m0m 0.056s[0m                | [31m↓ 0.890[0m           | [32m↑ 3.991[0m            
2026-04-08 15:32:15,298 | INFO | Per-kernel geomean comparison table:
kernel     | shapes | baseline_lat_gm_us | candidate_lat_gm_us | baseline_tune_time | candidate_tune_time | latency_retention | exec_time_reduction
-----------+--------+--------------------+---------------------+--------------------+---------------------+-------------------+--------------------
mlp_expand | 3      | [32m5899.287[0m           | [31m9368.630[0m            | [31m0m 0.567s[0m          | [32m0m 0.173s[0m           | [31m↓ 0.6297[0m          | [32m↑ 3.2745[0m           
mlp_reduce | 3      | [31m9113.134[0m           | [32m4920.258[0m            | [31m0m 0.642s[0m          | [32m0m 0.165s[0m           | [32m↑ 1.8522[0m          | [32m↑ 3.8892[0m           
qkv        | 3      | [31m1406.208[0m           | [32m1327.591[0m            | [31m0m 0.477s[0m          | [32m0m 0.168s[0m           | [32m↑ 1.0592[0m          | [32m↑ 2.8386[0m           
2026-04-08 15:32:15,298 | INFO | Full tune_tir series time | baseline=29m 22.121s (1762.121s) | candidate=5m 41.671s (341.671s)
2026-04-08 15:32:15,298 | INFO | Overall comparison summary:
num_shapes | base_lat_gm_us | cand_lat_gm_us | base_total_tune_tir | cand_total_tune_tir | base_total_tune_s | cand_total_tune_s | latency_retention | exec_time_reduction
-----------+----------------+----------------+---------------------+---------------------+-------------------+-------------------+-------------------+--------------------
9          | [31m4228.363[0m       | [32m3940.724[0m       | [31m29m 22.121s[0m         | [32m5m 41.671s[0m          | [31m1762.121[0m          | [32m341.671[0m           | [32m↑ 1.0730[0m          | [32m↑ 5.1574[0m           
2026-04-08 15:33:11,500 | INFO | Comparison completed
2026-04-08 15:33:11,500 | INFO | Comparison details written to research/results/metaschedule/comparison_results.json (id=ccbb5affcd2ea6bc)
2026-04-08 15:33:11,500 | INFO | Comparison retention= [32m↑ 1.0730[0m total_tune_tir_time_reduction= [32m↑ 5.1574[0m
2026-04-08 15:44:32,886 | INFO | Starting 80/20 MetaSchedule tuner
2026-04-08 15:44:32,887 | INFO | Target: llvm -keys=cpu -mtriple=x86_64-pc-linux-gnu -num-cores=8
2026-04-08 15:44:32,887 | INFO | Work dir base: research/results/metaschedule/8020
2026-04-08 15:44:32,894 | INFO | Profile: i5-1235u
2026-04-08 15:44:32,926 | INFO | Kernels: qkv, mlp_expand, mlp_reduce
2026-04-08 15:44:32,926 | INFO | Representative subset tasks: 9
2026-04-08 15:44:32,926 | INFO |   - kernel=qkv M=16 K=768 N=768 (small)
2026-04-08 15:44:32,926 | INFO |   - kernel=qkv M=128 K=768 N=768 (medium)
2026-04-08 15:44:32,927 | INFO |   - kernel=qkv M=384 K=768 N=768 (large)
2026-04-08 15:44:32,927 | INFO |   - kernel=mlp_expand M=16 K=768 N=3072 (small)
2026-04-08 15:44:32,927 | INFO |   - kernel=mlp_expand M=128 K=768 N=3072 (medium)
2026-04-08 15:44:32,927 | INFO |   - kernel=mlp_expand M=384 K=768 N=3072 (large)
2026-04-08 15:44:32,927 | INFO |   - kernel=mlp_reduce M=16 K=3072 N=768 (small)
2026-04-08 15:44:32,927 | INFO |   - kernel=mlp_reduce M=128 K=3072 N=768 (medium)
2026-04-08 15:44:32,927 | INFO |   - kernel=mlp_reduce M=384 K=3072 N=768 (large)
2026-04-08 15:44:32,930 | INFO | Loaded 24 historical best schedules for heuristic biasing
2026-04-08 15:44:33,013 | INFO | Reusing cached experiment: compare:iter1:00f2915d00a23c49:4f24efee69155703:bench
2026-04-08 15:44:33,014 | INFO | Reusing cached experiment: compare:iter1:737afb813d7b01eb:4f24efee69155703:bench
2026-04-08 15:44:33,015 | INFO | Per-task latency comparison table:
shape             | baseline_latency_us | candidate_latency_us | baseline_task_tune_time | candidate_task_tune_time | latency_retention | exec_time_reduction
------------------+---------------------+----------------------+-------------------------+--------------------------+-------------------+--------------------
mlp_expand[M=16]  | [31m1246.701[0m            | [32m1044.181[0m             | [31m0m 0.191s[0m               | [32m0m 0.055s[0m                | [32m↑ 1.194[0m           | [32m↑ 3.470[0m            
mlp_expand[M=128] | [32m6293.337[0m            | [31m8972.476[0m             | [31m0m 0.201s[0m               | [32m0m 0.058s[0m                | [31m↓ 0.701[0m           | [32m↑ 3.457[0m            
mlp_expand[M=384] | [32m26167.088[0m           | [31m87768.813[0m            | [31m0m 0.175s[0m               | [32m0m 0.060s[0m                | [31m↓ 0.298[0m           | [32m↑ 2.917[0m            
mlp_reduce[M=16]  | [31m1404.974[0m            | [32m1115.983[0m             | [31m0m 0.192s[0m               | [32m0m 0.054s[0m                | [32m↑ 1.259[0m           | [32m↑ 3.554[0m            
mlp_reduce[M=128] | [31m6380.272[0m            | [32m5761.249[0m             | [31m0m 0.252s[0m               | [32m0m 0.055s[0m                | [32m↑ 1.107[0m           | [32m↑ 4.580[0m            
mlp_reduce[M=384] | [31m84429.805[0m           | [32m18526.324[0m            | [31m0m 0.198s[0m               | [32m0m 0.056s[0m                | [32m↑ 4.557[0m           | [32m↑ 3.535[0m            
qkv[M=16]         | [31m218.062[0m             | [32m208.667[0m              | [31m0m 0.104s[0m               | [32m0m 0.061s[0m                | [32m↑ 1.045[0m           | [32m↑ 1.721[0m            
qkv[M=128]        | [31m2148.360[0m            | [32m1680.524[0m             | [31m0m 0.149s[0m               | [32m0m 0.052s[0m                | [32m↑ 1.278[0m           | [32m↑ 2.898[0m            
qkv[M=384]        | [32m5935.548[0m            | [31m6672.579[0m             | [31m0m 0.224s[0m               | [32m0m 0.056s[0m                | [31m↓ 0.890[0m           | [32m↑ 3.991[0m            
2026-04-08 15:44:33,015 | INFO | Per-kernel geomean comparison table:
kernel     | shapes | baseline_lat_gm_us | candidate_lat_gm_us | baseline_tune_time | candidate_tune_time | latency_retention | exec_time_reduction
-----------+--------+--------------------+---------------------+--------------------+---------------------+-------------------+--------------------
mlp_expand | 3      | [32m5899.287[0m           | [31m9368.630[0m            | [31m0m 0.567s[0m          | [32m0m 0.173s[0m           | [31m↓ 0.6297[0m          | [32m↑ 3.2745[0m           
mlp_reduce | 3      | [31m9113.134[0m           | [32m4920.258[0m            | [31m0m 0.642s[0m          | [32m0m 0.165s[0m           | [32m↑ 1.8522[0m          | [32m↑ 3.8892[0m           
qkv        | 3      | [31m1406.208[0m           | [32m1327.591[0m            | [31m0m 0.477s[0m          | [32m0m 0.168s[0m           | [32m↑ 1.0592[0m          | [32m↑ 2.8386[0m           
2026-04-08 15:44:33,015 | INFO | Full tune_tir series time | baseline=29m 22.121s (1762.121s) | candidate=5m 41.671s (341.671s)
2026-04-08 15:44:33,015 | INFO | Overall comparison summary:
num_shapes | base_lat_gm_us | cand_lat_gm_us | base_total_tune_tir | cand_total_tune_tir | base_total_tune_s | cand_total_tune_s | latency_retention | exec_time_reduction
-----------+----------------+----------------+---------------------+---------------------+-------------------+-------------------+-------------------+--------------------
9          | [31m4228.363[0m       | [32m3940.724[0m       | [31m29m 22.121s[0m         | [32m5m 41.671s[0m          | [31m1762.121[0m          | [32m341.671[0m           | [32m↑ 1.0730[0m          | [32m↑ 5.1574[0m           
2026-04-08 15:44:45,613 | INFO | Comparison completed
2026-04-08 15:44:45,613 | INFO | Comparison details written to research/results/metaschedule/comparison_results.json (id=3b8f0f236ffb5b99)
2026-04-08 15:44:45,613 | INFO | Comparison retention= [32m↑ 1.0730[0m total_tune_tir_time_reduction= [32m↑ 5.1574[0m
2026-04-08 15:45:05,513 | INFO | Starting 80/20 MetaSchedule tuner
2026-04-08 15:45:05,513 | INFO | Target: llvm -keys=cpu -mtriple=x86_64-pc-linux-gnu -num-cores=8
2026-04-08 15:45:05,514 | INFO | Work dir base: research/results/metaschedule/8020
2026-04-08 15:45:05,521 | INFO | Profile: i5-1235u
2026-04-08 15:45:05,563 | INFO | Kernels: qkv, mlp_expand, mlp_reduce
2026-04-08 15:45:05,563 | INFO | Representative subset tasks: 9
2026-04-08 15:45:05,563 | INFO |   - kernel=qkv M=16 K=768 N=768 (small)
2026-04-08 15:45:05,563 | INFO |   - kernel=qkv M=128 K=768 N=768 (medium)
2026-04-08 15:45:05,563 | INFO |   - kernel=qkv M=384 K=768 N=768 (large)
2026-04-08 15:45:05,564 | INFO |   - kernel=mlp_expand M=16 K=768 N=3072 (small)
2026-04-08 15:45:05,564 | INFO |   - kernel=mlp_expand M=128 K=768 N=3072 (medium)
2026-04-08 15:45:05,564 | INFO |   - kernel=mlp_expand M=384 K=768 N=3072 (large)
2026-04-08 15:45:05,564 | INFO |   - kernel=mlp_reduce M=16 K=3072 N=768 (small)
2026-04-08 15:45:05,564 | INFO |   - kernel=mlp_reduce M=128 K=3072 N=768 (medium)
2026-04-08 15:45:05,564 | INFO |   - kernel=mlp_reduce M=384 K=3072 N=768 (large)
2026-04-08 15:45:05,567 | INFO | Loaded 24 historical best schedules for heuristic biasing
2026-04-08 15:45:05,591 | INFO | Reusing cached experiment: compare:iter1:00f2915d00a23c49:4f24efee69155703:bench
2026-04-08 15:45:05,591 | INFO | Reusing cached experiment: compare:iter1:737afb813d7b01eb:4f24efee69155703:bench
2026-04-08 15:45:05,592 | INFO | Per-task latency comparison table:
shape             | baseline_latency_us | candidate_latency_us | baseline_task_tune_time | candidate_task_tune_time | latency_retention | exec_time_reduction
------------------+---------------------+----------------------+-------------------------+--------------------------+-------------------+--------------------
mlp_expand[M=16]  | [31m1246.701[0m            | [32m1044.181[0m             | [31m0m 0.191s[0m               | [32m0m 0.055s[0m                | [32m↑ 1.194[0m           | [32m↑ 3.470[0m            
mlp_expand[M=128] | [32m6293.337[0m            | [31m8972.476[0m             | [31m0m 0.201s[0m               | [32m0m 0.058s[0m                | [31m↓ 0.701[0m           | [32m↑ 3.457[0m            
mlp_expand[M=384] | [32m26167.088[0m           | [31m87768.813[0m            | [31m0m 0.175s[0m               | [32m0m 0.060s[0m                | [31m↓ 0.298[0m           | [32m↑ 2.917[0m            
mlp_reduce[M=16]  | [31m1404.974[0m            | [32m1115.983[0m             | [31m0m 0.192s[0m               | [32m0m 0.054s[0m                | [32m↑ 1.259[0m           | [32m↑ 3.554[0m            
mlp_reduce[M=128] | [31m6380.272[0m            | [32m5761.249[0m             | [31m0m 0.252s[0m               | [32m0m 0.055s[0m                | [32m↑ 1.107[0m           | [32m↑ 4.580[0m            
mlp_reduce[M=384] | [31m84429.805[0m           | [32m18526.324[0m            | [31m0m 0.198s[0m               | [32m0m 0.056s[0m                | [32m↑ 4.557[0m           | [32m↑ 3.535[0m            
qkv[M=16]         | [31m218.062[0m             | [32m208.667[0m              | [31m0m 0.104s[0m               | [32m0m 0.061s[0m                | [32m↑ 1.045[0m           | [32m↑ 1.721[0m            
qkv[M=128]        | [31m2148.360[0m            | [32m1680.524[0m             | [31m0m 0.149s[0m               | [32m0m 0.052s[0m                | [32m↑ 1.278[0m           | [32m↑ 2.898[0m            
qkv[M=384]        | [32m5935.548[0m            | [31m6672.579[0m             | [31m0m 0.224s[0m               | [32m0m 0.056s[0m                | [31m↓ 0.890[0m           | [32m↑ 3.991[0m            
2026-04-08 15:45:05,592 | INFO | Per-kernel geomean comparison table:
kernel     | shapes | baseline_lat_gm_us | candidate_lat_gm_us | baseline_tune_time | candidate_tune_time | latency_retention | exec_time_reduction
-----------+--------+--------------------+---------------------+--------------------+---------------------+-------------------+--------------------
mlp_expand | 3      | [32m5899.287[0m           | [31m9368.630[0m            | [31m0m 0.567s[0m          | [32m0m 0.173s[0m           | [31m↓ 0.6297[0m          | [32m↑ 3.2745[0m           
mlp_reduce | 3      | [31m9113.134[0m           | [32m4920.258[0m            | [31m0m 0.642s[0m          | [32m0m 0.165s[0m           | [32m↑ 1.8522[0m          | [32m↑ 3.8892[0m           
qkv        | 3      | [31m1406.208[0m           | [32m1327.591[0m            | [31m0m 0.477s[0m          | [32m0m 0.168s[0m           | [32m↑ 1.0592[0m          | [32m↑ 2.8386[0m           
2026-04-08 15:45:05,592 | INFO | Full tune_tir series time | baseline=29m 22.121s (1762.121s) | candidate=5m 41.671s (341.671s)
2026-04-08 15:45:05,593 | INFO | Overall comparison summary:
num_shapes | base_lat_gm_us | cand_lat_gm_us | base_total_tune_tir | cand_total_tune_tir | base_total_tune_s | cand_total_tune_s | latency_retention | exec_time_reduction
-----------+----------------+----------------+---------------------+---------------------+-------------------+-------------------+-------------------+--------------------
9          | [31m4228.363[0m       | [32m3940.724[0m       | [31m29m 22.121s[0m         | [32m5m 41.671s[0m          | [31m1762.121[0m          | [32m341.671[0m           | [32m↑ 1.0730[0m          | [32m↑ 5.1574[0m           
2026-04-08 15:45:15,944 | INFO | Comparison completed
2026-04-08 15:45:15,944 | INFO | Comparison details written to research/results/metaschedule/comparison_results.json (id=a6f97b33c184c714)
2026-04-08 15:45:15,944 | INFO | Comparison retention= [32m↑ 1.0730[0m total_tune_tir_time_reduction= [32m↑ 5.1574[0m
2026-04-08 15:46:03,997 | INFO | Starting 80/20 MetaSchedule tuner
2026-04-08 15:46:03,997 | INFO | Target: llvm -keys=cpu -mtriple=x86_64-pc-linux-gnu -num-cores=8
2026-04-08 15:46:03,997 | INFO | Work dir base: research/results/metaschedule/8020
2026-04-08 15:46:04,003 | INFO | Profile: i5-1235u
2026-04-08 15:46:04,029 | INFO | Kernels: qkv, mlp_expand, mlp_reduce
2026-04-08 15:46:04,030 | INFO | Representative subset tasks: 9
2026-04-08 15:46:04,030 | INFO |   - kernel=qkv M=16 K=768 N=768 (small)
2026-04-08 15:46:04,030 | INFO |   - kernel=qkv M=128 K=768 N=768 (medium)
2026-04-08 15:46:04,030 | INFO |   - kernel=qkv M=384 K=768 N=768 (large)
2026-04-08 15:46:04,030 | INFO |   - kernel=mlp_expand M=16 K=768 N=3072 (small)
2026-04-08 15:46:04,031 | INFO |   - kernel=mlp_expand M=128 K=768 N=3072 (medium)
2026-04-08 15:46:04,031 | INFO |   - kernel=mlp_expand M=384 K=768 N=3072 (large)
2026-04-08 15:46:04,031 | INFO |   - kernel=mlp_reduce M=16 K=3072 N=768 (small)
2026-04-08 15:46:04,031 | INFO |   - kernel=mlp_reduce M=128 K=3072 N=768 (medium)
2026-04-08 15:46:04,031 | INFO |   - kernel=mlp_reduce M=384 K=3072 N=768 (large)
2026-04-08 15:46:04,036 | INFO | Loaded 24 historical best schedules for heuristic biasing
2026-04-08 15:46:04,056 | INFO | Reusing cached experiment: compare:iter1:00f2915d00a23c49:4f24efee69155703:bench
2026-04-08 15:46:04,057 | INFO | Reusing cached experiment: compare:iter1:737afb813d7b01eb:4f24efee69155703:bench
2026-04-08 15:46:04,057 | INFO | Per-task latency comparison table:
shape             | baseline_latency_us | candidate_latency_us | baseline_task_tune_time | candidate_task_tune_time | latency_retention | exec_time_reduction
------------------+---------------------+----------------------+-------------------------+--------------------------+-------------------+--------------------
mlp_expand[M=16]  | [31m1246.701[0m            | [32m1044.181[0m             | [31m0m 0.191s[0m               | [32m0m 0.055s[0m                | [32m↑ 1.194[0m           | [32m↑ 3.470[0m            
mlp_expand[M=128] | [32m6293.337[0m            | [31m8972.476[0m             | [31m0m 0.201s[0m               | [32m0m 0.058s[0m                | [31m↓ 0.701[0m           | [32m↑ 3.457[0m            
mlp_expand[M=384] | [32m26167.088[0m           | [31m87768.813[0m            | [31m0m 0.175s[0m               | [32m0m 0.060s[0m                | [31m↓ 0.298[0m           | [32m↑ 2.917[0m            
mlp_reduce[M=16]  | [31m1404.974[0m            | [32m1115.983[0m             | [31m0m 0.192s[0m               | [32m0m 0.054s[0m                | [32m↑ 1.259[0m           | [32m↑ 3.554[0m            
mlp_reduce[M=128] | [31m6380.272[0m            | [32m5761.249[0m             | [31m0m 0.252s[0m               | [32m0m 0.055s[0m                | [32m↑ 1.107[0m           | [32m↑ 4.580[0m            
mlp_reduce[M=384] | [31m84429.805[0m           | [32m18526.324[0m            | [31m0m 0.198s[0m               | [32m0m 0.056s[0m                | [32m↑ 4.557[0m           | [32m↑ 3.535[0m            
qkv[M=16]         | [31m218.062[0m             | [32m208.667[0m              | [31m0m 0.104s[0m               | [32m0m 0.061s[0m                | [32m↑ 1.045[0m           | [32m↑ 1.721[0m            
qkv[M=128]        | [31m2148.360[0m            | [32m1680.524[0m             | [31m0m 0.149s[0m               | [32m0m 0.052s[0m                | [32m↑ 1.278[0m           | [32m↑ 2.898[0m            
qkv[M=384]        | [32m5935.548[0m            | [31m6672.579[0m             | [31m0m 0.224s[0m               | [32m0m 0.056s[0m                | [31m↓ 0.890[0m           | [32m↑ 3.991[0m            
2026-04-08 15:46:04,058 | INFO | Per-kernel geomean comparison table:
kernel     | shapes | baseline_lat_gm_us | candidate_lat_gm_us | baseline_tune_time | candidate_tune_time | latency_retention | exec_time_reduction
-----------+--------+--------------------+---------------------+--------------------+---------------------+-------------------+--------------------
mlp_expand | 3      | [32m5899.287[0m           | [31m9368.630[0m            | [31m0m 0.567s[0m          | [32m0m 0.173s[0m           | [31m↓ 0.6297[0m          | [32m↑ 3.2745[0m           
mlp_reduce | 3      | [31m9113.134[0m           | [32m4920.258[0m            | [31m0m 0.642s[0m          | [32m0m 0.165s[0m           | [32m↑ 1.8522[0m          | [32m↑ 3.8892[0m           
qkv        | 3      | [31m1406.208[0m           | [32m1327.591[0m            | [31m0m 0.477s[0m          | [32m0m 0.168s[0m           | [32m↑ 1.0592[0m          | [32m↑ 2.8386[0m           
2026-04-08 15:46:04,058 | INFO | Full tune_tir series time | baseline=29m 22.121s (1762.121s) | candidate=5m 41.671s (341.671s)
2026-04-08 15:46:04,058 | INFO | Overall comparison summary:
num_shapes | base_lat_gm_us | cand_lat_gm_us | base_total_tune_tir | cand_total_tune_tir | base_total_tune_s | cand_total_tune_s | latency_retention | exec_time_reduction
-----------+----------------+----------------+---------------------+---------------------+-------------------+-------------------+-------------------+--------------------
9          | [31m4228.363[0m       | [32m3940.724[0m       | [31m29m 22.121s[0m         | [32m5m 41.671s[0m          | [31m1762.121[0m          | [32m341.671[0m           | [32m↑ 1.0730[0m          | [32m↑ 5.1574[0m           
2026-04-08 15:46:40,886 | INFO | Comparison completed
2026-04-08 15:46:40,886 | INFO | Comparison details written to research/results/metaschedule/comparison_results.json (id=586d318522682a62)
2026-04-08 15:46:40,886 | INFO | Comparison retention= [32m↑ 1.0730[0m total_tune_tir_time_reduction= [32m↑ 5.1574[0m
2026-04-10 13:14:09,656 | INFO | Starting 80/20 MetaSchedule tuner
2026-04-10 13:14:09,656 | INFO | Target: llvm -keys=cpu -mtriple=x86_64-pc-linux-gnu -num-cores=8
2026-04-10 13:14:09,656 | INFO | Work dir base: research/results/metaschedule/8020
2026-04-10 13:14:09,680 | INFO | Profile: i5-1235u
2026-04-10 13:14:11,487 | INFO | Kernels: qkv, mlp_expand, mlp_reduce
2026-04-10 13:14:11,488 | INFO | Representative subset tasks: 9
2026-04-10 13:14:11,488 | INFO |   - kernel=qkv M=16 K=768 N=768 (small)
2026-04-10 13:14:11,488 | INFO |   - kernel=qkv M=128 K=768 N=768 (medium)
2026-04-10 13:14:11,488 | INFO |   - kernel=qkv M=384 K=768 N=768 (large)
2026-04-10 13:14:11,488 | INFO |   - kernel=mlp_expand M=16 K=768 N=3072 (small)
2026-04-10 13:14:11,488 | INFO |   - kernel=mlp_expand M=128 K=768 N=3072 (medium)
2026-04-10 13:14:11,488 | INFO |   - kernel=mlp_expand M=384 K=768 N=3072 (large)
2026-04-10 13:14:11,488 | INFO |   - kernel=mlp_reduce M=16 K=3072 N=768 (small)
2026-04-10 13:14:11,488 | INFO |   - kernel=mlp_reduce M=128 K=3072 N=768 (medium)
2026-04-10 13:14:11,488 | INFO |   - kernel=mlp_reduce M=384 K=3072 N=768 (large)
2026-04-10 13:14:11,495 | INFO | Loaded 24 historical best schedules for heuristic biasing
2026-04-10 13:14:11,555 | INFO | ##########################################################################################
2026-04-10 13:14:11,555 | INFO | Pruning iteration 1/1
2026-04-10 13:14:11,555 | INFO | ##########################################################################################
2026-04-10 13:14:11,556 | INFO | Reusing cached experiment: pruning:iter1:00f2915d00a23c49:4f24efee69155703:tune
2026-04-10 13:14:11,556 | INFO | Pruning step 1: evaluating 7 neighboring states
2026-04-10 13:14:11,556 | INFO | Pruning candidate 1/7 (6 remaining) | step=1 | state=g0-p0-m1-b0 | config=pruned_g0-p0-m1-b0
2026-04-10 13:14:11,557 | INFO | Reusing cached experiment: pruning:iter1:08b49227ec6313ad:4f24efee69155703:tune
2026-04-10 13:14:11,557 | INFO | Pruning candidate 2/7 (5 remaining) | step=1 | state=g0-p0-m0-b1 | config=pruned_g0-p0-m0-b1
2026-04-10 13:14:11,557 | INFO | Reusing cached experiment: pruning:iter1:5b3b84008e95bfc1:4f24efee69155703:tune
2026-04-10 13:14:11,557 | INFO | Pruning candidate 3/7 (4 remaining) | step=1 | state=g0-p1-m0-b0 | config=pruned_g0-p1-m0-b0
2026-04-10 13:14:11,558 | INFO | Reusing cached experiment: pruning:iter1:be6598108ed7b9e8:4f24efee69155703:tune
2026-04-10 13:14:11,558 | INFO | Pruning candidate 4/7 (3 remaining) | step=1 | state=g1-p0-m0-b0 | config=pruned_g1-p0-m0-b0
2026-04-10 13:14:11,558 | INFO | Reusing cached experiment: pruning:iter1:af2b8d740d18fbde:4f24efee69155703:tune
2026-04-10 13:14:11,558 | INFO | Pruning candidate 5/7 (2 remaining) | step=1 | state=g1-p0-m1-b0 | config=pruned_g1-p0-m1-b0
2026-04-10 13:14:11,559 | INFO | Reusing cached experiment: pruning:iter1:034e6a02a4ac5c02:4f24efee69155703:tune
2026-04-10 13:14:11,559 | INFO | Pruning candidate 6/7 (1 remaining) | step=1 | state=g1-p0-m0-b1 | config=pruned_g1-p0-m0-b1
2026-04-10 13:14:11,560 | INFO | Reusing cached experiment: pruning:iter1:77c14b1b25c2720e:4f24efee69155703:tune
2026-04-10 13:14:11,560 | INFO | Pruning candidate 7/7 (0 remaining) | step=1 | state=g1-p1-m0-b0 | config=pruned_g1-p1-m0-b0
2026-04-10 13:14:11,560 | INFO | Reusing cached experiment: pruning:iter1:6d75cc9d5624ca79:4f24efee69155703:tune
2026-04-10 13:14:11,560 | INFO | Best candidate at step 1: pruned_g1-p0-m1-b0 | score=1.9219 retention=1.3082 time_reduction=1.4692
2026-04-10 13:14:11,560 | INFO | Pruning step 2: evaluating 7 neighboring states
2026-04-10 13:14:11,560 | INFO | Pruning candidate 1/7 (6 remaining) | step=2 | state=g1-p0-m2-b0 | config=pruned_g1-p0-m2-b0
2026-04-10 13:14:11,561 | INFO | Reusing cached experiment: pruning:iter1:f0abb6bb0c61d7da:4f24efee69155703:tune
2026-04-10 13:14:11,561 | INFO | Pruning candidate 2/7 (5 remaining) | step=2 | state=g1-p0-m1-b1 | config=pruned_g1-p0-m1-b1
2026-04-10 13:14:11,562 | INFO | Reusing cached experiment: pruning:iter1:97ba7abd357335fa:4f24efee69155703:tune
2026-04-10 13:14:11,562 | INFO | Pruning candidate 3/7 (4 remaining) | step=2 | state=g1-p1-m1-b0 | config=pruned_g1-p1-m1-b0
2026-04-10 13:14:11,562 | INFO | Reusing cached experiment: pruning:iter1:9bdcb64c25f472a5:4f24efee69155703:tune
2026-04-10 13:14:11,562 | INFO | Pruning candidate 4/7 (3 remaining) | step=2 | state=g2-p0-m1-b0 | config=pruned_g2-p0-m1-b0
2026-04-10 13:14:11,563 | INFO | Reusing cached experiment: pruning:iter1:13c0a530712caaa2:4f24efee69155703:tune
2026-04-10 13:14:11,563 | INFO | Pruning candidate 5/7 (2 remaining) | step=2 | state=g2-p0-m2-b0 | config=pruned_g2-p0-m2-b0
2026-04-10 13:14:11,563 | INFO | Reusing cached experiment: pruning:iter1:821538db8a53272c:4f24efee69155703:tune
2026-04-10 13:14:11,563 | INFO | Pruning candidate 6/7 (1 remaining) | step=2 | state=g2-p0-m1-b1 | config=pruned_g2-p0-m1-b1
2026-04-10 13:14:11,564 | INFO | Reusing cached experiment: pruning:iter1:1ed4f632a02c6f49:4f24efee69155703:tune
2026-04-10 13:14:11,564 | INFO | Pruning candidate 7/7 (0 remaining) | step=2 | state=g2-p1-m1-b0 | config=pruned_g2-p1-m1-b0
2026-04-10 13:14:11,565 | INFO | Reusing cached experiment: pruning:iter1:e8e4b89ced1f8de0:4f24efee69155703:tune
2026-04-10 13:14:11,565 | INFO | Best candidate at step 2: pruned_g2-p0-m1-b1 | score=3.0506 retention=1.3397 time_reduction=2.2770
2026-04-10 13:14:11,565 | INFO | Pruning step 3: evaluating 7 neighboring states
2026-04-10 13:14:11,565 | INFO | Pruning candidate 1/7 (6 remaining) | step=3 | state=g2-p0-m2-b1 | config=pruned_g2-p0-m2-b1
2026-04-10 13:14:11,566 | INFO | Reusing cached experiment: pruning:iter1:71ab320bd6c3e12a:4f24efee69155703:tune
2026-04-10 13:14:11,566 | INFO | Pruning candidate 2/7 (5 remaining) | step=3 | state=g2-p0-m1-b2 | config=pruned_g2-p0-m1-b2
2026-04-10 13:14:11,567 | INFO | Reusing cached experiment: pruning:iter1:71ff28cf87bf944a:4f24efee69155703:tune
2026-04-10 13:14:11,567 | INFO | Pruning candidate 3/7 (4 remaining) | step=3 | state=g2-p1-m1-b1 | config=pruned_g2-p1-m1-b1
2026-04-10 13:14:11,568 | INFO | Reusing cached experiment: pruning:iter1:22a5b8499b9c4175:4f24efee69155703:tune
2026-04-10 13:14:11,568 | INFO | Pruning candidate 4/7 (3 remaining) | step=3 | state=g3-p0-m1-b1 | config=pruned_g3-p0-m1-b1
2026-04-10 13:14:11,569 | INFO | Reusing cached experiment: pruning:iter1:da6b5e26a937444f:4f24efee69155703:tune
2026-04-10 13:14:11,569 | INFO | Pruning candidate 5/7 (2 remaining) | step=3 | state=g3-p0-m2-b1 | config=pruned_g3-p0-m2-b1
2026-04-10 13:14:11,571 | INFO | Reusing cached experiment: pruning:iter1:681641fa220916ab:4f24efee69155703:tune
2026-04-10 13:14:11,572 | INFO | Pruning candidate 6/7 (1 remaining) | step=3 | state=g3-p0-m1-b2 | config=pruned_g3-p0-m1-b2
2026-04-10 13:14:11,575 | INFO | Reusing cached experiment: pruning:iter1:9feb9791ecf4015b:4f24efee69155703:tune
2026-04-10 13:14:11,576 | INFO | Pruning candidate 7/7 (0 remaining) | step=3 | state=g3-p1-m1-b1 | config=pruned_g3-p1-m1-b1
2026-04-10 13:14:11,578 | INFO | Reusing cached experiment: pruning:iter1:c6cfef5f3bd72748:4f24efee69155703:tune
2026-04-10 13:14:11,578 | INFO | Best candidate at step 3: pruned_g3-p0-m2-b1 | score=4.2120 retention=1.3175 time_reduction=3.1970
2026-04-10 13:14:11,578 | INFO | Pruning step 4: evaluating 7 neighboring states
2026-04-10 13:14:11,578 | INFO | Pruning candidate 1/7 (6 remaining) | step=4 | state=g3-p0-m3-b1 | config=pruned_g3-p0-m3-b1
2026-04-10 13:14:11,579 | INFO | Reusing cached experiment: pruning:iter1:8101c461a4f1ec26:4f24efee69155703:tune
2026-04-10 13:14:11,580 | INFO | Pruning candidate 2/7 (5 remaining) | step=4 | state=g3-p0-m2-b2 | config=pruned_g3-p0-m2-b2
2026-04-10 13:14:11,581 | INFO | Reusing cached experiment: pruning:iter1:5cc8e543e5c32094:4f24efee69155703:tune
2026-04-10 13:14:11,581 | INFO | Pruning candidate 3/7 (4 remaining) | step=4 | state=g3-p1-m2-b1 | config=pruned_g3-p1-m2-b1
2026-04-10 13:14:11,581 | INFO | Reusing cached experiment: pruning:iter1:0cdd793b1a90e410:4f24efee69155703:tune
2026-04-10 13:14:11,581 | INFO | Pruning candidate 4/7 (3 remaining) | step=4 | state=g4-p0-m2-b1 | config=pruned_g4-p0-m2-b1
2026-04-10 13:14:11,582 | INFO | Reusing cached experiment: pruning:iter1:9db4dd383f9f0938:4f24efee69155703:tune
2026-04-10 13:14:11,582 | INFO | Pruning candidate 5/7 (2 remaining) | step=4 | state=g4-p0-m3-b1 | config=pruned_g4-p0-m3-b1
2026-04-10 13:14:11,582 | INFO | Reusing cached experiment: pruning:iter1:737afb813d7b01eb:4f24efee69155703:tune
2026-04-10 13:14:11,582 | INFO | Pruning candidate 6/7 (1 remaining) | step=4 | state=g4-p0-m2-b2 | config=pruned_g4-p0-m2-b2
2026-04-10 13:14:11,583 | INFO | Reusing cached experiment: pruning:iter1:a09d8a8e6faa5974:4f24efee69155703:tune
2026-04-10 13:14:11,583 | INFO | Pruning candidate 7/7 (0 remaining) | step=4 | state=g4-p1-m2-b1 | config=pruned_g4-p1-m2-b1
2026-04-10 13:14:11,584 | INFO | Reusing cached experiment: pruning:iter1:7470aa297c18c9cf:4f24efee69155703:tune
2026-04-10 13:14:11,584 | INFO | Best candidate at step 4: pruned_g4-p0-m3-b1 | score=5.7663 retention=1.1181 time_reduction=5.1574
2026-04-10 13:14:11,584 | INFO | Pruning step 5: evaluating 4 neighboring states
2026-04-10 13:14:11,584 | INFO | Pruning candidate 1/4 (3 remaining) | step=5 | state=g4-p0-m3-b2 | config=pruned_g4-p0-m3-b2
2026-04-10 13:14:11,584 | INFO | Reusing cached experiment: pruning:iter1:8b642a7fbbe1bf15:4f24efee69155703:tune
2026-04-10 13:14:11,584 | INFO | Pruning candidate 2/4 (2 remaining) | step=5 | state=g4-p0-m3-b2 | config=pruned_g4-p0-m3-b2
2026-04-10 13:14:11,585 | INFO | Reusing cached experiment: pruning:iter1:8b642a7fbbe1bf15:4f24efee69155703:tune
2026-04-10 13:14:11,585 | INFO | Pruning candidate 3/4 (1 remaining) | step=5 | state=g4-p1-m3-b1 | config=pruned_g4-p1-m3-b1
2026-04-10 13:14:11,586 | INFO | Reusing cached experiment: pruning:iter1:23e1a456b455ed05:4f24efee69155703:tune
2026-04-10 13:14:11,586 | INFO | Pruning candidate 4/4 (0 remaining) | step=5 | state=g4-p1-m3-b1 | config=pruned_g4-p1-m3-b1
2026-04-10 13:14:11,587 | INFO | Reusing cached experiment: pruning:iter1:23e1a456b455ed05:4f24efee69155703:tune
2026-04-10 13:14:11,587 | INFO | Best candidate at step 5: pruned_g4-p0-m3-b2 | score=5.1197 retention=0.9873 time_reduction=5.1858
2026-04-10 13:14:11,587 | INFO | Iteration 1 stop reason: Diminishing returns: insufficient score/time improvement (score_gain=-0.6465, time_gain=0.0284) | selected=pruned_g4-p0-m3-b1 score=5.7663
2026-04-10 13:14:11,588 | INFO | Skipping final best-schedule persistence in 80/20 mode to protect baseline artifacts
2026-04-10 13:14:11,663 | INFO | Selected best pruned configuration: pruned_g4-p0-m3-b1
2026-04-10 13:14:11,663 | INFO | Retention=1.1181 TimeReduction=5.1574 TrialReduction=3.9913 Score=5.7663
2026-04-10 13:14:11,663 | INFO | Wrote research/results/metaschedule/best_pruned_config.json
2026-04-10 13:14:11,663 | INFO | Wrote research/results/metaschedule/pruning_experiments.json
2026-04-10 13:14:11,663 | INFO | Recommended production config block:
database = ms.tir_integration.tune_tir(
	mod=mod,
	target=TARGET,
	work_dir=work_dir,
	max_trials_global=64,
	max_trials_per_task=64,
	num_trials_per_iter=64,
	builder=ms.builder.LocalBuilder(),
	runner=ms.runner.LocalRunner(
		evaluator_config=ms.runner.EvaluatorConfig(
			number=2,
			repeat=1,
			min_repeat_ms=40,
		)
	),
	space=ms.space_generator.PostOrderApply(),
	strategy=ms.search_strategy.EvolutionarySearch(
		population_size=384,
		init_measured_ratio=0.2,
		init_min_unmeasured=40,
		max_fail_count=5,
		genetic_num_iters=3,
		genetic_mutate_prob=0.8,
		genetic_max_fail_count=8,
		eps_greedy=0.08,
	),
	seed=seed,
	num_tuning_cores=8,
)
2026-04-10 15:33:34,142 | INFO | Starting 80/20 MetaSchedule tuner
2026-04-10 15:33:34,143 | INFO | Target: llvm -keys=cpu -mtriple=x86_64-pc-linux-gnu -num-cores=8
2026-04-10 15:33:34,143 | INFO | Work dir base: research/results/metaschedule/8020
2026-04-10 15:33:34,162 | INFO | Profile: i5-1235u
2026-04-10 15:34:12,709 | INFO | Starting 80/20 MetaSchedule tuner
2026-04-10 15:34:12,709 | INFO | Target: llvm -keys=cpu -mtriple=x86_64-pc-linux-gnu -num-cores=8
2026-04-10 15:34:12,709 | INFO | Work dir base: research/results/metaschedule/8020
2026-04-10 15:34:12,713 | INFO | Profile: i5-1235u
2026-04-10 15:34:12,716 | INFO | Kernels: qkv, mlp_expand, mlp_reduce
2026-04-10 15:34:12,716 | INFO | Representative subset tasks: 9
2026-04-10 15:34:12,717 | INFO |   - kernel=qkv M=16 K=768 N=768 (small)
2026-04-10 15:34:12,717 | INFO |   - kernel=qkv M=128 K=768 N=768 (medium)
2026-04-10 15:34:12,717 | INFO |   - kernel=qkv M=384 K=768 N=768 (large)
2026-04-10 15:34:12,717 | INFO |   - kernel=mlp_expand M=16 K=768 N=3072 (small)
2026-04-10 15:34:12,717 | INFO |   - kernel=mlp_expand M=128 K=768 N=3072 (medium)
2026-04-10 15:34:12,717 | INFO |   - kernel=mlp_expand M=384 K=768 N=3072 (large)
2026-04-10 15:34:12,717 | INFO |   - kernel=mlp_reduce M=16 K=3072 N=768 (small)
2026-04-10 15:34:12,717 | INFO |   - kernel=mlp_reduce M=128 K=3072 N=768 (medium)
2026-04-10 15:34:12,717 | INFO |   - kernel=mlp_reduce M=384 K=3072 N=768 (large)
2026-04-10 15:34:12,720 | INFO | Loaded 24 historical best schedules for heuristic biasing
2026-04-10 15:34:12,737 | INFO | Evaluating config=baseline (state=g0-p0-m0-b0) iteration=1 mode=compare
2026-04-10 15:34:12,737 | INFO | 
########################################################################################################################
2026-04-10 15:34:12,738 | INFO | Run 1/9 (8 remaining) | global 1/9 (8 remaining) | iteration=1 | mode=compare | config=baseline
2026-04-10 15:34:12,738 | INFO | Task: kernel=qkv M=16 K=768 N=768 bucket=small
2026-04-10 15:34:12,738 | INFO | ########################################################################################################################

2026-04-10 15:34:12,777 | ERROR | Task failed for kernel=qkv M=16 with config=baseline
Traceback (most recent call last):
  File "/home/ishan/projects/major_project/apache_tvm_research/research/workloads/bert/metaschedule/metaschedule_8020_tuner.py", line 939, in _run_single_task
    database = _run_tuning(mod=mod, work_dir=work_dir, config=biased_config, tune_seed=tune_seed)
  File "/home/ishan/projects/major_project/apache_tvm_research/research/workloads/bert/metaschedule/metaschedule_8020_tuner.py", line 609, in _run_tuning
    "builder": ms.builder.LocalBuilder(),
  File "/home/ishan/projects/major_project/apache_tvm_research/tvm/python/tvm/meta_schedule/utils.py", line 116, in __init__
    self._inst = cls(*args, **kwargs)
  File "/home/ishan/projects/major_project/apache_tvm_research/tvm/python/tvm/meta_schedule/builder/local_builder.py", line 148, in __init__
    self._sanity_check()
  File "/home/ishan/projects/major_project/apache_tvm_research/tvm/python/tvm/meta_schedule/builder/local_builder.py", line 210, in _sanity_check
    value.result()
  File "/usr/lib/python3.10/concurrent/futures/_base.py", line 458, in result
    return self.__get_result()
  File "/usr/lib/python3.10/concurrent/futures/_base.py", line 403, in __get_result
    raise self._exception
  File "/usr/lib/python3.10/concurrent/futures/thread.py", line 58, in run
    result = self.fn(*self.args, **self.kwargs)
  File "/home/ishan/projects/major_project/apache_tvm_research/tvm/python/tvm/contrib/popen_pool.py", line 432, in <lambda>
    worker = lambda *args: self._worker_run(*args)
  File "/home/ishan/projects/major_project/apache_tvm_research/tvm/python/tvm/contrib/popen_pool.py", line 400, in _worker_run
    proc.send(fn, args, kwargs, self._timeout)
  File "/home/ishan/projects/major_project/apache_tvm_research/tvm/python/tvm/contrib/popen_pool.py", line 238, in send
    import cloudpickle
ModuleNotFoundError: No module named 'cloudpickle'
2026-04-10 15:34:12,778 | INFO | 
########################################################################################################################
2026-04-10 15:34:12,778 | INFO | Run 2/9 (7 remaining) | global 2/9 (7 remaining) | iteration=1 | mode=compare | config=baseline
2026-04-10 15:34:12,779 | INFO | Task: kernel=qkv M=128 K=768 N=768 bucket=medium
2026-04-10 15:34:12,779 | INFO | ########################################################################################################################

2026-04-10 15:34:12,790 | ERROR | Task failed for kernel=qkv M=128 with config=baseline
Traceback (most recent call last):
  File "/home/ishan/projects/major_project/apache_tvm_research/research/workloads/bert/metaschedule/metaschedule_8020_tuner.py", line 939, in _run_single_task
    database = _run_tuning(mod=mod, work_dir=work_dir, config=biased_config, tune_seed=tune_seed)
  File "/home/ishan/projects/major_project/apache_tvm_research/research/workloads/bert/metaschedule/metaschedule_8020_tuner.py", line 609, in _run_tuning
    "builder": ms.builder.LocalBuilder(),
  File "/home/ishan/projects/major_project/apache_tvm_research/tvm/python/tvm/meta_schedule/utils.py", line 116, in __init__
    self._inst = cls(*args, **kwargs)
  File "/home/ishan/projects/major_project/apache_tvm_research/tvm/python/tvm/meta_schedule/builder/local_builder.py", line 148, in __init__
    self._sanity_check()
  File "/home/ishan/projects/major_project/apache_tvm_research/tvm/python/tvm/meta_schedule/builder/local_builder.py", line 210, in _sanity_check
    value.result()
  File "/usr/lib/python3.10/concurrent/futures/_base.py", line 451, in result
    return self.__get_result()
  File "/usr/lib/python3.10/concurrent/futures/_base.py", line 403, in __get_result
    raise self._exception
  File "/usr/lib/python3.10/concurrent/futures/thread.py", line 58, in run
    result = self.fn(*self.args, **self.kwargs)
  File "/home/ishan/projects/major_project/apache_tvm_research/tvm/python/tvm/contrib/popen_pool.py", line 432, in <lambda>
    worker = lambda *args: self._worker_run(*args)
  File "/home/ishan/projects/major_project/apache_tvm_research/tvm/python/tvm/contrib/popen_pool.py", line 400, in _worker_run
    proc.send(fn, args, kwargs, self._timeout)
  File "/home/ishan/projects/major_project/apache_tvm_research/tvm/python/tvm/contrib/popen_pool.py", line 238, in send
    import cloudpickle
ModuleNotFoundError: No module named 'cloudpickle'
2026-04-10 15:34:12,791 | INFO | 
########################################################################################################################
2026-04-10 15:34:12,791 | INFO | Run 3/9 (6 remaining) | global 3/9 (6 remaining) | iteration=1 | mode=compare | config=baseline
2026-04-10 15:34:12,791 | INFO | Task: kernel=qkv M=384 K=768 N=768 bucket=large
2026-04-10 15:34:12,791 | INFO | ########################################################################################################################

2026-04-10 15:34:12,813 | ERROR | Task failed for kernel=qkv M=384 with config=baseline
Traceback (most recent call last):
  File "/home/ishan/projects/major_project/apache_tvm_research/research/workloads/bert/metaschedule/metaschedule_8020_tuner.py", line 939, in _run_single_task
    database = _run_tuning(mod=mod, work_dir=work_dir, config=biased_config, tune_seed=tune_seed)
  File "/home/ishan/projects/major_project/apache_tvm_research/research/workloads/bert/metaschedule/metaschedule_8020_tuner.py", line 609, in _run_tuning
    "builder": ms.builder.LocalBuilder(),
  File "/home/ishan/projects/major_project/apache_tvm_research/tvm/python/tvm/meta_schedule/utils.py", line 116, in __init__
    self._inst = cls(*args, **kwargs)
  File "/home/ishan/projects/major_project/apache_tvm_research/tvm/python/tvm/meta_schedule/builder/local_builder.py", line 148, in __init__
    self._sanity_check()
  File "/home/ishan/projects/major_project/apache_tvm_research/tvm/python/tvm/meta_schedule/builder/local_builder.py", line 210, in _sanity_check
    value.result()
  File "/usr/lib/python3.10/concurrent/futures/_base.py", line 458, in result
    return self.__get_result()
  File "/usr/lib/python3.10/concurrent/futures/_base.py", line 403, in __get_result
    raise self._exception
  File "/usr/lib/python3.10/concurrent/futures/thread.py", line 58, in run
    result = self.fn(*self.args, **self.kwargs)
  File "/home/ishan/projects/major_project/apache_tvm_research/tvm/python/tvm/contrib/popen_pool.py", line 432, in <lambda>
    worker = lambda *args: self._worker_run(*args)
  File "/home/ishan/projects/major_project/apache_tvm_research/tvm/python/tvm/contrib/popen_pool.py", line 400, in _worker_run
    proc.send(fn, args, kwargs, self._timeout)
  File "/home/ishan/projects/major_project/apache_tvm_research/tvm/python/tvm/contrib/popen_pool.py", line 238, in send
    import cloudpickle
ModuleNotFoundError: No module named 'cloudpickle'
2026-04-10 15:34:12,814 | INFO | 
########################################################################################################################
2026-04-10 15:34:12,814 | INFO | Run 4/9 (5 remaining) | global 4/9 (5 remaining) | iteration=1 | mode=compare | config=baseline
2026-04-10 15:34:12,814 | INFO | Task: kernel=mlp_expand M=16 K=768 N=3072 bucket=small
2026-04-10 15:34:12,814 | INFO | ########################################################################################################################

2026-04-10 15:34:12,827 | ERROR | Task failed for kernel=mlp_expand M=16 with config=baseline
Traceback (most recent call last):
  File "/home/ishan/projects/major_project/apache_tvm_research/research/workloads/bert/metaschedule/metaschedule_8020_tuner.py", line 939, in _run_single_task
    database = _run_tuning(mod=mod, work_dir=work_dir, config=biased_config, tune_seed=tune_seed)
  File "/home/ishan/projects/major_project/apache_tvm_research/research/workloads/bert/metaschedule/metaschedule_8020_tuner.py", line 609, in _run_tuning
    "builder": ms.builder.LocalBuilder(),
  File "/home/ishan/projects/major_project/apache_tvm_research/tvm/python/tvm/meta_schedule/utils.py", line 116, in __init__
    self._inst = cls(*args, **kwargs)
  File "/home/ishan/projects/major_project/apache_tvm_research/tvm/python/tvm/meta_schedule/builder/local_builder.py", line 148, in __init__
    self._sanity_check()
  File "/home/ishan/projects/major_project/apache_tvm_research/tvm/python/tvm/meta_schedule/builder/local_builder.py", line 210, in _sanity_check
    value.result()
  File "/usr/lib/python3.10/concurrent/futures/_base.py", line 458, in result
    return self.__get_result()
  File "/usr/lib/python3.10/concurrent/futures/_base.py", line 403, in __get_result
    raise self._exception
  File "/usr/lib/python3.10/concurrent/futures/thread.py", line 58, in run
    result = self.fn(*self.args, **self.kwargs)
  File "/home/ishan/projects/major_project/apache_tvm_research/tvm/python/tvm/contrib/popen_pool.py", line 432, in <lambda>
    worker = lambda *args: self._worker_run(*args)
  File "/home/ishan/projects/major_project/apache_tvm_research/tvm/python/tvm/contrib/popen_pool.py", line 400, in _worker_run
    proc.send(fn, args, kwargs, self._timeout)
  File "/home/ishan/projects/major_project/apache_tvm_research/tvm/python/tvm/contrib/popen_pool.py", line 238, in send
    import cloudpickle
ModuleNotFoundError: No module named 'cloudpickle'
2026-04-10 15:34:12,827 | INFO | 
########################################################################################################################
2026-04-10 15:34:12,827 | INFO | Run 5/9 (4 remaining) | global 5/9 (4 remaining) | iteration=1 | mode=compare | config=baseline
2026-04-10 15:34:12,827 | INFO | Task: kernel=mlp_expand M=128 K=768 N=3072 bucket=medium
2026-04-10 15:34:12,827 | INFO | ########################################################################################################################

2026-04-10 15:34:12,839 | ERROR | Task failed for kernel=mlp_expand M=128 with config=baseline
Traceback (most recent call last):
  File "/home/ishan/projects/major_project/apache_tvm_research/research/workloads/bert/metaschedule/metaschedule_8020_tuner.py", line 939, in _run_single_task
    database = _run_tuning(mod=mod, work_dir=work_dir, config=biased_config, tune_seed=tune_seed)
  File "/home/ishan/projects/major_project/apache_tvm_research/research/workloads/bert/metaschedule/metaschedule_8020_tuner.py", line 609, in _run_tuning
    "builder": ms.builder.LocalBuilder(),
  File "/home/ishan/projects/major_project/apache_tvm_research/tvm/python/tvm/meta_schedule/utils.py", line 116, in __init__
    self._inst = cls(*args, **kwargs)
  File "/home/ishan/projects/major_project/apache_tvm_research/tvm/python/tvm/meta_schedule/builder/local_builder.py", line 148, in __init__
    self._sanity_check()
  File "/home/ishan/projects/major_project/apache_tvm_research/tvm/python/tvm/meta_schedule/builder/local_builder.py", line 210, in _sanity_check
    value.result()
  File "/usr/lib/python3.10/concurrent/futures/_base.py", line 458, in result
    return self.__get_result()
  File "/usr/lib/python3.10/concurrent/futures/_base.py", line 403, in __get_result
    raise self._exception
  File "/usr/lib/python3.10/concurrent/futures/thread.py", line 58, in run
    result = self.fn(*self.args, **self.kwargs)
  File "/home/ishan/projects/major_project/apache_tvm_research/tvm/python/tvm/contrib/popen_pool.py", line 432, in <lambda>
    worker = lambda *args: self._worker_run(*args)
  File "/home/ishan/projects/major_project/apache_tvm_research/tvm/python/tvm/contrib/popen_pool.py", line 400, in _worker_run
    proc.send(fn, args, kwargs, self._timeout)
  File "/home/ishan/projects/major_project/apache_tvm_research/tvm/python/tvm/contrib/popen_pool.py", line 238, in send
    import cloudpickle
ModuleNotFoundError: No module named 'cloudpickle'
2026-04-10 15:34:12,840 | INFO | 
########################################################################################################################
2026-04-10 15:34:12,840 | INFO | Run 6/9 (3 remaining) | global 6/9 (3 remaining) | iteration=1 | mode=compare | config=baseline
2026-04-10 15:34:12,840 | INFO | Task: kernel=mlp_expand M=384 K=768 N=3072 bucket=large
2026-04-10 15:34:12,840 | INFO | ########################################################################################################################

2026-04-10 15:34:12,853 | ERROR | Task failed for kernel=mlp_expand M=384 with config=baseline
Traceback (most recent call last):
  File "/home/ishan/projects/major_project/apache_tvm_research/research/workloads/bert/metaschedule/metaschedule_8020_tuner.py", line 939, in _run_single_task
    database = _run_tuning(mod=mod, work_dir=work_dir, config=biased_config, tune_seed=tune_seed)
  File "/home/ishan/projects/major_project/apache_tvm_research/research/workloads/bert/metaschedule/metaschedule_8020_tuner.py", line 609, in _run_tuning
    "builder": ms.builder.LocalBuilder(),
  File "/home/ishan/projects/major_project/apache_tvm_research/tvm/python/tvm/meta_schedule/utils.py", line 116, in __init__
    self._inst = cls(*args, **kwargs)
  File "/home/ishan/projects/major_project/apache_tvm_research/tvm/python/tvm/meta_schedule/builder/local_builder.py", line 148, in __init__
    self._sanity_check()
  File "/home/ishan/projects/major_project/apache_tvm_research/tvm/python/tvm/meta_schedule/builder/local_builder.py", line 210, in _sanity_check
    value.result()
  File "/usr/lib/python3.10/concurrent/futures/_base.py", line 458, in result
    return self.__get_result()
  File "/usr/lib/python3.10/concurrent/futures/_base.py", line 403, in __get_result
    raise self._exception
  File "/usr/lib/python3.10/concurrent/futures/thread.py", line 58, in run
    result = self.fn(*self.args, **self.kwargs)
  File "/home/ishan/projects/major_project/apache_tvm_research/tvm/python/tvm/contrib/popen_pool.py", line 432, in <lambda>
    worker = lambda *args: self._worker_run(*args)
  File "/home/ishan/projects/major_project/apache_tvm_research/tvm/python/tvm/contrib/popen_pool.py", line 400, in _worker_run
    proc.send(fn, args, kwargs, self._timeout)
  File "/home/ishan/projects/major_project/apache_tvm_research/tvm/python/tvm/contrib/popen_pool.py", line 238, in send
    import cloudpickle
ModuleNotFoundError: No module named 'cloudpickle'
2026-04-10 15:34:12,853 | INFO | 
########################################################################################################################
2026-04-10 15:34:12,853 | INFO | Run 7/9 (2 remaining) | global 7/9 (2 remaining) | iteration=1 | mode=compare | config=baseline
2026-04-10 15:34:12,853 | INFO | Task: kernel=mlp_reduce M=16 K=3072 N=768 bucket=small
2026-04-10 15:34:12,853 | INFO | ########################################################################################################################

2026-04-10 15:34:12,862 | ERROR | Task failed for kernel=mlp_reduce M=16 with config=baseline
Traceback (most recent call last):
  File "/home/ishan/projects/major_project/apache_tvm_research/research/workloads/bert/metaschedule/metaschedule_8020_tuner.py", line 939, in _run_single_task
    database = _run_tuning(mod=mod, work_dir=work_dir, config=biased_config, tune_seed=tune_seed)
  File "/home/ishan/projects/major_project/apache_tvm_research/research/workloads/bert/metaschedule/metaschedule_8020_tuner.py", line 609, in _run_tuning
    "builder": ms.builder.LocalBuilder(),
  File "/home/ishan/projects/major_project/apache_tvm_research/tvm/python/tvm/meta_schedule/utils.py", line 116, in __init__
    self._inst = cls(*args, **kwargs)
  File "/home/ishan/projects/major_project/apache_tvm_research/tvm/python/tvm/meta_schedule/builder/local_builder.py", line 148, in __init__
    self._sanity_check()
  File "/home/ishan/projects/major_project/apache_tvm_research/tvm/python/tvm/meta_schedule/builder/local_builder.py", line 210, in _sanity_check
    value.result()
  File "/usr/lib/python3.10/concurrent/futures/_base.py", line 458, in result
    return self.__get_result()
  File "/usr/lib/python3.10/concurrent/futures/_base.py", line 403, in __get_result
    raise self._exception
  File "/usr/lib/python3.10/concurrent/futures/thread.py", line 58, in run
    result = self.fn(*self.args, **self.kwargs)
  File "/home/ishan/projects/major_project/apache_tvm_research/tvm/python/tvm/contrib/popen_pool.py", line 432, in <lambda>
    worker = lambda *args: self._worker_run(*args)
  File "/home/ishan/projects/major_project/apache_tvm_research/tvm/python/tvm/contrib/popen_pool.py", line 400, in _worker_run
    proc.send(fn, args, kwargs, self._timeout)
  File "/home/ishan/projects/major_project/apache_tvm_research/tvm/python/tvm/contrib/popen_pool.py", line 238, in send
    import cloudpickle
ModuleNotFoundError: No module named 'cloudpickle'
2026-04-10 15:34:12,862 | INFO | 
########################################################################################################################
2026-04-10 15:34:12,862 | INFO | Run 8/9 (1 remaining) | global 8/9 (1 remaining) | iteration=1 | mode=compare | config=baseline
2026-04-10 15:34:12,863 | INFO | Task: kernel=mlp_reduce M=128 K=3072 N=768 bucket=medium
2026-04-10 15:34:12,863 | INFO | ########################################################################################################################

2026-04-10 15:34:12,871 | ERROR | Task failed for kernel=mlp_reduce M=128 with config=baseline
Traceback (most recent call last):
  File "/home/ishan/projects/major_project/apache_tvm_research/research/workloads/bert/metaschedule/metaschedule_8020_tuner.py", line 939, in _run_single_task
    database = _run_tuning(mod=mod, work_dir=work_dir, config=biased_config, tune_seed=tune_seed)
  File "/home/ishan/projects/major_project/apache_tvm_research/research/workloads/bert/metaschedule/metaschedule_8020_tuner.py", line 609, in _run_tuning
    "builder": ms.builder.LocalBuilder(),
  File "/home/ishan/projects/major_project/apache_tvm_research/tvm/python/tvm/meta_schedule/utils.py", line 116, in __init__
    self._inst = cls(*args, **kwargs)
  File "/home/ishan/projects/major_project/apache_tvm_research/tvm/python/tvm/meta_schedule/builder/local_builder.py", line 148, in __init__
    self._sanity_check()
  File "/home/ishan/projects/major_project/apache_tvm_research/tvm/python/tvm/meta_schedule/builder/local_builder.py", line 210, in _sanity_check
    value.result()
  File "/usr/lib/python3.10/concurrent/futures/_base.py", line 458, in result
    return self.__get_result()
  File "/usr/lib/python3.10/concurrent/futures/_base.py", line 403, in __get_result
    raise self._exception
  File "/usr/lib/python3.10/concurrent/futures/thread.py", line 58, in run
    result = self.fn(*self.args, **self.kwargs)
  File "/home/ishan/projects/major_project/apache_tvm_research/tvm/python/tvm/contrib/popen_pool.py", line 432, in <lambda>
    worker = lambda *args: self._worker_run(*args)
  File "/home/ishan/projects/major_project/apache_tvm_research/tvm/python/tvm/contrib/popen_pool.py", line 400, in _worker_run
    proc.send(fn, args, kwargs, self._timeout)
  File "/home/ishan/projects/major_project/apache_tvm_research/tvm/python/tvm/contrib/popen_pool.py", line 238, in send
    import cloudpickle
ModuleNotFoundError: No module named 'cloudpickle'
2026-04-10 15:34:12,872 | INFO | 
########################################################################################################################
2026-04-10 15:34:12,872 | INFO | Run 9/9 (0 remaining) | global 9/9 (0 remaining) | iteration=1 | mode=compare | config=baseline
2026-04-10 15:34:12,872 | INFO | Task: kernel=mlp_reduce M=384 K=3072 N=768 bucket=large
2026-04-10 15:34:12,872 | INFO | ########################################################################################################################

2026-04-10 15:34:12,882 | ERROR | Task failed for kernel=mlp_reduce M=384 with config=baseline
Traceback (most recent call last):
  File "/home/ishan/projects/major_project/apache_tvm_research/research/workloads/bert/metaschedule/metaschedule_8020_tuner.py", line 939, in _run_single_task
    database = _run_tuning(mod=mod, work_dir=work_dir, config=biased_config, tune_seed=tune_seed)
  File "/home/ishan/projects/major_project/apache_tvm_research/research/workloads/bert/metaschedule/metaschedule_8020_tuner.py", line 609, in _run_tuning
    "builder": ms.builder.LocalBuilder(),
  File "/home/ishan/projects/major_project/apache_tvm_research/tvm/python/tvm/meta_schedule/utils.py", line 116, in __init__
    self._inst = cls(*args, **kwargs)
  File "/home/ishan/projects/major_project/apache_tvm_research/tvm/python/tvm/meta_schedule/builder/local_builder.py", line 148, in __init__
    self._sanity_check()
  File "/home/ishan/projects/major_project/apache_tvm_research/tvm/python/tvm/meta_schedule/builder/local_builder.py", line 210, in _sanity_check
    value.result()
  File "/usr/lib/python3.10/concurrent/futures/_base.py", line 458, in result
    return self.__get_result()
  File "/usr/lib/python3.10/concurrent/futures/_base.py", line 403, in __get_result
    raise self._exception
  File "/usr/lib/python3.10/concurrent/futures/thread.py", line 58, in run
    result = self.fn(*self.args, **self.kwargs)
  File "/home/ishan/projects/major_project/apache_tvm_research/tvm/python/tvm/contrib/popen_pool.py", line 432, in <lambda>
    worker = lambda *args: self._worker_run(*args)
  File "/home/ishan/projects/major_project/apache_tvm_research/tvm/python/tvm/contrib/popen_pool.py", line 400, in _worker_run
    proc.send(fn, args, kwargs, self._timeout)
  File "/home/ishan/projects/major_project/apache_tvm_research/tvm/python/tvm/contrib/popen_pool.py", line 238, in send
    import cloudpickle
ModuleNotFoundError: No module named 'cloudpickle'
2026-04-10 15:34:12,883 | INFO | Evaluating config=pruned_g4-p0-m3-b1 (state=g4-p0-m3-b1) iteration=1 mode=compare
2026-04-10 15:34:12,883 | INFO | 
########################################################################################################################
2026-04-10 15:34:12,883 | INFO | Run 1/9 (8 remaining) | global 10/18 (8 remaining) | iteration=1 | mode=compare | config=pruned_g4-p0-m3-b1
2026-04-10 15:34:12,883 | INFO | Task: kernel=qkv M=16 K=768 N=768 bucket=small
2026-04-10 15:34:12,883 | INFO | ########################################################################################################################

2026-04-10 15:34:12,893 | ERROR | Task failed for kernel=qkv M=16 with config=pruned_g4-p0-m3-b1
Traceback (most recent call last):
  File "/home/ishan/projects/major_project/apache_tvm_research/research/workloads/bert/metaschedule/metaschedule_8020_tuner.py", line 939, in _run_single_task
    database = _run_tuning(mod=mod, work_dir=work_dir, config=biased_config, tune_seed=tune_seed)
  File "/home/ishan/projects/major_project/apache_tvm_research/research/workloads/bert/metaschedule/metaschedule_8020_tuner.py", line 609, in _run_tuning
    "builder": ms.builder.LocalBuilder(),
  File "/home/ishan/projects/major_project/apache_tvm_research/tvm/python/tvm/meta_schedule/utils.py", line 116, in __init__
    self._inst = cls(*args, **kwargs)
  File "/home/ishan/projects/major_project/apache_tvm_research/tvm/python/tvm/meta_schedule/builder/local_builder.py", line 148, in __init__
    self._sanity_check()
  File "/home/ishan/projects/major_project/apache_tvm_research/tvm/python/tvm/meta_schedule/builder/local_builder.py", line 210, in _sanity_check
    value.result()
  File "/usr/lib/python3.10/concurrent/futures/_base.py", line 458, in result
    return self.__get_result()
  File "/usr/lib/python3.10/concurrent/futures/_base.py", line 403, in __get_result
    raise self._exception
  File "/usr/lib/python3.10/concurrent/futures/thread.py", line 58, in run
    result = self.fn(*self.args, **self.kwargs)
  File "/home/ishan/projects/major_project/apache_tvm_research/tvm/python/tvm/contrib/popen_pool.py", line 432, in <lambda>
    worker = lambda *args: self._worker_run(*args)
  File "/home/ishan/projects/major_project/apache_tvm_research/tvm/python/tvm/contrib/popen_pool.py", line 400, in _worker_run
    proc.send(fn, args, kwargs, self._timeout)
  File "/home/ishan/projects/major_project/apache_tvm_research/tvm/python/tvm/contrib/popen_pool.py", line 238, in send
    import cloudpickle
ModuleNotFoundError: No module named 'cloudpickle'
2026-04-10 15:34:12,893 | INFO | 
########################################################################################################################
2026-04-10 15:34:12,893 | INFO | Run 2/9 (7 remaining) | global 11/18 (7 remaining) | iteration=1 | mode=compare | config=pruned_g4-p0-m3-b1
2026-04-10 15:34:12,893 | INFO | Task: kernel=qkv M=128 K=768 N=768 bucket=medium
2026-04-10 15:34:12,893 | INFO | ########################################################################################################################

2026-04-10 15:34:12,901 | ERROR | Task failed for kernel=qkv M=128 with config=pruned_g4-p0-m3-b1
Traceback (most recent call last):
  File "/home/ishan/projects/major_project/apache_tvm_research/research/workloads/bert/metaschedule/metaschedule_8020_tuner.py", line 939, in _run_single_task
    database = _run_tuning(mod=mod, work_dir=work_dir, config=biased_config, tune_seed=tune_seed)
  File "/home/ishan/projects/major_project/apache_tvm_research/research/workloads/bert/metaschedule/metaschedule_8020_tuner.py", line 609, in _run_tuning
    "builder": ms.builder.LocalBuilder(),
  File "/home/ishan/projects/major_project/apache_tvm_research/tvm/python/tvm/meta_schedule/utils.py", line 116, in __init__
    self._inst = cls(*args, **kwargs)
  File "/home/ishan/projects/major_project/apache_tvm_research/tvm/python/tvm/meta_schedule/builder/local_builder.py", line 148, in __init__
    self._sanity_check()
  File "/home/ishan/projects/major_project/apache_tvm_research/tvm/python/tvm/meta_schedule/builder/local_builder.py", line 210, in _sanity_check
    value.result()
  File "/usr/lib/python3.10/concurrent/futures/_base.py", line 458, in result
    return self.__get_result()
  File "/usr/lib/python3.10/concurrent/futures/_base.py", line 403, in __get_result
    raise self._exception
  File "/usr/lib/python3.10/concurrent/futures/thread.py", line 58, in run
    result = self.fn(*self.args, **self.kwargs)
  File "/home/ishan/projects/major_project/apache_tvm_research/tvm/python/tvm/contrib/popen_pool.py", line 432, in <lambda>
    worker = lambda *args: self._worker_run(*args)
  File "/home/ishan/projects/major_project/apache_tvm_research/tvm/python/tvm/contrib/popen_pool.py", line 400, in _worker_run
    proc.send(fn, args, kwargs, self._timeout)
  File "/home/ishan/projects/major_project/apache_tvm_research/tvm/python/tvm/contrib/popen_pool.py", line 238, in send
    import cloudpickle
ModuleNotFoundError: No module named 'cloudpickle'
2026-04-10 15:34:12,901 | INFO | 
########################################################################################################################
2026-04-10 15:34:12,901 | INFO | Run 3/9 (6 remaining) | global 12/18 (6 remaining) | iteration=1 | mode=compare | config=pruned_g4-p0-m3-b1
2026-04-10 15:34:12,901 | INFO | Task: kernel=qkv M=384 K=768 N=768 bucket=large
2026-04-10 15:34:12,902 | INFO | ########################################################################################################################

2026-04-10 15:34:12,908 | ERROR | Task failed for kernel=qkv M=384 with config=pruned_g4-p0-m3-b1
Traceback (most recent call last):
  File "/home/ishan/projects/major_project/apache_tvm_research/research/workloads/bert/metaschedule/metaschedule_8020_tuner.py", line 939, in _run_single_task
    database = _run_tuning(mod=mod, work_dir=work_dir, config=biased_config, tune_seed=tune_seed)
  File "/home/ishan/projects/major_project/apache_tvm_research/research/workloads/bert/metaschedule/metaschedule_8020_tuner.py", line 609, in _run_tuning
    "builder": ms.builder.LocalBuilder(),
  File "/home/ishan/projects/major_project/apache_tvm_research/tvm/python/tvm/meta_schedule/utils.py", line 116, in __init__
    self._inst = cls(*args, **kwargs)
  File "/home/ishan/projects/major_project/apache_tvm_research/tvm/python/tvm/meta_schedule/builder/local_builder.py", line 148, in __init__
    self._sanity_check()
  File "/home/ishan/projects/major_project/apache_tvm_research/tvm/python/tvm/meta_schedule/builder/local_builder.py", line 210, in _sanity_check
    value.result()
  File "/usr/lib/python3.10/concurrent/futures/_base.py", line 458, in result
    return self.__get_result()
  File "/usr/lib/python3.10/concurrent/futures/_base.py", line 403, in __get_result
    raise self._exception
  File "/usr/lib/python3.10/concurrent/futures/thread.py", line 58, in run
    result = self.fn(*self.args, **self.kwargs)
  File "/home/ishan/projects/major_project/apache_tvm_research/tvm/python/tvm/contrib/popen_pool.py", line 432, in <lambda>
    worker = lambda *args: self._worker_run(*args)
  File "/home/ishan/projects/major_project/apache_tvm_research/tvm/python/tvm/contrib/popen_pool.py", line 400, in _worker_run
    proc.send(fn, args, kwargs, self._timeout)
  File "/home/ishan/projects/major_project/apache_tvm_research/tvm/python/tvm/contrib/popen_pool.py", line 238, in send
    import cloudpickle
ModuleNotFoundError: No module named 'cloudpickle'
2026-04-10 15:34:12,909 | INFO | 
########################################################################################################################
2026-04-10 15:34:12,909 | INFO | Run 4/9 (5 remaining) | global 13/18 (5 remaining) | iteration=1 | mode=compare | config=pruned_g4-p0-m3-b1
2026-04-10 15:34:12,909 | INFO | Task: kernel=mlp_expand M=16 K=768 N=3072 bucket=small
2026-04-10 15:34:12,909 | INFO | ########################################################################################################################

2026-04-10 15:34:12,917 | ERROR | Task failed for kernel=mlp_expand M=16 with config=pruned_g4-p0-m3-b1
Traceback (most recent call last):
  File "/home/ishan/projects/major_project/apache_tvm_research/research/workloads/bert/metaschedule/metaschedule_8020_tuner.py", line 939, in _run_single_task
    database = _run_tuning(mod=mod, work_dir=work_dir, config=biased_config, tune_seed=tune_seed)
  File "/home/ishan/projects/major_project/apache_tvm_research/research/workloads/bert/metaschedule/metaschedule_8020_tuner.py", line 609, in _run_tuning
    "builder": ms.builder.LocalBuilder(),
  File "/home/ishan/projects/major_project/apache_tvm_research/tvm/python/tvm/meta_schedule/utils.py", line 116, in __init__
    self._inst = cls(*args, **kwargs)
  File "/home/ishan/projects/major_project/apache_tvm_research/tvm/python/tvm/meta_schedule/builder/local_builder.py", line 148, in __init__
    self._sanity_check()
  File "/home/ishan/projects/major_project/apache_tvm_research/tvm/python/tvm/meta_schedule/builder/local_builder.py", line 210, in _sanity_check
    value.result()
  File "/usr/lib/python3.10/concurrent/futures/_base.py", line 458, in result
    return self.__get_result()
  File "/usr/lib/python3.10/concurrent/futures/_base.py", line 403, in __get_result
    raise self._exception
  File "/usr/lib/python3.10/concurrent/futures/thread.py", line 58, in run
    result = self.fn(*self.args, **self.kwargs)
  File "/home/ishan/projects/major_project/apache_tvm_research/tvm/python/tvm/contrib/popen_pool.py", line 432, in <lambda>
    worker = lambda *args: self._worker_run(*args)
  File "/home/ishan/projects/major_project/apache_tvm_research/tvm/python/tvm/contrib/popen_pool.py", line 400, in _worker_run
    proc.send(fn, args, kwargs, self._timeout)
  File "/home/ishan/projects/major_project/apache_tvm_research/tvm/python/tvm/contrib/popen_pool.py", line 238, in send
    import cloudpickle
ModuleNotFoundError: No module named 'cloudpickle'
2026-04-10 15:34:12,917 | INFO | 
########################################################################################################################
2026-04-10 15:34:12,917 | INFO | Run 5/9 (4 remaining) | global 14/18 (4 remaining) | iteration=1 | mode=compare | config=pruned_g4-p0-m3-b1
2026-04-10 15:34:12,917 | INFO | Task: kernel=mlp_expand M=128 K=768 N=3072 bucket=medium
2026-04-10 15:34:12,917 | INFO | ########################################################################################################################

2026-04-10 15:34:12,925 | ERROR | Task failed for kernel=mlp_expand M=128 with config=pruned_g4-p0-m3-b1
Traceback (most recent call last):
  File "/home/ishan/projects/major_project/apache_tvm_research/research/workloads/bert/metaschedule/metaschedule_8020_tuner.py", line 939, in _run_single_task
    database = _run_tuning(mod=mod, work_dir=work_dir, config=biased_config, tune_seed=tune_seed)
  File "/home/ishan/projects/major_project/apache_tvm_research/research/workloads/bert/metaschedule/metaschedule_8020_tuner.py", line 609, in _run_tuning
    "builder": ms.builder.LocalBuilder(),
  File "/home/ishan/projects/major_project/apache_tvm_research/tvm/python/tvm/meta_schedule/utils.py", line 116, in __init__
    self._inst = cls(*args, **kwargs)
  File "/home/ishan/projects/major_project/apache_tvm_research/tvm/python/tvm/meta_schedule/builder/local_builder.py", line 148, in __init__
    self._sanity_check()
  File "/home/ishan/projects/major_project/apache_tvm_research/tvm/python/tvm/meta_schedule/builder/local_builder.py", line 210, in _sanity_check
    value.result()
  File "/usr/lib/python3.10/concurrent/futures/_base.py", line 458, in result
    return self.__get_result()
  File "/usr/lib/python3.10/concurrent/futures/_base.py", line 403, in __get_result
    raise self._exception
  File "/usr/lib/python3.10/concurrent/futures/thread.py", line 58, in run
    result = self.fn(*self.args, **self.kwargs)
  File "/home/ishan/projects/major_project/apache_tvm_research/tvm/python/tvm/contrib/popen_pool.py", line 432, in <lambda>
    worker = lambda *args: self._worker_run(*args)
  File "/home/ishan/projects/major_project/apache_tvm_research/tvm/python/tvm/contrib/popen_pool.py", line 400, in _worker_run
    proc.send(fn, args, kwargs, self._timeout)
  File "/home/ishan/projects/major_project/apache_tvm_research/tvm/python/tvm/contrib/popen_pool.py", line 238, in send
    import cloudpickle
ModuleNotFoundError: No module named 'cloudpickle'
2026-04-10 15:34:12,925 | INFO | 
########################################################################################################################
2026-04-10 15:34:12,925 | INFO | Run 6/9 (3 remaining) | global 15/18 (3 remaining) | iteration=1 | mode=compare | config=pruned_g4-p0-m3-b1
2026-04-10 15:34:12,925 | INFO | Task: kernel=mlp_expand M=384 K=768 N=3072 bucket=large
2026-04-10 15:34:12,925 | INFO | ########################################################################################################################

2026-04-10 15:34:12,933 | ERROR | Task failed for kernel=mlp_expand M=384 with config=pruned_g4-p0-m3-b1
Traceback (most recent call last):
  File "/home/ishan/projects/major_project/apache_tvm_research/research/workloads/bert/metaschedule/metaschedule_8020_tuner.py", line 939, in _run_single_task
    database = _run_tuning(mod=mod, work_dir=work_dir, config=biased_config, tune_seed=tune_seed)
  File "/home/ishan/projects/major_project/apache_tvm_research/research/workloads/bert/metaschedule/metaschedule_8020_tuner.py", line 609, in _run_tuning
    "builder": ms.builder.LocalBuilder(),
  File "/home/ishan/projects/major_project/apache_tvm_research/tvm/python/tvm/meta_schedule/utils.py", line 116, in __init__
    self._inst = cls(*args, **kwargs)
  File "/home/ishan/projects/major_project/apache_tvm_research/tvm/python/tvm/meta_schedule/builder/local_builder.py", line 148, in __init__
    self._sanity_check()
  File "/home/ishan/projects/major_project/apache_tvm_research/tvm/python/tvm/meta_schedule/builder/local_builder.py", line 210, in _sanity_check
    value.result()
  File "/usr/lib/python3.10/concurrent/futures/_base.py", line 458, in result
    return self.__get_result()
  File "/usr/lib/python3.10/concurrent/futures/_base.py", line 403, in __get_result
    raise self._exception
  File "/usr/lib/python3.10/concurrent/futures/thread.py", line 58, in run
    result = self.fn(*self.args, **self.kwargs)
  File "/home/ishan/projects/major_project/apache_tvm_research/tvm/python/tvm/contrib/popen_pool.py", line 432, in <lambda>
    worker = lambda *args: self._worker_run(*args)
  File "/home/ishan/projects/major_project/apache_tvm_research/tvm/python/tvm/contrib/popen_pool.py", line 400, in _worker_run
    proc.send(fn, args, kwargs, self._timeout)
  File "/home/ishan/projects/major_project/apache_tvm_research/tvm/python/tvm/contrib/popen_pool.py", line 238, in send
    import cloudpickle
ModuleNotFoundError: No module named 'cloudpickle'
2026-04-10 15:34:12,934 | INFO | 
########################################################################################################################
2026-04-10 15:34:12,934 | INFO | Run 7/9 (2 remaining) | global 16/18 (2 remaining) | iteration=1 | mode=compare | config=pruned_g4-p0-m3-b1
2026-04-10 15:34:12,934 | INFO | Task: kernel=mlp_reduce M=16 K=3072 N=768 bucket=small
2026-04-10 15:34:12,934 | INFO | ########################################################################################################################

2026-04-10 15:34:12,941 | ERROR | Task failed for kernel=mlp_reduce M=16 with config=pruned_g4-p0-m3-b1
Traceback (most recent call last):
  File "/home/ishan/projects/major_project/apache_tvm_research/research/workloads/bert/metaschedule/metaschedule_8020_tuner.py", line 939, in _run_single_task
    database = _run_tuning(mod=mod, work_dir=work_dir, config=biased_config, tune_seed=tune_seed)
  File "/home/ishan/projects/major_project/apache_tvm_research/research/workloads/bert/metaschedule/metaschedule_8020_tuner.py", line 609, in _run_tuning
    "builder": ms.builder.LocalBuilder(),
  File "/home/ishan/projects/major_project/apache_tvm_research/tvm/python/tvm/meta_schedule/utils.py", line 116, in __init__
    self._inst = cls(*args, **kwargs)
  File "/home/ishan/projects/major_project/apache_tvm_research/tvm/python/tvm/meta_schedule/builder/local_builder.py", line 148, in __init__
    self._sanity_check()
  File "/home/ishan/projects/major_project/apache_tvm_research/tvm/python/tvm/meta_schedule/builder/local_builder.py", line 210, in _sanity_check
    value.result()
  File "/usr/lib/python3.10/concurrent/futures/_base.py", line 458, in result
    return self.__get_result()
  File "/usr/lib/python3.10/concurrent/futures/_base.py", line 403, in __get_result
    raise self._exception
  File "/usr/lib/python3.10/concurrent/futures/thread.py", line 58, in run
    result = self.fn(*self.args, **self.kwargs)
  File "/home/ishan/projects/major_project/apache_tvm_research/tvm/python/tvm/contrib/popen_pool.py", line 432, in <lambda>
    worker = lambda *args: self._worker_run(*args)
  File "/home/ishan/projects/major_project/apache_tvm_research/tvm/python/tvm/contrib/popen_pool.py", line 400, in _worker_run
    proc.send(fn, args, kwargs, self._timeout)
  File "/home/ishan/projects/major_project/apache_tvm_research/tvm/python/tvm/contrib/popen_pool.py", line 238, in send
    import cloudpickle
ModuleNotFoundError: No module named 'cloudpickle'
2026-04-10 15:34:12,941 | INFO | 
########################################################################################################################
2026-04-10 15:34:12,941 | INFO | Run 8/9 (1 remaining) | global 17/18 (1 remaining) | iteration=1 | mode=compare | config=pruned_g4-p0-m3-b1
2026-04-10 15:34:12,941 | INFO | Task: kernel=mlp_reduce M=128 K=3072 N=768 bucket=medium
2026-04-10 15:34:12,941 | INFO | ########################################################################################################################

2026-04-10 15:34:12,949 | ERROR | Task failed for kernel=mlp_reduce M=128 with config=pruned_g4-p0-m3-b1
Traceback (most recent call last):
  File "/home/ishan/projects/major_project/apache_tvm_research/research/workloads/bert/metaschedule/metaschedule_8020_tuner.py", line 939, in _run_single_task
    database = _run_tuning(mod=mod, work_dir=work_dir, config=biased_config, tune_seed=tune_seed)
  File "/home/ishan/projects/major_project/apache_tvm_research/research/workloads/bert/metaschedule/metaschedule_8020_tuner.py", line 609, in _run_tuning
    "builder": ms.builder.LocalBuilder(),
  File "/home/ishan/projects/major_project/apache_tvm_research/tvm/python/tvm/meta_schedule/utils.py", line 116, in __init__
    self._inst = cls(*args, **kwargs)
  File "/home/ishan/projects/major_project/apache_tvm_research/tvm/python/tvm/meta_schedule/builder/local_builder.py", line 148, in __init__
    self._sanity_check()
  File "/home/ishan/projects/major_project/apache_tvm_research/tvm/python/tvm/meta_schedule/builder/local_builder.py", line 210, in _sanity_check
    value.result()
  File "/usr/lib/python3.10/concurrent/futures/_base.py", line 458, in result
    return self.__get_result()
  File "/usr/lib/python3.10/concurrent/futures/_base.py", line 403, in __get_result
    raise self._exception
  File "/usr/lib/python3.10/concurrent/futures/thread.py", line 58, in run
    result = self.fn(*self.args, **self.kwargs)
  File "/home/ishan/projects/major_project/apache_tvm_research/tvm/python/tvm/contrib/popen_pool.py", line 432, in <lambda>
    worker = lambda *args: self._worker_run(*args)
  File "/home/ishan/projects/major_project/apache_tvm_research/tvm/python/tvm/contrib/popen_pool.py", line 400, in _worker_run
    proc.send(fn, args, kwargs, self._timeout)
  File "/home/ishan/projects/major_project/apache_tvm_research/tvm/python/tvm/contrib/popen_pool.py", line 238, in send
    import cloudpickle
ModuleNotFoundError: No module named 'cloudpickle'
2026-04-10 15:34:12,950 | INFO | 
########################################################################################################################
2026-04-10 15:34:12,951 | INFO | Run 9/9 (0 remaining) | global 18/18 (0 remaining) | iteration=1 | mode=compare | config=pruned_g4-p0-m3-b1
2026-04-10 15:34:12,951 | INFO | Task: kernel=mlp_reduce M=384 K=3072 N=768 bucket=large
2026-04-10 15:34:12,951 | INFO | ########################################################################################################################

2026-04-10 15:34:12,959 | ERROR | Task failed for kernel=mlp_reduce M=384 with config=pruned_g4-p0-m3-b1
Traceback (most recent call last):
  File "/home/ishan/projects/major_project/apache_tvm_research/research/workloads/bert/metaschedule/metaschedule_8020_tuner.py", line 939, in _run_single_task
    database = _run_tuning(mod=mod, work_dir=work_dir, config=biased_config, tune_seed=tune_seed)
  File "/home/ishan/projects/major_project/apache_tvm_research/research/workloads/bert/metaschedule/metaschedule_8020_tuner.py", line 609, in _run_tuning
    "builder": ms.builder.LocalBuilder(),
  File "/home/ishan/projects/major_project/apache_tvm_research/tvm/python/tvm/meta_schedule/utils.py", line 116, in __init__
    self._inst = cls(*args, **kwargs)
  File "/home/ishan/projects/major_project/apache_tvm_research/tvm/python/tvm/meta_schedule/builder/local_builder.py", line 148, in __init__
    self._sanity_check()
  File "/home/ishan/projects/major_project/apache_tvm_research/tvm/python/tvm/meta_schedule/builder/local_builder.py", line 210, in _sanity_check
    value.result()
  File "/usr/lib/python3.10/concurrent/futures/_base.py", line 458, in result
    return self.__get_result()
  File "/usr/lib/python3.10/concurrent/futures/_base.py", line 403, in __get_result
    raise self._exception
  File "/usr/lib/python3.10/concurrent/futures/thread.py", line 58, in run
    result = self.fn(*self.args, **self.kwargs)
  File "/home/ishan/projects/major_project/apache_tvm_research/tvm/python/tvm/contrib/popen_pool.py", line 432, in <lambda>
    worker = lambda *args: self._worker_run(*args)
  File "/home/ishan/projects/major_project/apache_tvm_research/tvm/python/tvm/contrib/popen_pool.py", line 400, in _worker_run
    proc.send(fn, args, kwargs, self._timeout)
  File "/home/ishan/projects/major_project/apache_tvm_research/tvm/python/tvm/contrib/popen_pool.py", line 238, in send
    import cloudpickle
ModuleNotFoundError: No module named 'cloudpickle'
2026-04-10 15:34:12,959 | INFO | Per-task latency comparison table:
shape             | baseline_latency_us | candidate_latency_us | baseline_task_tune_time | candidate_task_tune_time | latency_retention | exec_time_reduction
------------------+---------------------+----------------------+-------------------------+--------------------------+-------------------+--------------------
mlp_expand[M=16]  | n/a                 | n/a                  | n/a                     | n/a                      | → n/a             | → n/a              
mlp_expand[M=128] | n/a                 | n/a                  | n/a                     | n/a                      | → n/a             | → n/a              
mlp_expand[M=384] | n/a                 | n/a                  | n/a                     | n/a                      | → n/a             | → n/a              
mlp_reduce[M=16]  | n/a                 | n/a                  | n/a                     | n/a                      | → n/a             | → n/a              
mlp_reduce[M=128] | n/a                 | n/a                  | n/a                     | n/a                      | → n/a             | → n/a              
mlp_reduce[M=384] | n/a                 | n/a                  | n/a                     | n/a                      | → n/a             | → n/a              
qkv[M=16]         | n/a                 | n/a                  | n/a                     | n/a                      | → n/a             | → n/a              
qkv[M=128]        | n/a                 | n/a                  | n/a                     | n/a                      | → n/a             | → n/a              
qkv[M=384]        | n/a                 | n/a                  | n/a                     | n/a                      | → n/a             | → n/a              
2026-04-10 15:34:12,960 | INFO | Per-kernel geomean comparison table:
No kernel-level summary rows were available for comparison.
2026-04-10 15:34:12,960 | INFO | Full tune_tir series time | baseline=0m 0.000s (0.000s) | candidate=0m 0.000s (0.000s)
2026-04-10 15:34:12,960 | INFO | Overall comparison summary:
num_shapes | base_lat_gm_us | cand_lat_gm_us | base_total_tune_tir | cand_total_tune_tir | base_total_tune_s | cand_total_tune_s | latency_retention | exec_time_reduction
-----------+----------------+----------------+---------------------+---------------------+-------------------+-------------------+-------------------+--------------------
9          | n/a            | n/a            | 0m 0.000s           | 0m 0.000s           | 0.000             | 0.000             | → n/a             | → n/a              
2026-04-10 15:34:13,045 | INFO | Comparison completed
2026-04-10 15:34:13,045 | INFO | Comparison details written to research/results/metaschedule/comparison_results.json (id=30f507b7af493631)
2026-04-10 15:34:13,045 | INFO | Comparison retention= → 0.0000 total_tune_tir_time_reduction= → 0.0000
2026-04-10 15:38:11,858 | INFO | Starting 80/20 MetaSchedule tuner
2026-04-10 15:38:11,859 | INFO | Target: llvm -keys=cpu -mtriple=x86_64-pc-linux-gnu -num-cores=8
2026-04-10 15:38:11,859 | INFO | Work dir base: research/results/metaschedule/8020
2026-04-10 15:38:11,876 | INFO | Profile: i5-1235u
2026-04-10 15:38:11,877 | INFO | Kernels: qkv, mlp_expand, mlp_reduce
2026-04-10 15:38:11,877 | INFO | Evaluation tasks (full M sweep): 24
2026-04-10 15:38:11,877 | INFO |   - kernel=qkv M=16 K=768 N=768 (small)
2026-04-10 15:38:11,877 | INFO |   - kernel=qkv M=32 K=768 N=768 (small)
2026-04-10 15:38:11,877 | INFO |   - kernel=qkv M=64 K=768 N=768 (small)
2026-04-10 15:38:11,878 | INFO |   - kernel=qkv M=96 K=768 N=768 (medium)
2026-04-10 15:38:11,878 | INFO |   - kernel=qkv M=128 K=768 N=768 (medium)
2026-04-10 15:38:11,878 | INFO |   - kernel=qkv M=192 K=768 N=768 (large)
2026-04-10 15:38:11,878 | INFO |   - kernel=qkv M=256 K=768 N=768 (large)
2026-04-10 15:38:11,878 | INFO |   - kernel=qkv M=384 K=768 N=768 (large)
2026-04-10 15:38:11,878 | INFO |   - kernel=mlp_expand M=16 K=768 N=3072 (small)
2026-04-10 15:38:11,878 | INFO |   - kernel=mlp_expand M=32 K=768 N=3072 (small)
2026-04-10 15:38:11,878 | INFO |   - kernel=mlp_expand M=64 K=768 N=3072 (small)
2026-04-10 15:38:11,878 | INFO |   - kernel=mlp_expand M=96 K=768 N=3072 (medium)
2026-04-10 15:38:11,878 | INFO |   - kernel=mlp_expand M=128 K=768 N=3072 (medium)
2026-04-10 15:38:11,878 | INFO |   - kernel=mlp_expand M=192 K=768 N=3072 (large)
2026-04-10 15:38:11,878 | INFO |   - kernel=mlp_expand M=256 K=768 N=3072 (large)
2026-04-10 15:38:11,878 | INFO |   - kernel=mlp_expand M=384 K=768 N=3072 (large)
2026-04-10 15:38:11,878 | INFO |   - kernel=mlp_reduce M=16 K=3072 N=768 (small)
2026-04-10 15:38:11,878 | INFO |   - kernel=mlp_reduce M=32 K=3072 N=768 (small)
2026-04-10 15:38:11,878 | INFO |   - kernel=mlp_reduce M=64 K=3072 N=768 (small)
2026-04-10 15:38:11,878 | INFO |   - kernel=mlp_reduce M=96 K=3072 N=768 (medium)
2026-04-10 15:38:11,878 | INFO |   - kernel=mlp_reduce M=128 K=3072 N=768 (medium)
2026-04-10 15:38:11,878 | INFO |   - kernel=mlp_reduce M=192 K=3072 N=768 (large)
2026-04-10 15:38:11,878 | INFO |   - kernel=mlp_reduce M=256 K=3072 N=768 (large)
2026-04-10 15:38:11,879 | INFO |   - kernel=mlp_reduce M=384 K=3072 N=768 (large)
2026-04-10 15:38:11,881 | INFO | Loaded 24 historical best schedules for heuristic biasing
2026-04-10 15:38:11,896 | INFO | Evaluating config=baseline (state=g0-p0-m0-b0) iteration=1 mode=compare
2026-04-10 15:38:11,896 | INFO | 
########################################################################################################################
2026-04-10 15:38:11,897 | INFO | Run 1/24 (23 remaining) | global 1/24 (23 remaining) | iteration=1 | mode=compare | config=baseline
2026-04-10 15:38:11,897 | INFO | Task: kernel=qkv M=16 K=768 N=768 bucket=small
2026-04-10 15:38:11,897 | INFO | ########################################################################################################################

2026-04-10 15:38:42,494 | ERROR | Task failed for kernel=qkv M=16 with config=baseline
Traceback (most recent call last):
  File "/home/ishan/projects/major_project/apache_tvm_research/research/workloads/bert/metaschedule/metaschedule_8020_tuner.py", line 938, in _run_single_task
    database = _run_tuning(mod=mod, work_dir=work_dir, config=biased_config, tune_seed=tune_seed)
  File "/home/ishan/projects/major_project/apache_tvm_research/research/workloads/bert/metaschedule/metaschedule_8020_tuner.py", line 617, in _run_tuning
    return ms.tir_integration.tune_tir(**supported_kwargs)
  File "/home/ishan/projects/major_project/apache_tvm_research/tvm/python/tvm/meta_schedule/tir_integration.py", line 146, in tune_tir
    return tune_tasks(
  File "/home/ishan/projects/major_project/apache_tvm_research/tvm/python/tvm/meta_schedule/tune.py", line 122, in tune_tasks
    task_scheduler.tune(
  File "/home/ishan/projects/major_project/apache_tvm_research/tvm/python/tvm/meta_schedule/task_scheduler/task_scheduler.py", line 132, in tune
    _ffi_api.TaskSchedulerTune(  # type: ignore # pylint: disable=no-member
  File "tvm/ffi/cython/function.pxi", line 228, in tvm.ffi.core.Function.__call__
  File "tvm/ffi/cython/core.cpp", line 21837, in __pyx_pw_3tvm_3ffi_4core_8Function_1__call__
  File "tvm/ffi/cython/core.cpp", line 21888, in __pyx_pf_3tvm_3ffi_4core_8Function___call__
  File "tvm/ffi/cython/core.cpp", line 21606, in __pyx_f_3tvm_3ffi_4core_FuncCall
  File "tvm/ffi/cython/core.cpp", line 24531, in __pyx_f_3tvm_3ffi_4core_tvm_ffi_callback
  File "tvm/ffi/cython/core.cpp", line 14943, in __pyx_f_3tvm_3ffi_4core_set_last_ffi_error
  File "tvm/ffi/cython/function.pxi", line 383, in tvm.ffi.core.tvm_ffi_callback
  File "/home/ishan/projects/major_project/apache_tvm_research/tvm/python/tvm/meta_schedule/utils.py", line 76, in method
    return getattr(inst, name)(*args, **kwargs)
  File "/home/ishan/projects/major_project/apache_tvm_research/tvm/python/tvm/meta_schedule/cost_model/xgb_model.py", line 550, in update
    self._train(xs=feature_list, ys=cost_ratios)
  File "/home/ishan/projects/major_project/apache_tvm_research/tvm/python/tvm/meta_schedule/cost_model/xgb_model.py", line 594, in _train
    import xgboost as xgb  # type: ignore # pylint: disable=import-outside-toplevel
RuntimeError: No module named 'xgboost'
2026-04-10 15:38:42,496 | INFO | 
########################################################################################################################
2026-04-10 15:38:42,496 | INFO | Run 2/24 (22 remaining) | global 2/24 (22 remaining) | iteration=1 | mode=compare | config=baseline
2026-04-10 15:38:42,496 | INFO | Task: kernel=qkv M=32 K=768 N=768 bucket=small
2026-04-10 15:38:42,496 | INFO | ########################################################################################################################

2026-04-10 15:39:13,729 | ERROR | Task failed for kernel=qkv M=32 with config=baseline
Traceback (most recent call last):
  File "/home/ishan/projects/major_project/apache_tvm_research/research/workloads/bert/metaschedule/metaschedule_8020_tuner.py", line 938, in _run_single_task
    database = _run_tuning(mod=mod, work_dir=work_dir, config=biased_config, tune_seed=tune_seed)
  File "/home/ishan/projects/major_project/apache_tvm_research/research/workloads/bert/metaschedule/metaschedule_8020_tuner.py", line 617, in _run_tuning
    return ms.tir_integration.tune_tir(**supported_kwargs)
  File "/home/ishan/projects/major_project/apache_tvm_research/tvm/python/tvm/meta_schedule/tir_integration.py", line 146, in tune_tir
    return tune_tasks(
  File "/home/ishan/projects/major_project/apache_tvm_research/tvm/python/tvm/meta_schedule/tune.py", line 122, in tune_tasks
    task_scheduler.tune(
  File "/home/ishan/projects/major_project/apache_tvm_research/tvm/python/tvm/meta_schedule/task_scheduler/task_scheduler.py", line 132, in tune
    _ffi_api.TaskSchedulerTune(  # type: ignore # pylint: disable=no-member
  File "tvm/ffi/cython/function.pxi", line 228, in tvm.ffi.core.Function.__call__
  File "tvm/ffi/cython/core.cpp", line 21837, in __pyx_pw_3tvm_3ffi_4core_8Function_1__call__
  File "tvm/ffi/cython/core.cpp", line 21888, in __pyx_pf_3tvm_3ffi_4core_8Function___call__
  File "tvm/ffi/cython/core.cpp", line 21606, in __pyx_f_3tvm_3ffi_4core_FuncCall
  File "tvm/ffi/cython/core.cpp", line 24531, in __pyx_f_3tvm_3ffi_4core_tvm_ffi_callback
  File "tvm/ffi/cython/core.cpp", line 14943, in __pyx_f_3tvm_3ffi_4core_set_last_ffi_error
  File "tvm/ffi/cython/function.pxi", line 383, in tvm.ffi.core.tvm_ffi_callback
  File "/home/ishan/projects/major_project/apache_tvm_research/tvm/python/tvm/meta_schedule/utils.py", line 76, in method
    return getattr(inst, name)(*args, **kwargs)
  File "/home/ishan/projects/major_project/apache_tvm_research/tvm/python/tvm/meta_schedule/cost_model/xgb_model.py", line 550, in update
    self._train(xs=feature_list, ys=cost_ratios)
  File "/home/ishan/projects/major_project/apache_tvm_research/tvm/python/tvm/meta_schedule/cost_model/xgb_model.py", line 594, in _train
    import xgboost as xgb  # type: ignore # pylint: disable=import-outside-toplevel
RuntimeError: No module named 'xgboost'
2026-04-10 15:39:13,729 | INFO | 
########################################################################################################################
2026-04-10 15:39:13,729 | INFO | Run 3/24 (21 remaining) | global 3/24 (21 remaining) | iteration=1 | mode=compare | config=baseline
2026-04-10 15:39:13,729 | INFO | Task: kernel=qkv M=64 K=768 N=768 bucket=small
2026-04-10 15:39:13,729 | INFO | ########################################################################################################################

2026-04-10 15:39:40,969 | ERROR | Task failed for kernel=qkv M=64 with config=baseline
Traceback (most recent call last):
  File "/home/ishan/projects/major_project/apache_tvm_research/research/workloads/bert/metaschedule/metaschedule_8020_tuner.py", line 938, in _run_single_task
    database = _run_tuning(mod=mod, work_dir=work_dir, config=biased_config, tune_seed=tune_seed)
  File "/home/ishan/projects/major_project/apache_tvm_research/research/workloads/bert/metaschedule/metaschedule_8020_tuner.py", line 617, in _run_tuning
    return ms.tir_integration.tune_tir(**supported_kwargs)
  File "/home/ishan/projects/major_project/apache_tvm_research/tvm/python/tvm/meta_schedule/tir_integration.py", line 146, in tune_tir
    return tune_tasks(
  File "/home/ishan/projects/major_project/apache_tvm_research/tvm/python/tvm/meta_schedule/tune.py", line 122, in tune_tasks
    task_scheduler.tune(
  File "/home/ishan/projects/major_project/apache_tvm_research/tvm/python/tvm/meta_schedule/task_scheduler/task_scheduler.py", line 132, in tune
    _ffi_api.TaskSchedulerTune(  # type: ignore # pylint: disable=no-member
  File "tvm/ffi/cython/function.pxi", line 228, in tvm.ffi.core.Function.__call__
  File "tvm/ffi/cython/core.cpp", line 21837, in __pyx_pw_3tvm_3ffi_4core_8Function_1__call__
  File "tvm/ffi/cython/core.cpp", line 21888, in __pyx_pf_3tvm_3ffi_4core_8Function___call__
  File "tvm/ffi/cython/core.cpp", line 21606, in __pyx_f_3tvm_3ffi_4core_FuncCall
  File "tvm/ffi/cython/core.cpp", line 24531, in __pyx_f_3tvm_3ffi_4core_tvm_ffi_callback
  File "tvm/ffi/cython/core.cpp", line 14943, in __pyx_f_3tvm_3ffi_4core_set_last_ffi_error
  File "tvm/ffi/cython/function.pxi", line 383, in tvm.ffi.core.tvm_ffi_callback
  File "/home/ishan/projects/major_project/apache_tvm_research/tvm/python/tvm/meta_schedule/utils.py", line 76, in method
    return getattr(inst, name)(*args, **kwargs)
  File "/home/ishan/projects/major_project/apache_tvm_research/tvm/python/tvm/meta_schedule/cost_model/xgb_model.py", line 550, in update
    self._train(xs=feature_list, ys=cost_ratios)
  File "/home/ishan/projects/major_project/apache_tvm_research/tvm/python/tvm/meta_schedule/cost_model/xgb_model.py", line 594, in _train
    import xgboost as xgb  # type: ignore # pylint: disable=import-outside-toplevel
RuntimeError: No module named 'xgboost'
2026-04-10 15:39:40,970 | INFO | 
########################################################################################################################
2026-04-10 15:39:40,970 | INFO | Run 4/24 (20 remaining) | global 4/24 (20 remaining) | iteration=1 | mode=compare | config=baseline
2026-04-10 15:39:40,970 | INFO | Task: kernel=qkv M=96 K=768 N=768 bucket=medium
2026-04-10 15:39:40,970 | INFO | ########################################################################################################################

2026-04-10 15:40:10,633 | ERROR | Task failed for kernel=qkv M=96 with config=baseline
Traceback (most recent call last):
  File "/home/ishan/projects/major_project/apache_tvm_research/research/workloads/bert/metaschedule/metaschedule_8020_tuner.py", line 938, in _run_single_task
    database = _run_tuning(mod=mod, work_dir=work_dir, config=biased_config, tune_seed=tune_seed)
  File "/home/ishan/projects/major_project/apache_tvm_research/research/workloads/bert/metaschedule/metaschedule_8020_tuner.py", line 617, in _run_tuning
    return ms.tir_integration.tune_tir(**supported_kwargs)
  File "/home/ishan/projects/major_project/apache_tvm_research/tvm/python/tvm/meta_schedule/tir_integration.py", line 146, in tune_tir
    return tune_tasks(
  File "/home/ishan/projects/major_project/apache_tvm_research/tvm/python/tvm/meta_schedule/tune.py", line 122, in tune_tasks
    task_scheduler.tune(
  File "/home/ishan/projects/major_project/apache_tvm_research/tvm/python/tvm/meta_schedule/task_scheduler/task_scheduler.py", line 132, in tune
    _ffi_api.TaskSchedulerTune(  # type: ignore # pylint: disable=no-member
  File "tvm/ffi/cython/function.pxi", line 228, in tvm.ffi.core.Function.__call__
  File "tvm/ffi/cython/core.cpp", line 21837, in __pyx_pw_3tvm_3ffi_4core_8Function_1__call__
  File "tvm/ffi/cython/core.cpp", line 21888, in __pyx_pf_3tvm_3ffi_4core_8Function___call__
  File "tvm/ffi/cython/core.cpp", line 21606, in __pyx_f_3tvm_3ffi_4core_FuncCall
  File "tvm/ffi/cython/core.cpp", line 24531, in __pyx_f_3tvm_3ffi_4core_tvm_ffi_callback
  File "tvm/ffi/cython/core.cpp", line 14943, in __pyx_f_3tvm_3ffi_4core_set_last_ffi_error
  File "tvm/ffi/cython/function.pxi", line 383, in tvm.ffi.core.tvm_ffi_callback
  File "/home/ishan/projects/major_project/apache_tvm_research/tvm/python/tvm/meta_schedule/utils.py", line 76, in method
    return getattr(inst, name)(*args, **kwargs)
  File "/home/ishan/projects/major_project/apache_tvm_research/tvm/python/tvm/meta_schedule/cost_model/xgb_model.py", line 550, in update
    self._train(xs=feature_list, ys=cost_ratios)
  File "/home/ishan/projects/major_project/apache_tvm_research/tvm/python/tvm/meta_schedule/cost_model/xgb_model.py", line 594, in _train
    import xgboost as xgb  # type: ignore # pylint: disable=import-outside-toplevel
RuntimeError: No module named 'xgboost'
2026-04-10 15:40:10,634 | INFO | 
########################################################################################################################
2026-04-10 15:40:10,634 | INFO | Run 5/24 (19 remaining) | global 5/24 (19 remaining) | iteration=1 | mode=compare | config=baseline
2026-04-10 15:40:10,635 | INFO | Task: kernel=qkv M=128 K=768 N=768 bucket=medium
2026-04-10 15:40:10,635 | INFO | ########################################################################################################################

2026-04-10 15:40:38,113 | ERROR | Task failed for kernel=qkv M=128 with config=baseline
Traceback (most recent call last):
  File "/home/ishan/projects/major_project/apache_tvm_research/research/workloads/bert/metaschedule/metaschedule_8020_tuner.py", line 938, in _run_single_task
    database = _run_tuning(mod=mod, work_dir=work_dir, config=biased_config, tune_seed=tune_seed)
  File "/home/ishan/projects/major_project/apache_tvm_research/research/workloads/bert/metaschedule/metaschedule_8020_tuner.py", line 617, in _run_tuning
    return ms.tir_integration.tune_tir(**supported_kwargs)
  File "/home/ishan/projects/major_project/apache_tvm_research/tvm/python/tvm/meta_schedule/tir_integration.py", line 146, in tune_tir
    return tune_tasks(
  File "/home/ishan/projects/major_project/apache_tvm_research/tvm/python/tvm/meta_schedule/tune.py", line 122, in tune_tasks
    task_scheduler.tune(
  File "/home/ishan/projects/major_project/apache_tvm_research/tvm/python/tvm/meta_schedule/task_scheduler/task_scheduler.py", line 132, in tune
    _ffi_api.TaskSchedulerTune(  # type: ignore # pylint: disable=no-member
  File "tvm/ffi/cython/function.pxi", line 228, in tvm.ffi.core.Function.__call__
  File "tvm/ffi/cython/core.cpp", line 21837, in __pyx_pw_3tvm_3ffi_4core_8Function_1__call__
  File "tvm/ffi/cython/core.cpp", line 21888, in __pyx_pf_3tvm_3ffi_4core_8Function___call__
  File "tvm/ffi/cython/core.cpp", line 21606, in __pyx_f_3tvm_3ffi_4core_FuncCall
  File "tvm/ffi/cython/core.cpp", line 24531, in __pyx_f_3tvm_3ffi_4core_tvm_ffi_callback
  File "tvm/ffi/cython/core.cpp", line 14943, in __pyx_f_3tvm_3ffi_4core_set_last_ffi_error
  File "tvm/ffi/cython/function.pxi", line 383, in tvm.ffi.core.tvm_ffi_callback
  File "/home/ishan/projects/major_project/apache_tvm_research/tvm/python/tvm/meta_schedule/utils.py", line 76, in method
    return getattr(inst, name)(*args, **kwargs)
  File "/home/ishan/projects/major_project/apache_tvm_research/tvm/python/tvm/meta_schedule/cost_model/xgb_model.py", line 550, in update
    self._train(xs=feature_list, ys=cost_ratios)
  File "/home/ishan/projects/major_project/apache_tvm_research/tvm/python/tvm/meta_schedule/cost_model/xgb_model.py", line 594, in _train
    import xgboost as xgb  # type: ignore # pylint: disable=import-outside-toplevel
RuntimeError: No module named 'xgboost'
2026-04-10 15:40:38,114 | INFO | 
########################################################################################################################
2026-04-10 15:40:38,114 | INFO | Run 6/24 (18 remaining) | global 6/24 (18 remaining) | iteration=1 | mode=compare | config=baseline
2026-04-10 15:40:38,114 | INFO | Task: kernel=qkv M=192 K=768 N=768 bucket=large
2026-04-10 15:40:38,114 | INFO | ########################################################################################################################

2026-04-10 15:41:08,779 | ERROR | Task failed for kernel=qkv M=192 with config=baseline
Traceback (most recent call last):
  File "/home/ishan/projects/major_project/apache_tvm_research/research/workloads/bert/metaschedule/metaschedule_8020_tuner.py", line 938, in _run_single_task
    database = _run_tuning(mod=mod, work_dir=work_dir, config=biased_config, tune_seed=tune_seed)
  File "/home/ishan/projects/major_project/apache_tvm_research/research/workloads/bert/metaschedule/metaschedule_8020_tuner.py", line 617, in _run_tuning
    return ms.tir_integration.tune_tir(**supported_kwargs)
  File "/home/ishan/projects/major_project/apache_tvm_research/tvm/python/tvm/meta_schedule/tir_integration.py", line 146, in tune_tir
    return tune_tasks(
  File "/home/ishan/projects/major_project/apache_tvm_research/tvm/python/tvm/meta_schedule/tune.py", line 122, in tune_tasks
    task_scheduler.tune(
  File "/home/ishan/projects/major_project/apache_tvm_research/tvm/python/tvm/meta_schedule/task_scheduler/task_scheduler.py", line 132, in tune
    _ffi_api.TaskSchedulerTune(  # type: ignore # pylint: disable=no-member
  File "tvm/ffi/cython/function.pxi", line 228, in tvm.ffi.core.Function.__call__
  File "tvm/ffi/cython/core.cpp", line 21837, in __pyx_pw_3tvm_3ffi_4core_8Function_1__call__
  File "tvm/ffi/cython/core.cpp", line 21888, in __pyx_pf_3tvm_3ffi_4core_8Function___call__
  File "tvm/ffi/cython/core.cpp", line 21606, in __pyx_f_3tvm_3ffi_4core_FuncCall
  File "tvm/ffi/cython/core.cpp", line 24531, in __pyx_f_3tvm_3ffi_4core_tvm_ffi_callback
  File "tvm/ffi/cython/core.cpp", line 14943, in __pyx_f_3tvm_3ffi_4core_set_last_ffi_error
  File "tvm/ffi/cython/function.pxi", line 383, in tvm.ffi.core.tvm_ffi_callback
  File "/home/ishan/projects/major_project/apache_tvm_research/tvm/python/tvm/meta_schedule/utils.py", line 76, in method
    return getattr(inst, name)(*args, **kwargs)
  File "/home/ishan/projects/major_project/apache_tvm_research/tvm/python/tvm/meta_schedule/cost_model/xgb_model.py", line 550, in update
    self._train(xs=feature_list, ys=cost_ratios)
  File "/home/ishan/projects/major_project/apache_tvm_research/tvm/python/tvm/meta_schedule/cost_model/xgb_model.py", line 594, in _train
    import xgboost as xgb  # type: ignore # pylint: disable=import-outside-toplevel
RuntimeError: No module named 'xgboost'
2026-04-10 15:41:08,780 | INFO | 
########################################################################################################################
2026-04-10 15:41:08,780 | INFO | Run 7/24 (17 remaining) | global 7/24 (17 remaining) | iteration=1 | mode=compare | config=baseline
2026-04-10 15:41:08,781 | INFO | Task: kernel=qkv M=256 K=768 N=768 bucket=large
2026-04-10 15:41:08,781 | INFO | ########################################################################################################################

2026-04-10 15:41:38,035 | ERROR | Task failed for kernel=qkv M=256 with config=baseline
Traceback (most recent call last):
  File "/home/ishan/projects/major_project/apache_tvm_research/research/workloads/bert/metaschedule/metaschedule_8020_tuner.py", line 938, in _run_single_task
    database = _run_tuning(mod=mod, work_dir=work_dir, config=biased_config, tune_seed=tune_seed)
  File "/home/ishan/projects/major_project/apache_tvm_research/research/workloads/bert/metaschedule/metaschedule_8020_tuner.py", line 617, in _run_tuning
    return ms.tir_integration.tune_tir(**supported_kwargs)
  File "/home/ishan/projects/major_project/apache_tvm_research/tvm/python/tvm/meta_schedule/tir_integration.py", line 146, in tune_tir
    return tune_tasks(
  File "/home/ishan/projects/major_project/apache_tvm_research/tvm/python/tvm/meta_schedule/tune.py", line 122, in tune_tasks
    task_scheduler.tune(
  File "/home/ishan/projects/major_project/apache_tvm_research/tvm/python/tvm/meta_schedule/task_scheduler/task_scheduler.py", line 132, in tune
    _ffi_api.TaskSchedulerTune(  # type: ignore # pylint: disable=no-member
  File "tvm/ffi/cython/function.pxi", line 228, in tvm.ffi.core.Function.__call__
  File "tvm/ffi/cython/core.cpp", line 21837, in __pyx_pw_3tvm_3ffi_4core_8Function_1__call__
  File "tvm/ffi/cython/core.cpp", line 21888, in __pyx_pf_3tvm_3ffi_4core_8Function___call__
  File "tvm/ffi/cython/core.cpp", line 21606, in __pyx_f_3tvm_3ffi_4core_FuncCall
  File "tvm/ffi/cython/core.cpp", line 24531, in __pyx_f_3tvm_3ffi_4core_tvm_ffi_callback
  File "tvm/ffi/cython/core.cpp", line 14943, in __pyx_f_3tvm_3ffi_4core_set_last_ffi_error
  File "tvm/ffi/cython/function.pxi", line 383, in tvm.ffi.core.tvm_ffi_callback
  File "/home/ishan/projects/major_project/apache_tvm_research/tvm/python/tvm/meta_schedule/utils.py", line 76, in method
    return getattr(inst, name)(*args, **kwargs)
  File "/home/ishan/projects/major_project/apache_tvm_research/tvm/python/tvm/meta_schedule/cost_model/xgb_model.py", line 550, in update
    self._train(xs=feature_list, ys=cost_ratios)
  File "/home/ishan/projects/major_project/apache_tvm_research/tvm/python/tvm/meta_schedule/cost_model/xgb_model.py", line 594, in _train
    import xgboost as xgb  # type: ignore # pylint: disable=import-outside-toplevel
RuntimeError: No module named 'xgboost'
2026-04-10 15:41:38,036 | INFO | 
########################################################################################################################
2026-04-10 15:41:38,036 | INFO | Run 8/24 (16 remaining) | global 8/24 (16 remaining) | iteration=1 | mode=compare | config=baseline
2026-04-10 15:41:38,036 | INFO | Task: kernel=qkv M=384 K=768 N=768 bucket=large
2026-04-10 15:41:38,036 | INFO | ########################################################################################################################

2026-04-10 15:42:06,778 | ERROR | Task failed for kernel=qkv M=384 with config=baseline
Traceback (most recent call last):
  File "/home/ishan/projects/major_project/apache_tvm_research/research/workloads/bert/metaschedule/metaschedule_8020_tuner.py", line 938, in _run_single_task
    database = _run_tuning(mod=mod, work_dir=work_dir, config=biased_config, tune_seed=tune_seed)
  File "/home/ishan/projects/major_project/apache_tvm_research/research/workloads/bert/metaschedule/metaschedule_8020_tuner.py", line 617, in _run_tuning
    return ms.tir_integration.tune_tir(**supported_kwargs)
  File "/home/ishan/projects/major_project/apache_tvm_research/tvm/python/tvm/meta_schedule/tir_integration.py", line 146, in tune_tir
    return tune_tasks(
  File "/home/ishan/projects/major_project/apache_tvm_research/tvm/python/tvm/meta_schedule/tune.py", line 122, in tune_tasks
    task_scheduler.tune(
  File "/home/ishan/projects/major_project/apache_tvm_research/tvm/python/tvm/meta_schedule/task_scheduler/task_scheduler.py", line 132, in tune
    _ffi_api.TaskSchedulerTune(  # type: ignore # pylint: disable=no-member
  File "tvm/ffi/cython/function.pxi", line 228, in tvm.ffi.core.Function.__call__
  File "tvm/ffi/cython/core.cpp", line 21837, in __pyx_pw_3tvm_3ffi_4core_8Function_1__call__
  File "tvm/ffi/cython/core.cpp", line 21888, in __pyx_pf_3tvm_3ffi_4core_8Function___call__
  File "tvm/ffi/cython/core.cpp", line 21606, in __pyx_f_3tvm_3ffi_4core_FuncCall
  File "tvm/ffi/cython/core.cpp", line 24531, in __pyx_f_3tvm_3ffi_4core_tvm_ffi_callback
  File "tvm/ffi/cython/core.cpp", line 14943, in __pyx_f_3tvm_3ffi_4core_set_last_ffi_error
  File "tvm/ffi/cython/function.pxi", line 383, in tvm.ffi.core.tvm_ffi_callback
  File "/home/ishan/projects/major_project/apache_tvm_research/tvm/python/tvm/meta_schedule/utils.py", line 76, in method
    return getattr(inst, name)(*args, **kwargs)
  File "/home/ishan/projects/major_project/apache_tvm_research/tvm/python/tvm/meta_schedule/cost_model/xgb_model.py", line 550, in update
    self._train(xs=feature_list, ys=cost_ratios)
  File "/home/ishan/projects/major_project/apache_tvm_research/tvm/python/tvm/meta_schedule/cost_model/xgb_model.py", line 594, in _train
    import xgboost as xgb  # type: ignore # pylint: disable=import-outside-toplevel
RuntimeError: No module named 'xgboost'
2026-04-10 15:42:06,778 | INFO | 
########################################################################################################################
2026-04-10 15:42:06,779 | INFO | Run 9/24 (15 remaining) | global 9/24 (15 remaining) | iteration=1 | mode=compare | config=baseline
2026-04-10 15:42:06,779 | INFO | Task: kernel=mlp_expand M=16 K=768 N=3072 bucket=small
2026-04-10 15:42:06,779 | INFO | ########################################################################################################################

2026-04-10 15:42:35,669 | ERROR | Task failed for kernel=mlp_expand M=16 with config=baseline
Traceback (most recent call last):
  File "/home/ishan/projects/major_project/apache_tvm_research/research/workloads/bert/metaschedule/metaschedule_8020_tuner.py", line 938, in _run_single_task
    database = _run_tuning(mod=mod, work_dir=work_dir, config=biased_config, tune_seed=tune_seed)
  File "/home/ishan/projects/major_project/apache_tvm_research/research/workloads/bert/metaschedule/metaschedule_8020_tuner.py", line 617, in _run_tuning
    return ms.tir_integration.tune_tir(**supported_kwargs)
  File "/home/ishan/projects/major_project/apache_tvm_research/tvm/python/tvm/meta_schedule/tir_integration.py", line 146, in tune_tir
    return tune_tasks(
  File "/home/ishan/projects/major_project/apache_tvm_research/tvm/python/tvm/meta_schedule/tune.py", line 122, in tune_tasks
    task_scheduler.tune(
  File "/home/ishan/projects/major_project/apache_tvm_research/tvm/python/tvm/meta_schedule/task_scheduler/task_scheduler.py", line 132, in tune
    _ffi_api.TaskSchedulerTune(  # type: ignore # pylint: disable=no-member
  File "tvm/ffi/cython/function.pxi", line 228, in tvm.ffi.core.Function.__call__
  File "tvm/ffi/cython/core.cpp", line 21837, in __pyx_pw_3tvm_3ffi_4core_8Function_1__call__
  File "tvm/ffi/cython/core.cpp", line 21888, in __pyx_pf_3tvm_3ffi_4core_8Function___call__
  File "tvm/ffi/cython/core.cpp", line 21606, in __pyx_f_3tvm_3ffi_4core_FuncCall
  File "tvm/ffi/cython/core.cpp", line 24531, in __pyx_f_3tvm_3ffi_4core_tvm_ffi_callback
  File "tvm/ffi/cython/core.cpp", line 14943, in __pyx_f_3tvm_3ffi_4core_set_last_ffi_error
  File "tvm/ffi/cython/function.pxi", line 383, in tvm.ffi.core.tvm_ffi_callback
  File "/home/ishan/projects/major_project/apache_tvm_research/tvm/python/tvm/meta_schedule/utils.py", line 76, in method
    return getattr(inst, name)(*args, **kwargs)
  File "/home/ishan/projects/major_project/apache_tvm_research/tvm/python/tvm/meta_schedule/cost_model/xgb_model.py", line 550, in update
    self._train(xs=feature_list, ys=cost_ratios)
  File "/home/ishan/projects/major_project/apache_tvm_research/tvm/python/tvm/meta_schedule/cost_model/xgb_model.py", line 594, in _train
    import xgboost as xgb  # type: ignore # pylint: disable=import-outside-toplevel
RuntimeError: No module named 'xgboost'
2026-04-10 15:42:35,670 | INFO | 
########################################################################################################################
2026-04-10 15:42:35,670 | INFO | Run 10/24 (14 remaining) | global 10/24 (14 remaining) | iteration=1 | mode=compare | config=baseline
2026-04-10 15:42:35,670 | INFO | Task: kernel=mlp_expand M=32 K=768 N=3072 bucket=small
2026-04-10 15:42:35,671 | INFO | ########################################################################################################################

2026-04-10 15:43:04,135 | ERROR | Task failed for kernel=mlp_expand M=32 with config=baseline
Traceback (most recent call last):
  File "/home/ishan/projects/major_project/apache_tvm_research/research/workloads/bert/metaschedule/metaschedule_8020_tuner.py", line 938, in _run_single_task
    database = _run_tuning(mod=mod, work_dir=work_dir, config=biased_config, tune_seed=tune_seed)
  File "/home/ishan/projects/major_project/apache_tvm_research/research/workloads/bert/metaschedule/metaschedule_8020_tuner.py", line 617, in _run_tuning
    return ms.tir_integration.tune_tir(**supported_kwargs)
  File "/home/ishan/projects/major_project/apache_tvm_research/tvm/python/tvm/meta_schedule/tir_integration.py", line 146, in tune_tir
    return tune_tasks(
  File "/home/ishan/projects/major_project/apache_tvm_research/tvm/python/tvm/meta_schedule/tune.py", line 122, in tune_tasks
    task_scheduler.tune(
  File "/home/ishan/projects/major_project/apache_tvm_research/tvm/python/tvm/meta_schedule/task_scheduler/task_scheduler.py", line 132, in tune
    _ffi_api.TaskSchedulerTune(  # type: ignore # pylint: disable=no-member
  File "tvm/ffi/cython/function.pxi", line 228, in tvm.ffi.core.Function.__call__
  File "tvm/ffi/cython/core.cpp", line 21837, in __pyx_pw_3tvm_3ffi_4core_8Function_1__call__
  File "tvm/ffi/cython/core.cpp", line 21888, in __pyx_pf_3tvm_3ffi_4core_8Function___call__
  File "tvm/ffi/cython/core.cpp", line 21606, in __pyx_f_3tvm_3ffi_4core_FuncCall
  File "tvm/ffi/cython/core.cpp", line 24531, in __pyx_f_3tvm_3ffi_4core_tvm_ffi_callback
  File "tvm/ffi/cython/core.cpp", line 14943, in __pyx_f_3tvm_3ffi_4core_set_last_ffi_error
  File "tvm/ffi/cython/function.pxi", line 383, in tvm.ffi.core.tvm_ffi_callback
  File "/home/ishan/projects/major_project/apache_tvm_research/tvm/python/tvm/meta_schedule/utils.py", line 76, in method
    return getattr(inst, name)(*args, **kwargs)
  File "/home/ishan/projects/major_project/apache_tvm_research/tvm/python/tvm/meta_schedule/cost_model/xgb_model.py", line 550, in update
    self._train(xs=feature_list, ys=cost_ratios)
  File "/home/ishan/projects/major_project/apache_tvm_research/tvm/python/tvm/meta_schedule/cost_model/xgb_model.py", line 594, in _train
    import xgboost as xgb  # type: ignore # pylint: disable=import-outside-toplevel
RuntimeError: No module named 'xgboost'
2026-04-10 15:43:04,136 | INFO | 
########################################################################################################################
2026-04-10 15:43:04,136 | INFO | Run 11/24 (13 remaining) | global 11/24 (13 remaining) | iteration=1 | mode=compare | config=baseline
2026-04-10 15:43:04,136 | INFO | Task: kernel=mlp_expand M=64 K=768 N=3072 bucket=small
2026-04-10 15:43:04,136 | INFO | ########################################################################################################################

2026-04-10 15:43:38,595 | ERROR | Task failed for kernel=mlp_expand M=64 with config=baseline
Traceback (most recent call last):
  File "/home/ishan/projects/major_project/apache_tvm_research/research/workloads/bert/metaschedule/metaschedule_8020_tuner.py", line 938, in _run_single_task
    database = _run_tuning(mod=mod, work_dir=work_dir, config=biased_config, tune_seed=tune_seed)
  File "/home/ishan/projects/major_project/apache_tvm_research/research/workloads/bert/metaschedule/metaschedule_8020_tuner.py", line 617, in _run_tuning
    return ms.tir_integration.tune_tir(**supported_kwargs)
  File "/home/ishan/projects/major_project/apache_tvm_research/tvm/python/tvm/meta_schedule/tir_integration.py", line 146, in tune_tir
    return tune_tasks(
  File "/home/ishan/projects/major_project/apache_tvm_research/tvm/python/tvm/meta_schedule/tune.py", line 122, in tune_tasks
    task_scheduler.tune(
  File "/home/ishan/projects/major_project/apache_tvm_research/tvm/python/tvm/meta_schedule/task_scheduler/task_scheduler.py", line 132, in tune
    _ffi_api.TaskSchedulerTune(  # type: ignore # pylint: disable=no-member
  File "tvm/ffi/cython/function.pxi", line 228, in tvm.ffi.core.Function.__call__
  File "tvm/ffi/cython/core.cpp", line 21837, in __pyx_pw_3tvm_3ffi_4core_8Function_1__call__
  File "tvm/ffi/cython/core.cpp", line 21888, in __pyx_pf_3tvm_3ffi_4core_8Function___call__
  File "tvm/ffi/cython/core.cpp", line 21606, in __pyx_f_3tvm_3ffi_4core_FuncCall
  File "tvm/ffi/cython/core.cpp", line 24531, in __pyx_f_3tvm_3ffi_4core_tvm_ffi_callback
  File "tvm/ffi/cython/core.cpp", line 14943, in __pyx_f_3tvm_3ffi_4core_set_last_ffi_error
  File "tvm/ffi/cython/function.pxi", line 383, in tvm.ffi.core.tvm_ffi_callback
  File "/home/ishan/projects/major_project/apache_tvm_research/tvm/python/tvm/meta_schedule/utils.py", line 76, in method
    return getattr(inst, name)(*args, **kwargs)
  File "/home/ishan/projects/major_project/apache_tvm_research/tvm/python/tvm/meta_schedule/cost_model/xgb_model.py", line 550, in update
    self._train(xs=feature_list, ys=cost_ratios)
  File "/home/ishan/projects/major_project/apache_tvm_research/tvm/python/tvm/meta_schedule/cost_model/xgb_model.py", line 594, in _train
    import xgboost as xgb  # type: ignore # pylint: disable=import-outside-toplevel
RuntimeError: No module named 'xgboost'
2026-04-10 15:43:38,595 | INFO | 
########################################################################################################################
2026-04-10 15:43:38,595 | INFO | Run 12/24 (12 remaining) | global 12/24 (12 remaining) | iteration=1 | mode=compare | config=baseline
2026-04-10 15:43:38,596 | INFO | Task: kernel=mlp_expand M=96 K=768 N=3072 bucket=medium
2026-04-10 15:43:38,596 | INFO | ########################################################################################################################

2026-04-10 15:44:12,016 | ERROR | Task failed for kernel=mlp_expand M=96 with config=baseline
Traceback (most recent call last):
  File "/home/ishan/projects/major_project/apache_tvm_research/research/workloads/bert/metaschedule/metaschedule_8020_tuner.py", line 938, in _run_single_task
    database = _run_tuning(mod=mod, work_dir=work_dir, config=biased_config, tune_seed=tune_seed)
  File "/home/ishan/projects/major_project/apache_tvm_research/research/workloads/bert/metaschedule/metaschedule_8020_tuner.py", line 617, in _run_tuning
    return ms.tir_integration.tune_tir(**supported_kwargs)
  File "/home/ishan/projects/major_project/apache_tvm_research/tvm/python/tvm/meta_schedule/tir_integration.py", line 146, in tune_tir
    return tune_tasks(
  File "/home/ishan/projects/major_project/apache_tvm_research/tvm/python/tvm/meta_schedule/tune.py", line 122, in tune_tasks
    task_scheduler.tune(
  File "/home/ishan/projects/major_project/apache_tvm_research/tvm/python/tvm/meta_schedule/task_scheduler/task_scheduler.py", line 132, in tune
    _ffi_api.TaskSchedulerTune(  # type: ignore # pylint: disable=no-member
  File "tvm/ffi/cython/function.pxi", line 228, in tvm.ffi.core.Function.__call__
  File "tvm/ffi/cython/core.cpp", line 21837, in __pyx_pw_3tvm_3ffi_4core_8Function_1__call__
  File "tvm/ffi/cython/core.cpp", line 21888, in __pyx_pf_3tvm_3ffi_4core_8Function___call__
  File "tvm/ffi/cython/core.cpp", line 21606, in __pyx_f_3tvm_3ffi_4core_FuncCall
  File "tvm/ffi/cython/core.cpp", line 24531, in __pyx_f_3tvm_3ffi_4core_tvm_ffi_callback
  File "tvm/ffi/cython/core.cpp", line 14943, in __pyx_f_3tvm_3ffi_4core_set_last_ffi_error
  File "tvm/ffi/cython/function.pxi", line 383, in tvm.ffi.core.tvm_ffi_callback
  File "/home/ishan/projects/major_project/apache_tvm_research/tvm/python/tvm/meta_schedule/utils.py", line 76, in method
    return getattr(inst, name)(*args, **kwargs)
  File "/home/ishan/projects/major_project/apache_tvm_research/tvm/python/tvm/meta_schedule/cost_model/xgb_model.py", line 550, in update
    self._train(xs=feature_list, ys=cost_ratios)
  File "/home/ishan/projects/major_project/apache_tvm_research/tvm/python/tvm/meta_schedule/cost_model/xgb_model.py", line 594, in _train
    import xgboost as xgb  # type: ignore # pylint: disable=import-outside-toplevel
RuntimeError: No module named 'xgboost'
2026-04-10 15:44:12,016 | INFO | 
########################################################################################################################
2026-04-10 15:44:12,017 | INFO | Run 13/24 (11 remaining) | global 13/24 (11 remaining) | iteration=1 | mode=compare | config=baseline
2026-04-10 15:44:12,017 | INFO | Task: kernel=mlp_expand M=128 K=768 N=3072 bucket=medium
2026-04-10 15:44:12,017 | INFO | ########################################################################################################################

2026-04-10 15:44:43,999 | ERROR | Task failed for kernel=mlp_expand M=128 with config=baseline
Traceback (most recent call last):
  File "/home/ishan/projects/major_project/apache_tvm_research/research/workloads/bert/metaschedule/metaschedule_8020_tuner.py", line 938, in _run_single_task
    database = _run_tuning(mod=mod, work_dir=work_dir, config=biased_config, tune_seed=tune_seed)
  File "/home/ishan/projects/major_project/apache_tvm_research/research/workloads/bert/metaschedule/metaschedule_8020_tuner.py", line 617, in _run_tuning
    return ms.tir_integration.tune_tir(**supported_kwargs)
  File "/home/ishan/projects/major_project/apache_tvm_research/tvm/python/tvm/meta_schedule/tir_integration.py", line 146, in tune_tir
    return tune_tasks(
  File "/home/ishan/projects/major_project/apache_tvm_research/tvm/python/tvm/meta_schedule/tune.py", line 122, in tune_tasks
    task_scheduler.tune(
  File "/home/ishan/projects/major_project/apache_tvm_research/tvm/python/tvm/meta_schedule/task_scheduler/task_scheduler.py", line 132, in tune
    _ffi_api.TaskSchedulerTune(  # type: ignore # pylint: disable=no-member
  File "tvm/ffi/cython/function.pxi", line 228, in tvm.ffi.core.Function.__call__
  File "tvm/ffi/cython/core.cpp", line 21837, in __pyx_pw_3tvm_3ffi_4core_8Function_1__call__
  File "tvm/ffi/cython/core.cpp", line 21888, in __pyx_pf_3tvm_3ffi_4core_8Function___call__
  File "tvm/ffi/cython/core.cpp", line 21606, in __pyx_f_3tvm_3ffi_4core_FuncCall
  File "tvm/ffi/cython/core.cpp", line 24531, in __pyx_f_3tvm_3ffi_4core_tvm_ffi_callback
  File "tvm/ffi/cython/core.cpp", line 14943, in __pyx_f_3tvm_3ffi_4core_set_last_ffi_error
  File "tvm/ffi/cython/function.pxi", line 383, in tvm.ffi.core.tvm_ffi_callback
  File "/home/ishan/projects/major_project/apache_tvm_research/tvm/python/tvm/meta_schedule/utils.py", line 76, in method
    return getattr(inst, name)(*args, **kwargs)
  File "/home/ishan/projects/major_project/apache_tvm_research/tvm/python/tvm/meta_schedule/cost_model/xgb_model.py", line 550, in update
    self._train(xs=feature_list, ys=cost_ratios)
  File "/home/ishan/projects/major_project/apache_tvm_research/tvm/python/tvm/meta_schedule/cost_model/xgb_model.py", line 594, in _train
    import xgboost as xgb  # type: ignore # pylint: disable=import-outside-toplevel
RuntimeError: No module named 'xgboost'
2026-04-10 15:44:43,999 | INFO | 
########################################################################################################################
2026-04-10 15:44:43,999 | INFO | Run 14/24 (10 remaining) | global 14/24 (10 remaining) | iteration=1 | mode=compare | config=baseline
2026-04-10 15:44:43,999 | INFO | Task: kernel=mlp_expand M=192 K=768 N=3072 bucket=large
2026-04-10 15:44:43,999 | INFO | ########################################################################################################################

2026-04-10 15:45:22,037 | ERROR | Task failed for kernel=mlp_expand M=192 with config=baseline
Traceback (most recent call last):
  File "/home/ishan/projects/major_project/apache_tvm_research/research/workloads/bert/metaschedule/metaschedule_8020_tuner.py", line 938, in _run_single_task
    database = _run_tuning(mod=mod, work_dir=work_dir, config=biased_config, tune_seed=tune_seed)
  File "/home/ishan/projects/major_project/apache_tvm_research/research/workloads/bert/metaschedule/metaschedule_8020_tuner.py", line 617, in _run_tuning
    return ms.tir_integration.tune_tir(**supported_kwargs)
  File "/home/ishan/projects/major_project/apache_tvm_research/tvm/python/tvm/meta_schedule/tir_integration.py", line 146, in tune_tir
    return tune_tasks(
  File "/home/ishan/projects/major_project/apache_tvm_research/tvm/python/tvm/meta_schedule/tune.py", line 122, in tune_tasks
    task_scheduler.tune(
  File "/home/ishan/projects/major_project/apache_tvm_research/tvm/python/tvm/meta_schedule/task_scheduler/task_scheduler.py", line 132, in tune
    _ffi_api.TaskSchedulerTune(  # type: ignore # pylint: disable=no-member
  File "tvm/ffi/cython/function.pxi", line 228, in tvm.ffi.core.Function.__call__
  File "tvm/ffi/cython/core.cpp", line 21837, in __pyx_pw_3tvm_3ffi_4core_8Function_1__call__
  File "tvm/ffi/cython/core.cpp", line 21888, in __pyx_pf_3tvm_3ffi_4core_8Function___call__
  File "tvm/ffi/cython/core.cpp", line 21606, in __pyx_f_3tvm_3ffi_4core_FuncCall
  File "tvm/ffi/cython/core.cpp", line 24531, in __pyx_f_3tvm_3ffi_4core_tvm_ffi_callback
  File "tvm/ffi/cython/core.cpp", line 14943, in __pyx_f_3tvm_3ffi_4core_set_last_ffi_error
  File "tvm/ffi/cython/function.pxi", line 383, in tvm.ffi.core.tvm_ffi_callback
  File "/home/ishan/projects/major_project/apache_tvm_research/tvm/python/tvm/meta_schedule/utils.py", line 76, in method
    return getattr(inst, name)(*args, **kwargs)
  File "/home/ishan/projects/major_project/apache_tvm_research/tvm/python/tvm/meta_schedule/cost_model/xgb_model.py", line 550, in update
    self._train(xs=feature_list, ys=cost_ratios)
  File "/home/ishan/projects/major_project/apache_tvm_research/tvm/python/tvm/meta_schedule/cost_model/xgb_model.py", line 594, in _train
    import xgboost as xgb  # type: ignore # pylint: disable=import-outside-toplevel
RuntimeError: No module named 'xgboost'
2026-04-10 15:45:22,037 | INFO | 
########################################################################################################################
2026-04-10 15:45:22,037 | INFO | Run 15/24 (9 remaining) | global 15/24 (9 remaining) | iteration=1 | mode=compare | config=baseline
2026-04-10 15:45:22,037 | INFO | Task: kernel=mlp_expand M=256 K=768 N=3072 bucket=large
2026-04-10 15:45:22,037 | INFO | ########################################################################################################################

2026-04-10 15:46:11,639 | ERROR | Task failed for kernel=mlp_expand M=256 with config=baseline
Traceback (most recent call last):
  File "/home/ishan/projects/major_project/apache_tvm_research/research/workloads/bert/metaschedule/metaschedule_8020_tuner.py", line 938, in _run_single_task
    database = _run_tuning(mod=mod, work_dir=work_dir, config=biased_config, tune_seed=tune_seed)
  File "/home/ishan/projects/major_project/apache_tvm_research/research/workloads/bert/metaschedule/metaschedule_8020_tuner.py", line 617, in _run_tuning
    return ms.tir_integration.tune_tir(**supported_kwargs)
  File "/home/ishan/projects/major_project/apache_tvm_research/tvm/python/tvm/meta_schedule/tir_integration.py", line 146, in tune_tir
    return tune_tasks(
  File "/home/ishan/projects/major_project/apache_tvm_research/tvm/python/tvm/meta_schedule/tune.py", line 122, in tune_tasks
    task_scheduler.tune(
  File "/home/ishan/projects/major_project/apache_tvm_research/tvm/python/tvm/meta_schedule/task_scheduler/task_scheduler.py", line 132, in tune
    _ffi_api.TaskSchedulerTune(  # type: ignore # pylint: disable=no-member
  File "tvm/ffi/cython/function.pxi", line 228, in tvm.ffi.core.Function.__call__
  File "tvm/ffi/cython/core.cpp", line 21837, in __pyx_pw_3tvm_3ffi_4core_8Function_1__call__
  File "tvm/ffi/cython/core.cpp", line 21888, in __pyx_pf_3tvm_3ffi_4core_8Function___call__
  File "tvm/ffi/cython/core.cpp", line 21606, in __pyx_f_3tvm_3ffi_4core_FuncCall
  File "tvm/ffi/cython/core.cpp", line 24531, in __pyx_f_3tvm_3ffi_4core_tvm_ffi_callback
  File "tvm/ffi/cython/core.cpp", line 14943, in __pyx_f_3tvm_3ffi_4core_set_last_ffi_error
  File "tvm/ffi/cython/function.pxi", line 383, in tvm.ffi.core.tvm_ffi_callback
  File "/home/ishan/projects/major_project/apache_tvm_research/tvm/python/tvm/meta_schedule/utils.py", line 76, in method
    return getattr(inst, name)(*args, **kwargs)
  File "/home/ishan/projects/major_project/apache_tvm_research/tvm/python/tvm/meta_schedule/cost_model/xgb_model.py", line 550, in update
    self._train(xs=feature_list, ys=cost_ratios)
  File "/home/ishan/projects/major_project/apache_tvm_research/tvm/python/tvm/meta_schedule/cost_model/xgb_model.py", line 594, in _train
    import xgboost as xgb  # type: ignore # pylint: disable=import-outside-toplevel
RuntimeError: No module named 'xgboost'
2026-04-10 15:46:11,639 | INFO | 
########################################################################################################################
2026-04-10 15:46:11,640 | INFO | Run 16/24 (8 remaining) | global 16/24 (8 remaining) | iteration=1 | mode=compare | config=baseline
2026-04-10 15:46:11,640 | INFO | Task: kernel=mlp_expand M=384 K=768 N=3072 bucket=large
2026-04-10 15:46:11,640 | INFO | ########################################################################################################################

2026-04-10 15:46:56,852 | ERROR | Task failed for kernel=mlp_expand M=384 with config=baseline
Traceback (most recent call last):
  File "/home/ishan/projects/major_project/apache_tvm_research/research/workloads/bert/metaschedule/metaschedule_8020_tuner.py", line 938, in _run_single_task
    database = _run_tuning(mod=mod, work_dir=work_dir, config=biased_config, tune_seed=tune_seed)
  File "/home/ishan/projects/major_project/apache_tvm_research/research/workloads/bert/metaschedule/metaschedule_8020_tuner.py", line 617, in _run_tuning
    return ms.tir_integration.tune_tir(**supported_kwargs)
  File "/home/ishan/projects/major_project/apache_tvm_research/tvm/python/tvm/meta_schedule/tir_integration.py", line 146, in tune_tir
    return tune_tasks(
  File "/home/ishan/projects/major_project/apache_tvm_research/tvm/python/tvm/meta_schedule/tune.py", line 122, in tune_tasks
    task_scheduler.tune(
  File "/home/ishan/projects/major_project/apache_tvm_research/tvm/python/tvm/meta_schedule/task_scheduler/task_scheduler.py", line 132, in tune
    _ffi_api.TaskSchedulerTune(  # type: ignore # pylint: disable=no-member
  File "tvm/ffi/cython/function.pxi", line 228, in tvm.ffi.core.Function.__call__
  File "tvm/ffi/cython/core.cpp", line 21837, in __pyx_pw_3tvm_3ffi_4core_8Function_1__call__
  File "tvm/ffi/cython/core.cpp", line 21888, in __pyx_pf_3tvm_3ffi_4core_8Function___call__
  File "tvm/ffi/cython/core.cpp", line 21606, in __pyx_f_3tvm_3ffi_4core_FuncCall
  File "tvm/ffi/cython/core.cpp", line 24531, in __pyx_f_3tvm_3ffi_4core_tvm_ffi_callback
  File "tvm/ffi/cython/core.cpp", line 14943, in __pyx_f_3tvm_3ffi_4core_set_last_ffi_error
  File "tvm/ffi/cython/function.pxi", line 383, in tvm.ffi.core.tvm_ffi_callback
  File "/home/ishan/projects/major_project/apache_tvm_research/tvm/python/tvm/meta_schedule/utils.py", line 76, in method
    return getattr(inst, name)(*args, **kwargs)
  File "/home/ishan/projects/major_project/apache_tvm_research/tvm/python/tvm/meta_schedule/cost_model/xgb_model.py", line 550, in update
    self._train(xs=feature_list, ys=cost_ratios)
  File "/home/ishan/projects/major_project/apache_tvm_research/tvm/python/tvm/meta_schedule/cost_model/xgb_model.py", line 594, in _train
    import xgboost as xgb  # type: ignore # pylint: disable=import-outside-toplevel
RuntimeError: No module named 'xgboost'
2026-04-10 15:46:56,852 | INFO | 
########################################################################################################################
2026-04-10 15:46:56,852 | INFO | Run 17/24 (7 remaining) | global 17/24 (7 remaining) | iteration=1 | mode=compare | config=baseline
2026-04-10 15:46:56,852 | INFO | Task: kernel=mlp_reduce M=16 K=3072 N=768 bucket=small
2026-04-10 15:46:56,853 | INFO | ########################################################################################################################

2026-04-10 15:47:25,633 | ERROR | Task failed for kernel=mlp_reduce M=16 with config=baseline
Traceback (most recent call last):
  File "/home/ishan/projects/major_project/apache_tvm_research/research/workloads/bert/metaschedule/metaschedule_8020_tuner.py", line 938, in _run_single_task
    database = _run_tuning(mod=mod, work_dir=work_dir, config=biased_config, tune_seed=tune_seed)
  File "/home/ishan/projects/major_project/apache_tvm_research/research/workloads/bert/metaschedule/metaschedule_8020_tuner.py", line 617, in _run_tuning
    return ms.tir_integration.tune_tir(**supported_kwargs)
  File "/home/ishan/projects/major_project/apache_tvm_research/tvm/python/tvm/meta_schedule/tir_integration.py", line 146, in tune_tir
    return tune_tasks(
  File "/home/ishan/projects/major_project/apache_tvm_research/tvm/python/tvm/meta_schedule/tune.py", line 122, in tune_tasks
    task_scheduler.tune(
  File "/home/ishan/projects/major_project/apache_tvm_research/tvm/python/tvm/meta_schedule/task_scheduler/task_scheduler.py", line 132, in tune
    _ffi_api.TaskSchedulerTune(  # type: ignore # pylint: disable=no-member
  File "tvm/ffi/cython/function.pxi", line 228, in tvm.ffi.core.Function.__call__
  File "tvm/ffi/cython/core.cpp", line 21837, in __pyx_pw_3tvm_3ffi_4core_8Function_1__call__
  File "tvm/ffi/cython/core.cpp", line 21888, in __pyx_pf_3tvm_3ffi_4core_8Function___call__
  File "tvm/ffi/cython/core.cpp", line 21606, in __pyx_f_3tvm_3ffi_4core_FuncCall
  File "tvm/ffi/cython/core.cpp", line 24531, in __pyx_f_3tvm_3ffi_4core_tvm_ffi_callback
  File "tvm/ffi/cython/core.cpp", line 14943, in __pyx_f_3tvm_3ffi_4core_set_last_ffi_error
  File "tvm/ffi/cython/function.pxi", line 383, in tvm.ffi.core.tvm_ffi_callback
  File "/home/ishan/projects/major_project/apache_tvm_research/tvm/python/tvm/meta_schedule/utils.py", line 76, in method
    return getattr(inst, name)(*args, **kwargs)
  File "/home/ishan/projects/major_project/apache_tvm_research/tvm/python/tvm/meta_schedule/cost_model/xgb_model.py", line 550, in update
    self._train(xs=feature_list, ys=cost_ratios)
  File "/home/ishan/projects/major_project/apache_tvm_research/tvm/python/tvm/meta_schedule/cost_model/xgb_model.py", line 594, in _train
    import xgboost as xgb  # type: ignore # pylint: disable=import-outside-toplevel
RuntimeError: No module named 'xgboost'
2026-04-10 15:47:25,634 | INFO | 
########################################################################################################################
2026-04-10 15:47:25,634 | INFO | Run 18/24 (6 remaining) | global 18/24 (6 remaining) | iteration=1 | mode=compare | config=baseline
2026-04-10 15:47:25,635 | INFO | Task: kernel=mlp_reduce M=32 K=3072 N=768 bucket=small
2026-04-10 15:47:25,635 | INFO | ########################################################################################################################

2026-04-10 15:47:54,527 | ERROR | Task failed for kernel=mlp_reduce M=32 with config=baseline
Traceback (most recent call last):
  File "/home/ishan/projects/major_project/apache_tvm_research/research/workloads/bert/metaschedule/metaschedule_8020_tuner.py", line 938, in _run_single_task
    database = _run_tuning(mod=mod, work_dir=work_dir, config=biased_config, tune_seed=tune_seed)
  File "/home/ishan/projects/major_project/apache_tvm_research/research/workloads/bert/metaschedule/metaschedule_8020_tuner.py", line 617, in _run_tuning
    return ms.tir_integration.tune_tir(**supported_kwargs)
  File "/home/ishan/projects/major_project/apache_tvm_research/tvm/python/tvm/meta_schedule/tir_integration.py", line 146, in tune_tir
    return tune_tasks(
  File "/home/ishan/projects/major_project/apache_tvm_research/tvm/python/tvm/meta_schedule/tune.py", line 122, in tune_tasks
    task_scheduler.tune(
  File "/home/ishan/projects/major_project/apache_tvm_research/tvm/python/tvm/meta_schedule/task_scheduler/task_scheduler.py", line 132, in tune
    _ffi_api.TaskSchedulerTune(  # type: ignore # pylint: disable=no-member
  File "tvm/ffi/cython/function.pxi", line 228, in tvm.ffi.core.Function.__call__
  File "tvm/ffi/cython/core.cpp", line 21837, in __pyx_pw_3tvm_3ffi_4core_8Function_1__call__
  File "tvm/ffi/cython/core.cpp", line 21888, in __pyx_pf_3tvm_3ffi_4core_8Function___call__
  File "tvm/ffi/cython/core.cpp", line 21606, in __pyx_f_3tvm_3ffi_4core_FuncCall
  File "tvm/ffi/cython/core.cpp", line 24531, in __pyx_f_3tvm_3ffi_4core_tvm_ffi_callback
  File "tvm/ffi/cython/core.cpp", line 14943, in __pyx_f_3tvm_3ffi_4core_set_last_ffi_error
  File "tvm/ffi/cython/function.pxi", line 383, in tvm.ffi.core.tvm_ffi_callback
  File "/home/ishan/projects/major_project/apache_tvm_research/tvm/python/tvm/meta_schedule/utils.py", line 76, in method
    return getattr(inst, name)(*args, **kwargs)
  File "/home/ishan/projects/major_project/apache_tvm_research/tvm/python/tvm/meta_schedule/cost_model/xgb_model.py", line 550, in update
    self._train(xs=feature_list, ys=cost_ratios)
  File "/home/ishan/projects/major_project/apache_tvm_research/tvm/python/tvm/meta_schedule/cost_model/xgb_model.py", line 594, in _train
    import xgboost as xgb  # type: ignore # pylint: disable=import-outside-toplevel
RuntimeError: No module named 'xgboost'
2026-04-10 15:47:54,528 | INFO | 
########################################################################################################################
2026-04-10 15:47:54,528 | INFO | Run 19/24 (5 remaining) | global 19/24 (5 remaining) | iteration=1 | mode=compare | config=baseline
2026-04-10 15:47:54,528 | INFO | Task: kernel=mlp_reduce M=64 K=3072 N=768 bucket=small
2026-04-10 15:47:54,528 | INFO | ########################################################################################################################

2026-04-10 15:48:23,307 | ERROR | Task failed for kernel=mlp_reduce M=64 with config=baseline
Traceback (most recent call last):
  File "/home/ishan/projects/major_project/apache_tvm_research/research/workloads/bert/metaschedule/metaschedule_8020_tuner.py", line 938, in _run_single_task
    database = _run_tuning(mod=mod, work_dir=work_dir, config=biased_config, tune_seed=tune_seed)
  File "/home/ishan/projects/major_project/apache_tvm_research/research/workloads/bert/metaschedule/metaschedule_8020_tuner.py", line 617, in _run_tuning
    return ms.tir_integration.tune_tir(**supported_kwargs)
  File "/home/ishan/projects/major_project/apache_tvm_research/tvm/python/tvm/meta_schedule/tir_integration.py", line 146, in tune_tir
    return tune_tasks(
  File "/home/ishan/projects/major_project/apache_tvm_research/tvm/python/tvm/meta_schedule/tune.py", line 122, in tune_tasks
    task_scheduler.tune(
  File "/home/ishan/projects/major_project/apache_tvm_research/tvm/python/tvm/meta_schedule/task_scheduler/task_scheduler.py", line 132, in tune
    _ffi_api.TaskSchedulerTune(  # type: ignore # pylint: disable=no-member
  File "tvm/ffi/cython/function.pxi", line 228, in tvm.ffi.core.Function.__call__
  File "tvm/ffi/cython/core.cpp", line 21837, in __pyx_pw_3tvm_3ffi_4core_8Function_1__call__
  File "tvm/ffi/cython/core.cpp", line 21888, in __pyx_pf_3tvm_3ffi_4core_8Function___call__
  File "tvm/ffi/cython/core.cpp", line 21606, in __pyx_f_3tvm_3ffi_4core_FuncCall
  File "tvm/ffi/cython/core.cpp", line 24531, in __pyx_f_3tvm_3ffi_4core_tvm_ffi_callback
  File "tvm/ffi/cython/core.cpp", line 14943, in __pyx_f_3tvm_3ffi_4core_set_last_ffi_error
  File "tvm/ffi/cython/function.pxi", line 383, in tvm.ffi.core.tvm_ffi_callback
  File "/home/ishan/projects/major_project/apache_tvm_research/tvm/python/tvm/meta_schedule/utils.py", line 76, in method
    return getattr(inst, name)(*args, **kwargs)
  File "/home/ishan/projects/major_project/apache_tvm_research/tvm/python/tvm/meta_schedule/cost_model/xgb_model.py", line 550, in update
    self._train(xs=feature_list, ys=cost_ratios)
  File "/home/ishan/projects/major_project/apache_tvm_research/tvm/python/tvm/meta_schedule/cost_model/xgb_model.py", line 594, in _train
    import xgboost as xgb  # type: ignore # pylint: disable=import-outside-toplevel
RuntimeError: No module named 'xgboost'
2026-04-10 15:48:23,308 | INFO | 
########################################################################################################################
2026-04-10 15:48:23,308 | INFO | Run 20/24 (4 remaining) | global 20/24 (4 remaining) | iteration=1 | mode=compare | config=baseline
2026-04-10 15:48:23,308 | INFO | Task: kernel=mlp_reduce M=96 K=3072 N=768 bucket=medium
2026-04-10 15:48:23,308 | INFO | ########################################################################################################################

2026-04-10 15:49:01,524 | ERROR | Task failed for kernel=mlp_reduce M=96 with config=baseline
Traceback (most recent call last):
  File "/home/ishan/projects/major_project/apache_tvm_research/research/workloads/bert/metaschedule/metaschedule_8020_tuner.py", line 938, in _run_single_task
    database = _run_tuning(mod=mod, work_dir=work_dir, config=biased_config, tune_seed=tune_seed)
  File "/home/ishan/projects/major_project/apache_tvm_research/research/workloads/bert/metaschedule/metaschedule_8020_tuner.py", line 617, in _run_tuning
    return ms.tir_integration.tune_tir(**supported_kwargs)
  File "/home/ishan/projects/major_project/apache_tvm_research/tvm/python/tvm/meta_schedule/tir_integration.py", line 146, in tune_tir
    return tune_tasks(
  File "/home/ishan/projects/major_project/apache_tvm_research/tvm/python/tvm/meta_schedule/tune.py", line 122, in tune_tasks
    task_scheduler.tune(
  File "/home/ishan/projects/major_project/apache_tvm_research/tvm/python/tvm/meta_schedule/task_scheduler/task_scheduler.py", line 132, in tune
    _ffi_api.TaskSchedulerTune(  # type: ignore # pylint: disable=no-member
  File "tvm/ffi/cython/function.pxi", line 228, in tvm.ffi.core.Function.__call__
  File "tvm/ffi/cython/core.cpp", line 21837, in __pyx_pw_3tvm_3ffi_4core_8Function_1__call__
  File "tvm/ffi/cython/core.cpp", line 21888, in __pyx_pf_3tvm_3ffi_4core_8Function___call__
  File "tvm/ffi/cython/core.cpp", line 21606, in __pyx_f_3tvm_3ffi_4core_FuncCall
  File "tvm/ffi/cython/core.cpp", line 24531, in __pyx_f_3tvm_3ffi_4core_tvm_ffi_callback
  File "tvm/ffi/cython/core.cpp", line 14943, in __pyx_f_3tvm_3ffi_4core_set_last_ffi_error
  File "tvm/ffi/cython/function.pxi", line 383, in tvm.ffi.core.tvm_ffi_callback
  File "/home/ishan/projects/major_project/apache_tvm_research/tvm/python/tvm/meta_schedule/utils.py", line 76, in method
    return getattr(inst, name)(*args, **kwargs)
  File "/home/ishan/projects/major_project/apache_tvm_research/tvm/python/tvm/meta_schedule/cost_model/xgb_model.py", line 550, in update
    self._train(xs=feature_list, ys=cost_ratios)
  File "/home/ishan/projects/major_project/apache_tvm_research/tvm/python/tvm/meta_schedule/cost_model/xgb_model.py", line 594, in _train
    import xgboost as xgb  # type: ignore # pylint: disable=import-outside-toplevel
RuntimeError: No module named 'xgboost'
2026-04-10 15:49:01,524 | INFO | 
########################################################################################################################
2026-04-10 15:49:01,524 | INFO | Run 21/24 (3 remaining) | global 21/24 (3 remaining) | iteration=1 | mode=compare | config=baseline
2026-04-10 15:49:01,524 | INFO | Task: kernel=mlp_reduce M=128 K=3072 N=768 bucket=medium
2026-04-10 15:49:01,525 | INFO | ########################################################################################################################

2026-04-10 15:49:35,376 | ERROR | Task failed for kernel=mlp_reduce M=128 with config=baseline
Traceback (most recent call last):
  File "/home/ishan/projects/major_project/apache_tvm_research/research/workloads/bert/metaschedule/metaschedule_8020_tuner.py", line 938, in _run_single_task
    database = _run_tuning(mod=mod, work_dir=work_dir, config=biased_config, tune_seed=tune_seed)
  File "/home/ishan/projects/major_project/apache_tvm_research/research/workloads/bert/metaschedule/metaschedule_8020_tuner.py", line 617, in _run_tuning
    return ms.tir_integration.tune_tir(**supported_kwargs)
  File "/home/ishan/projects/major_project/apache_tvm_research/tvm/python/tvm/meta_schedule/tir_integration.py", line 146, in tune_tir
    return tune_tasks(
  File "/home/ishan/projects/major_project/apache_tvm_research/tvm/python/tvm/meta_schedule/tune.py", line 122, in tune_tasks
    task_scheduler.tune(
  File "/home/ishan/projects/major_project/apache_tvm_research/tvm/python/tvm/meta_schedule/task_scheduler/task_scheduler.py", line 132, in tune
    _ffi_api.TaskSchedulerTune(  # type: ignore # pylint: disable=no-member
  File "tvm/ffi/cython/function.pxi", line 228, in tvm.ffi.core.Function.__call__
  File "tvm/ffi/cython/core.cpp", line 21837, in __pyx_pw_3tvm_3ffi_4core_8Function_1__call__
  File "tvm/ffi/cython/core.cpp", line 21888, in __pyx_pf_3tvm_3ffi_4core_8Function___call__
  File "tvm/ffi/cython/core.cpp", line 21606, in __pyx_f_3tvm_3ffi_4core_FuncCall
  File "tvm/ffi/cython/core.cpp", line 24531, in __pyx_f_3tvm_3ffi_4core_tvm_ffi_callback
  File "tvm/ffi/cython/core.cpp", line 14943, in __pyx_f_3tvm_3ffi_4core_set_last_ffi_error
  File "tvm/ffi/cython/function.pxi", line 383, in tvm.ffi.core.tvm_ffi_callback
  File "/home/ishan/projects/major_project/apache_tvm_research/tvm/python/tvm/meta_schedule/utils.py", line 76, in method
    return getattr(inst, name)(*args, **kwargs)
  File "/home/ishan/projects/major_project/apache_tvm_research/tvm/python/tvm/meta_schedule/cost_model/xgb_model.py", line 550, in update
    self._train(xs=feature_list, ys=cost_ratios)
  File "/home/ishan/projects/major_project/apache_tvm_research/tvm/python/tvm/meta_schedule/cost_model/xgb_model.py", line 594, in _train
    import xgboost as xgb  # type: ignore # pylint: disable=import-outside-toplevel
RuntimeError: No module named 'xgboost'
2026-04-10 15:49:35,377 | INFO | 
########################################################################################################################
2026-04-10 15:49:35,377 | INFO | Run 22/24 (2 remaining) | global 22/24 (2 remaining) | iteration=1 | mode=compare | config=baseline
2026-04-10 15:49:35,377 | INFO | Task: kernel=mlp_reduce M=192 K=3072 N=768 bucket=large
2026-04-10 15:49:35,377 | INFO | ########################################################################################################################

2026-04-10 15:50:15,837 | ERROR | Task failed for kernel=mlp_reduce M=192 with config=baseline
Traceback (most recent call last):
  File "/home/ishan/projects/major_project/apache_tvm_research/research/workloads/bert/metaschedule/metaschedule_8020_tuner.py", line 938, in _run_single_task
    database = _run_tuning(mod=mod, work_dir=work_dir, config=biased_config, tune_seed=tune_seed)
  File "/home/ishan/projects/major_project/apache_tvm_research/research/workloads/bert/metaschedule/metaschedule_8020_tuner.py", line 617, in _run_tuning
    return ms.tir_integration.tune_tir(**supported_kwargs)
  File "/home/ishan/projects/major_project/apache_tvm_research/tvm/python/tvm/meta_schedule/tir_integration.py", line 146, in tune_tir
    return tune_tasks(
  File "/home/ishan/projects/major_project/apache_tvm_research/tvm/python/tvm/meta_schedule/tune.py", line 122, in tune_tasks
    task_scheduler.tune(
  File "/home/ishan/projects/major_project/apache_tvm_research/tvm/python/tvm/meta_schedule/task_scheduler/task_scheduler.py", line 132, in tune
    _ffi_api.TaskSchedulerTune(  # type: ignore # pylint: disable=no-member
  File "tvm/ffi/cython/function.pxi", line 228, in tvm.ffi.core.Function.__call__
  File "tvm/ffi/cython/core.cpp", line 21837, in __pyx_pw_3tvm_3ffi_4core_8Function_1__call__
  File "tvm/ffi/cython/core.cpp", line 21888, in __pyx_pf_3tvm_3ffi_4core_8Function___call__
  File "tvm/ffi/cython/core.cpp", line 21606, in __pyx_f_3tvm_3ffi_4core_FuncCall
  File "tvm/ffi/cython/core.cpp", line 24531, in __pyx_f_3tvm_3ffi_4core_tvm_ffi_callback
  File "tvm/ffi/cython/core.cpp", line 14943, in __pyx_f_3tvm_3ffi_4core_set_last_ffi_error
  File "tvm/ffi/cython/function.pxi", line 383, in tvm.ffi.core.tvm_ffi_callback
  File "/home/ishan/projects/major_project/apache_tvm_research/tvm/python/tvm/meta_schedule/utils.py", line 76, in method
    return getattr(inst, name)(*args, **kwargs)
  File "/home/ishan/projects/major_project/apache_tvm_research/tvm/python/tvm/meta_schedule/cost_model/xgb_model.py", line 550, in update
    self._train(xs=feature_list, ys=cost_ratios)
  File "/home/ishan/projects/major_project/apache_tvm_research/tvm/python/tvm/meta_schedule/cost_model/xgb_model.py", line 594, in _train
    import xgboost as xgb  # type: ignore # pylint: disable=import-outside-toplevel
RuntimeError: No module named 'xgboost'
2026-04-10 15:50:15,838 | INFO | 
########################################################################################################################
2026-04-10 15:50:15,838 | INFO | Run 23/24 (1 remaining) | global 23/24 (1 remaining) | iteration=1 | mode=compare | config=baseline
2026-04-10 15:50:15,839 | INFO | Task: kernel=mlp_reduce M=256 K=3072 N=768 bucket=large
2026-04-10 15:50:15,839 | INFO | ########################################################################################################################

2026-04-10 15:50:55,595 | ERROR | Task failed for kernel=mlp_reduce M=256 with config=baseline
Traceback (most recent call last):
  File "/home/ishan/projects/major_project/apache_tvm_research/research/workloads/bert/metaschedule/metaschedule_8020_tuner.py", line 938, in _run_single_task
    database = _run_tuning(mod=mod, work_dir=work_dir, config=biased_config, tune_seed=tune_seed)
  File "/home/ishan/projects/major_project/apache_tvm_research/research/workloads/bert/metaschedule/metaschedule_8020_tuner.py", line 617, in _run_tuning
    return ms.tir_integration.tune_tir(**supported_kwargs)
  File "/home/ishan/projects/major_project/apache_tvm_research/tvm/python/tvm/meta_schedule/tir_integration.py", line 146, in tune_tir
    return tune_tasks(
  File "/home/ishan/projects/major_project/apache_tvm_research/tvm/python/tvm/meta_schedule/tune.py", line 122, in tune_tasks
    task_scheduler.tune(
  File "/home/ishan/projects/major_project/apache_tvm_research/tvm/python/tvm/meta_schedule/task_scheduler/task_scheduler.py", line 132, in tune
    _ffi_api.TaskSchedulerTune(  # type: ignore # pylint: disable=no-member
  File "tvm/ffi/cython/function.pxi", line 228, in tvm.ffi.core.Function.__call__
  File "tvm/ffi/cython/core.cpp", line 21837, in __pyx_pw_3tvm_3ffi_4core_8Function_1__call__
  File "tvm/ffi/cython/core.cpp", line 21888, in __pyx_pf_3tvm_3ffi_4core_8Function___call__
  File "tvm/ffi/cython/core.cpp", line 21606, in __pyx_f_3tvm_3ffi_4core_FuncCall
  File "tvm/ffi/cython/core.cpp", line 24531, in __pyx_f_3tvm_3ffi_4core_tvm_ffi_callback
  File "tvm/ffi/cython/core.cpp", line 14943, in __pyx_f_3tvm_3ffi_4core_set_last_ffi_error
  File "tvm/ffi/cython/function.pxi", line 383, in tvm.ffi.core.tvm_ffi_callback
  File "/home/ishan/projects/major_project/apache_tvm_research/tvm/python/tvm/meta_schedule/utils.py", line 76, in method
    return getattr(inst, name)(*args, **kwargs)
  File "/home/ishan/projects/major_project/apache_tvm_research/tvm/python/tvm/meta_schedule/cost_model/xgb_model.py", line 550, in update
    self._train(xs=feature_list, ys=cost_ratios)
  File "/home/ishan/projects/major_project/apache_tvm_research/tvm/python/tvm/meta_schedule/cost_model/xgb_model.py", line 594, in _train
    import xgboost as xgb  # type: ignore # pylint: disable=import-outside-toplevel
RuntimeError: No module named 'xgboost'
2026-04-10 15:50:55,595 | INFO | 
########################################################################################################################
2026-04-10 15:50:55,596 | INFO | Run 24/24 (0 remaining) | global 24/24 (0 remaining) | iteration=1 | mode=compare | config=baseline
2026-04-10 15:50:55,596 | INFO | Task: kernel=mlp_reduce M=384 K=3072 N=768 bucket=large
2026-04-10 15:50:55,596 | INFO | ########################################################################################################################

2026-04-10 15:51:41,644 | ERROR | Task failed for kernel=mlp_reduce M=384 with config=baseline
Traceback (most recent call last):
  File "/home/ishan/projects/major_project/apache_tvm_research/research/workloads/bert/metaschedule/metaschedule_8020_tuner.py", line 938, in _run_single_task
    database = _run_tuning(mod=mod, work_dir=work_dir, config=biased_config, tune_seed=tune_seed)
  File "/home/ishan/projects/major_project/apache_tvm_research/research/workloads/bert/metaschedule/metaschedule_8020_tuner.py", line 617, in _run_tuning
    return ms.tir_integration.tune_tir(**supported_kwargs)
  File "/home/ishan/projects/major_project/apache_tvm_research/tvm/python/tvm/meta_schedule/tir_integration.py", line 146, in tune_tir
    return tune_tasks(
  File "/home/ishan/projects/major_project/apache_tvm_research/tvm/python/tvm/meta_schedule/tune.py", line 122, in tune_tasks
    task_scheduler.tune(
  File "/home/ishan/projects/major_project/apache_tvm_research/tvm/python/tvm/meta_schedule/task_scheduler/task_scheduler.py", line 132, in tune
    _ffi_api.TaskSchedulerTune(  # type: ignore # pylint: disable=no-member
  File "tvm/ffi/cython/function.pxi", line 228, in tvm.ffi.core.Function.__call__
  File "tvm/ffi/cython/core.cpp", line 21837, in __pyx_pw_3tvm_3ffi_4core_8Function_1__call__
  File "tvm/ffi/cython/core.cpp", line 21888, in __pyx_pf_3tvm_3ffi_4core_8Function___call__
  File "tvm/ffi/cython/core.cpp", line 21606, in __pyx_f_3tvm_3ffi_4core_FuncCall
  File "tvm/ffi/cython/core.cpp", line 24531, in __pyx_f_3tvm_3ffi_4core_tvm_ffi_callback
  File "tvm/ffi/cython/core.cpp", line 14943, in __pyx_f_3tvm_3ffi_4core_set_last_ffi_error
  File "tvm/ffi/cython/function.pxi", line 383, in tvm.ffi.core.tvm_ffi_callback
  File "/home/ishan/projects/major_project/apache_tvm_research/tvm/python/tvm/meta_schedule/utils.py", line 76, in method
    return getattr(inst, name)(*args, **kwargs)
  File "/home/ishan/projects/major_project/apache_tvm_research/tvm/python/tvm/meta_schedule/cost_model/xgb_model.py", line 550, in update
    self._train(xs=feature_list, ys=cost_ratios)
  File "/home/ishan/projects/major_project/apache_tvm_research/tvm/python/tvm/meta_schedule/cost_model/xgb_model.py", line 594, in _train
    import xgboost as xgb  # type: ignore # pylint: disable=import-outside-toplevel
RuntimeError: No module named 'xgboost'
2026-04-10 15:51:41,645 | INFO | Evaluating config=pruned_g4-p0-m3-b1 (state=g4-p0-m3-b1) iteration=1 mode=compare
2026-04-10 15:51:41,645 | INFO | 
########################################################################################################################
2026-04-10 15:51:41,645 | INFO | Run 1/24 (23 remaining) | global 25/48 (23 remaining) | iteration=1 | mode=compare | config=pruned_g4-p0-m3-b1
2026-04-10 15:51:41,645 | INFO | Task: kernel=qkv M=16 K=768 N=768 bucket=small
2026-04-10 15:51:41,645 | INFO | ########################################################################################################################

2026-04-10 15:52:00,667 | ERROR | Task failed for kernel=qkv M=16 with config=pruned_g4-p0-m3-b1
Traceback (most recent call last):
  File "/home/ishan/projects/major_project/apache_tvm_research/research/workloads/bert/metaschedule/metaschedule_8020_tuner.py", line 938, in _run_single_task
    database = _run_tuning(mod=mod, work_dir=work_dir, config=biased_config, tune_seed=tune_seed)
  File "/home/ishan/projects/major_project/apache_tvm_research/research/workloads/bert/metaschedule/metaschedule_8020_tuner.py", line 617, in _run_tuning
    return ms.tir_integration.tune_tir(**supported_kwargs)
  File "/home/ishan/projects/major_project/apache_tvm_research/tvm/python/tvm/meta_schedule/tir_integration.py", line 146, in tune_tir
    return tune_tasks(
  File "/home/ishan/projects/major_project/apache_tvm_research/tvm/python/tvm/meta_schedule/tune.py", line 122, in tune_tasks
    task_scheduler.tune(
  File "/home/ishan/projects/major_project/apache_tvm_research/tvm/python/tvm/meta_schedule/task_scheduler/task_scheduler.py", line 132, in tune
    _ffi_api.TaskSchedulerTune(  # type: ignore # pylint: disable=no-member
  File "tvm/ffi/cython/function.pxi", line 228, in tvm.ffi.core.Function.__call__
  File "tvm/ffi/cython/core.cpp", line 21837, in __pyx_pw_3tvm_3ffi_4core_8Function_1__call__
  File "tvm/ffi/cython/core.cpp", line 21888, in __pyx_pf_3tvm_3ffi_4core_8Function___call__
  File "tvm/ffi/cython/core.cpp", line 21606, in __pyx_f_3tvm_3ffi_4core_FuncCall
  File "tvm/ffi/cython/core.cpp", line 24531, in __pyx_f_3tvm_3ffi_4core_tvm_ffi_callback
  File "tvm/ffi/cython/core.cpp", line 14943, in __pyx_f_3tvm_3ffi_4core_set_last_ffi_error
  File "tvm/ffi/cython/function.pxi", line 383, in tvm.ffi.core.tvm_ffi_callback
  File "/home/ishan/projects/major_project/apache_tvm_research/tvm/python/tvm/meta_schedule/utils.py", line 76, in method
    return getattr(inst, name)(*args, **kwargs)
  File "/home/ishan/projects/major_project/apache_tvm_research/tvm/python/tvm/meta_schedule/cost_model/xgb_model.py", line 550, in update
    self._train(xs=feature_list, ys=cost_ratios)
  File "/home/ishan/projects/major_project/apache_tvm_research/tvm/python/tvm/meta_schedule/cost_model/xgb_model.py", line 594, in _train
    import xgboost as xgb  # type: ignore # pylint: disable=import-outside-toplevel
RuntimeError: No module named 'xgboost'
2026-04-10 15:52:00,668 | INFO | 
########################################################################################################################
2026-04-10 15:52:00,668 | INFO | Run 2/24 (22 remaining) | global 26/48 (22 remaining) | iteration=1 | mode=compare | config=pruned_g4-p0-m3-b1
2026-04-10 15:52:00,668 | INFO | Task: kernel=qkv M=32 K=768 N=768 bucket=small
2026-04-10 15:52:00,669 | INFO | ########################################################################################################################

2026-04-10 15:52:19,164 | ERROR | Task failed for kernel=qkv M=32 with config=pruned_g4-p0-m3-b1
Traceback (most recent call last):
  File "/home/ishan/projects/major_project/apache_tvm_research/research/workloads/bert/metaschedule/metaschedule_8020_tuner.py", line 938, in _run_single_task
    database = _run_tuning(mod=mod, work_dir=work_dir, config=biased_config, tune_seed=tune_seed)
  File "/home/ishan/projects/major_project/apache_tvm_research/research/workloads/bert/metaschedule/metaschedule_8020_tuner.py", line 617, in _run_tuning
    return ms.tir_integration.tune_tir(**supported_kwargs)
  File "/home/ishan/projects/major_project/apache_tvm_research/tvm/python/tvm/meta_schedule/tir_integration.py", line 146, in tune_tir
    return tune_tasks(
  File "/home/ishan/projects/major_project/apache_tvm_research/tvm/python/tvm/meta_schedule/tune.py", line 122, in tune_tasks
    task_scheduler.tune(
  File "/home/ishan/projects/major_project/apache_tvm_research/tvm/python/tvm/meta_schedule/task_scheduler/task_scheduler.py", line 132, in tune
    _ffi_api.TaskSchedulerTune(  # type: ignore # pylint: disable=no-member
  File "tvm/ffi/cython/function.pxi", line 228, in tvm.ffi.core.Function.__call__
  File "tvm/ffi/cython/core.cpp", line 21837, in __pyx_pw_3tvm_3ffi_4core_8Function_1__call__
  File "tvm/ffi/cython/core.cpp", line 21888, in __pyx_pf_3tvm_3ffi_4core_8Function___call__
  File "tvm/ffi/cython/core.cpp", line 21606, in __pyx_f_3tvm_3ffi_4core_FuncCall
  File "tvm/ffi/cython/core.cpp", line 24531, in __pyx_f_3tvm_3ffi_4core_tvm_ffi_callback
  File "tvm/ffi/cython/core.cpp", line 14943, in __pyx_f_3tvm_3ffi_4core_set_last_ffi_error
  File "tvm/ffi/cython/function.pxi", line 383, in tvm.ffi.core.tvm_ffi_callback
  File "/home/ishan/projects/major_project/apache_tvm_research/tvm/python/tvm/meta_schedule/utils.py", line 76, in method
    return getattr(inst, name)(*args, **kwargs)
  File "/home/ishan/projects/major_project/apache_tvm_research/tvm/python/tvm/meta_schedule/cost_model/xgb_model.py", line 550, in update
    self._train(xs=feature_list, ys=cost_ratios)
  File "/home/ishan/projects/major_project/apache_tvm_research/tvm/python/tvm/meta_schedule/cost_model/xgb_model.py", line 594, in _train
    import xgboost as xgb  # type: ignore # pylint: disable=import-outside-toplevel
RuntimeError: No module named 'xgboost'
2026-04-10 15:52:19,164 | INFO | 
########################################################################################################################
2026-04-10 15:52:19,164 | INFO | Run 3/24 (21 remaining) | global 27/48 (21 remaining) | iteration=1 | mode=compare | config=pruned_g4-p0-m3-b1
2026-04-10 15:52:19,165 | INFO | Task: kernel=qkv M=64 K=768 N=768 bucket=small
2026-04-10 15:52:19,165 | INFO | ########################################################################################################################

2026-04-10 15:52:39,919 | ERROR | Task failed for kernel=qkv M=64 with config=pruned_g4-p0-m3-b1
Traceback (most recent call last):
  File "/home/ishan/projects/major_project/apache_tvm_research/research/workloads/bert/metaschedule/metaschedule_8020_tuner.py", line 938, in _run_single_task
    database = _run_tuning(mod=mod, work_dir=work_dir, config=biased_config, tune_seed=tune_seed)
  File "/home/ishan/projects/major_project/apache_tvm_research/research/workloads/bert/metaschedule/metaschedule_8020_tuner.py", line 617, in _run_tuning
    return ms.tir_integration.tune_tir(**supported_kwargs)
  File "/home/ishan/projects/major_project/apache_tvm_research/tvm/python/tvm/meta_schedule/tir_integration.py", line 146, in tune_tir
    return tune_tasks(
  File "/home/ishan/projects/major_project/apache_tvm_research/tvm/python/tvm/meta_schedule/tune.py", line 122, in tune_tasks
    task_scheduler.tune(
  File "/home/ishan/projects/major_project/apache_tvm_research/tvm/python/tvm/meta_schedule/task_scheduler/task_scheduler.py", line 132, in tune
    _ffi_api.TaskSchedulerTune(  # type: ignore # pylint: disable=no-member
  File "tvm/ffi/cython/function.pxi", line 228, in tvm.ffi.core.Function.__call__
  File "tvm/ffi/cython/core.cpp", line 21837, in __pyx_pw_3tvm_3ffi_4core_8Function_1__call__
  File "tvm/ffi/cython/core.cpp", line 21888, in __pyx_pf_3tvm_3ffi_4core_8Function___call__
  File "tvm/ffi/cython/core.cpp", line 21606, in __pyx_f_3tvm_3ffi_4core_FuncCall
  File "tvm/ffi/cython/core.cpp", line 24531, in __pyx_f_3tvm_3ffi_4core_tvm_ffi_callback
  File "tvm/ffi/cython/core.cpp", line 14943, in __pyx_f_3tvm_3ffi_4core_set_last_ffi_error
  File "tvm/ffi/cython/function.pxi", line 383, in tvm.ffi.core.tvm_ffi_callback
  File "/home/ishan/projects/major_project/apache_tvm_research/tvm/python/tvm/meta_schedule/utils.py", line 76, in method
    return getattr(inst, name)(*args, **kwargs)
  File "/home/ishan/projects/major_project/apache_tvm_research/tvm/python/tvm/meta_schedule/cost_model/xgb_model.py", line 550, in update
    self._train(xs=feature_list, ys=cost_ratios)
  File "/home/ishan/projects/major_project/apache_tvm_research/tvm/python/tvm/meta_schedule/cost_model/xgb_model.py", line 594, in _train
    import xgboost as xgb  # type: ignore # pylint: disable=import-outside-toplevel
RuntimeError: No module named 'xgboost'
2026-04-10 15:52:39,919 | INFO | 
########################################################################################################################
2026-04-10 15:52:39,919 | INFO | Run 4/24 (20 remaining) | global 28/48 (20 remaining) | iteration=1 | mode=compare | config=pruned_g4-p0-m3-b1
2026-04-10 15:52:39,919 | INFO | Task: kernel=qkv M=96 K=768 N=768 bucket=medium
2026-04-10 15:52:39,919 | INFO | ########################################################################################################################

2026-04-10 15:52:59,740 | ERROR | Task failed for kernel=qkv M=96 with config=pruned_g4-p0-m3-b1
Traceback (most recent call last):
  File "/home/ishan/projects/major_project/apache_tvm_research/research/workloads/bert/metaschedule/metaschedule_8020_tuner.py", line 938, in _run_single_task
    database = _run_tuning(mod=mod, work_dir=work_dir, config=biased_config, tune_seed=tune_seed)
  File "/home/ishan/projects/major_project/apache_tvm_research/research/workloads/bert/metaschedule/metaschedule_8020_tuner.py", line 617, in _run_tuning
    return ms.tir_integration.tune_tir(**supported_kwargs)
  File "/home/ishan/projects/major_project/apache_tvm_research/tvm/python/tvm/meta_schedule/tir_integration.py", line 146, in tune_tir
    return tune_tasks(
  File "/home/ishan/projects/major_project/apache_tvm_research/tvm/python/tvm/meta_schedule/tune.py", line 122, in tune_tasks
    task_scheduler.tune(
  File "/home/ishan/projects/major_project/apache_tvm_research/tvm/python/tvm/meta_schedule/task_scheduler/task_scheduler.py", line 132, in tune
    _ffi_api.TaskSchedulerTune(  # type: ignore # pylint: disable=no-member
  File "tvm/ffi/cython/function.pxi", line 228, in tvm.ffi.core.Function.__call__
  File "tvm/ffi/cython/core.cpp", line 21837, in __pyx_pw_3tvm_3ffi_4core_8Function_1__call__
  File "tvm/ffi/cython/core.cpp", line 21888, in __pyx_pf_3tvm_3ffi_4core_8Function___call__
  File "tvm/ffi/cython/core.cpp", line 21606, in __pyx_f_3tvm_3ffi_4core_FuncCall
  File "tvm/ffi/cython/core.cpp", line 24531, in __pyx_f_3tvm_3ffi_4core_tvm_ffi_callback
  File "tvm/ffi/cython/core.cpp", line 14943, in __pyx_f_3tvm_3ffi_4core_set_last_ffi_error
  File "tvm/ffi/cython/function.pxi", line 383, in tvm.ffi.core.tvm_ffi_callback
  File "/home/ishan/projects/major_project/apache_tvm_research/tvm/python/tvm/meta_schedule/utils.py", line 76, in method
    return getattr(inst, name)(*args, **kwargs)
  File "/home/ishan/projects/major_project/apache_tvm_research/tvm/python/tvm/meta_schedule/cost_model/xgb_model.py", line 550, in update
    self._train(xs=feature_list, ys=cost_ratios)
  File "/home/ishan/projects/major_project/apache_tvm_research/tvm/python/tvm/meta_schedule/cost_model/xgb_model.py", line 594, in _train
    import xgboost as xgb  # type: ignore # pylint: disable=import-outside-toplevel
RuntimeError: No module named 'xgboost'
2026-04-10 15:52:59,741 | INFO | 
########################################################################################################################
2026-04-10 15:52:59,741 | INFO | Run 5/24 (19 remaining) | global 29/48 (19 remaining) | iteration=1 | mode=compare | config=pruned_g4-p0-m3-b1
2026-04-10 15:52:59,741 | INFO | Task: kernel=qkv M=128 K=768 N=768 bucket=medium
2026-04-10 15:52:59,741 | INFO | ########################################################################################################################

2026-04-10 15:53:19,450 | ERROR | Task failed for kernel=qkv M=128 with config=pruned_g4-p0-m3-b1
Traceback (most recent call last):
  File "/home/ishan/projects/major_project/apache_tvm_research/research/workloads/bert/metaschedule/metaschedule_8020_tuner.py", line 938, in _run_single_task
    database = _run_tuning(mod=mod, work_dir=work_dir, config=biased_config, tune_seed=tune_seed)
  File "/home/ishan/projects/major_project/apache_tvm_research/research/workloads/bert/metaschedule/metaschedule_8020_tuner.py", line 617, in _run_tuning
    return ms.tir_integration.tune_tir(**supported_kwargs)
  File "/home/ishan/projects/major_project/apache_tvm_research/tvm/python/tvm/meta_schedule/tir_integration.py", line 146, in tune_tir
    return tune_tasks(
  File "/home/ishan/projects/major_project/apache_tvm_research/tvm/python/tvm/meta_schedule/tune.py", line 122, in tune_tasks
    task_scheduler.tune(
  File "/home/ishan/projects/major_project/apache_tvm_research/tvm/python/tvm/meta_schedule/task_scheduler/task_scheduler.py", line 132, in tune
    _ffi_api.TaskSchedulerTune(  # type: ignore # pylint: disable=no-member
  File "tvm/ffi/cython/function.pxi", line 228, in tvm.ffi.core.Function.__call__
  File "tvm/ffi/cython/core.cpp", line 21837, in __pyx_pw_3tvm_3ffi_4core_8Function_1__call__
  File "tvm/ffi/cython/core.cpp", line 21888, in __pyx_pf_3tvm_3ffi_4core_8Function___call__
  File "tvm/ffi/cython/core.cpp", line 21606, in __pyx_f_3tvm_3ffi_4core_FuncCall
  File "tvm/ffi/cython/core.cpp", line 24531, in __pyx_f_3tvm_3ffi_4core_tvm_ffi_callback
  File "tvm/ffi/cython/core.cpp", line 14943, in __pyx_f_3tvm_3ffi_4core_set_last_ffi_error
  File "tvm/ffi/cython/function.pxi", line 383, in tvm.ffi.core.tvm_ffi_callback
  File "/home/ishan/projects/major_project/apache_tvm_research/tvm/python/tvm/meta_schedule/utils.py", line 76, in method
    return getattr(inst, name)(*args, **kwargs)
  File "/home/ishan/projects/major_project/apache_tvm_research/tvm/python/tvm/meta_schedule/cost_model/xgb_model.py", line 550, in update
    self._train(xs=feature_list, ys=cost_ratios)
  File "/home/ishan/projects/major_project/apache_tvm_research/tvm/python/tvm/meta_schedule/cost_model/xgb_model.py", line 594, in _train
    import xgboost as xgb  # type: ignore # pylint: disable=import-outside-toplevel
RuntimeError: No module named 'xgboost'
2026-04-10 15:53:19,451 | INFO | 
########################################################################################################################
2026-04-10 15:53:19,451 | INFO | Run 6/24 (18 remaining) | global 30/48 (18 remaining) | iteration=1 | mode=compare | config=pruned_g4-p0-m3-b1
2026-04-10 15:53:19,451 | INFO | Task: kernel=qkv M=192 K=768 N=768 bucket=large
2026-04-10 15:53:19,451 | INFO | ########################################################################################################################

2026-04-10 15:53:40,565 | ERROR | Task failed for kernel=qkv M=192 with config=pruned_g4-p0-m3-b1
Traceback (most recent call last):
  File "/home/ishan/projects/major_project/apache_tvm_research/research/workloads/bert/metaschedule/metaschedule_8020_tuner.py", line 938, in _run_single_task
    database = _run_tuning(mod=mod, work_dir=work_dir, config=biased_config, tune_seed=tune_seed)
  File "/home/ishan/projects/major_project/apache_tvm_research/research/workloads/bert/metaschedule/metaschedule_8020_tuner.py", line 617, in _run_tuning
    return ms.tir_integration.tune_tir(**supported_kwargs)
  File "/home/ishan/projects/major_project/apache_tvm_research/tvm/python/tvm/meta_schedule/tir_integration.py", line 146, in tune_tir
    return tune_tasks(
  File "/home/ishan/projects/major_project/apache_tvm_research/tvm/python/tvm/meta_schedule/tune.py", line 122, in tune_tasks
    task_scheduler.tune(
  File "/home/ishan/projects/major_project/apache_tvm_research/tvm/python/tvm/meta_schedule/task_scheduler/task_scheduler.py", line 132, in tune
    _ffi_api.TaskSchedulerTune(  # type: ignore # pylint: disable=no-member
  File "tvm/ffi/cython/function.pxi", line 228, in tvm.ffi.core.Function.__call__
  File "tvm/ffi/cython/core.cpp", line 21837, in __pyx_pw_3tvm_3ffi_4core_8Function_1__call__
  File "tvm/ffi/cython/core.cpp", line 21888, in __pyx_pf_3tvm_3ffi_4core_8Function___call__
  File "tvm/ffi/cython/core.cpp", line 21606, in __pyx_f_3tvm_3ffi_4core_FuncCall
  File "tvm/ffi/cython/core.cpp", line 24531, in __pyx_f_3tvm_3ffi_4core_tvm_ffi_callback
  File "tvm/ffi/cython/core.cpp", line 14943, in __pyx_f_3tvm_3ffi_4core_set_last_ffi_error
  File "tvm/ffi/cython/function.pxi", line 383, in tvm.ffi.core.tvm_ffi_callback
  File "/home/ishan/projects/major_project/apache_tvm_research/tvm/python/tvm/meta_schedule/utils.py", line 76, in method
    return getattr(inst, name)(*args, **kwargs)
  File "/home/ishan/projects/major_project/apache_tvm_research/tvm/python/tvm/meta_schedule/cost_model/xgb_model.py", line 550, in update
    self._train(xs=feature_list, ys=cost_ratios)
  File "/home/ishan/projects/major_project/apache_tvm_research/tvm/python/tvm/meta_schedule/cost_model/xgb_model.py", line 594, in _train
    import xgboost as xgb  # type: ignore # pylint: disable=import-outside-toplevel
RuntimeError: No module named 'xgboost'
2026-04-10 15:53:40,565 | INFO | 
########################################################################################################################
2026-04-10 15:53:40,566 | INFO | Run 7/24 (17 remaining) | global 31/48 (17 remaining) | iteration=1 | mode=compare | config=pruned_g4-p0-m3-b1
2026-04-10 15:53:40,566 | INFO | Task: kernel=qkv M=256 K=768 N=768 bucket=large
2026-04-10 15:53:40,566 | INFO | ########################################################################################################################

2026-04-10 15:53:59,462 | ERROR | Task failed for kernel=qkv M=256 with config=pruned_g4-p0-m3-b1
Traceback (most recent call last):
  File "/home/ishan/projects/major_project/apache_tvm_research/research/workloads/bert/metaschedule/metaschedule_8020_tuner.py", line 938, in _run_single_task
    database = _run_tuning(mod=mod, work_dir=work_dir, config=biased_config, tune_seed=tune_seed)
  File "/home/ishan/projects/major_project/apache_tvm_research/research/workloads/bert/metaschedule/metaschedule_8020_tuner.py", line 617, in _run_tuning
    return ms.tir_integration.tune_tir(**supported_kwargs)
  File "/home/ishan/projects/major_project/apache_tvm_research/tvm/python/tvm/meta_schedule/tir_integration.py", line 146, in tune_tir
    return tune_tasks(
  File "/home/ishan/projects/major_project/apache_tvm_research/tvm/python/tvm/meta_schedule/tune.py", line 122, in tune_tasks
    task_scheduler.tune(
  File "/home/ishan/projects/major_project/apache_tvm_research/tvm/python/tvm/meta_schedule/task_scheduler/task_scheduler.py", line 132, in tune
    _ffi_api.TaskSchedulerTune(  # type: ignore # pylint: disable=no-member
  File "tvm/ffi/cython/function.pxi", line 228, in tvm.ffi.core.Function.__call__
  File "tvm/ffi/cython/core.cpp", line 21837, in __pyx_pw_3tvm_3ffi_4core_8Function_1__call__
  File "tvm/ffi/cython/core.cpp", line 21888, in __pyx_pf_3tvm_3ffi_4core_8Function___call__
  File "tvm/ffi/cython/core.cpp", line 21606, in __pyx_f_3tvm_3ffi_4core_FuncCall
  File "tvm/ffi/cython/core.cpp", line 24531, in __pyx_f_3tvm_3ffi_4core_tvm_ffi_callback
  File "tvm/ffi/cython/core.cpp", line 14943, in __pyx_f_3tvm_3ffi_4core_set_last_ffi_error
  File "tvm/ffi/cython/function.pxi", line 383, in tvm.ffi.core.tvm_ffi_callback
  File "/home/ishan/projects/major_project/apache_tvm_research/tvm/python/tvm/meta_schedule/utils.py", line 76, in method
    return getattr(inst, name)(*args, **kwargs)
  File "/home/ishan/projects/major_project/apache_tvm_research/tvm/python/tvm/meta_schedule/cost_model/xgb_model.py", line 550, in update
    self._train(xs=feature_list, ys=cost_ratios)
  File "/home/ishan/projects/major_project/apache_tvm_research/tvm/python/tvm/meta_schedule/cost_model/xgb_model.py", line 594, in _train
    import xgboost as xgb  # type: ignore # pylint: disable=import-outside-toplevel
RuntimeError: No module named 'xgboost'
2026-04-10 15:53:59,463 | INFO | 
########################################################################################################################
2026-04-10 15:53:59,463 | INFO | Run 8/24 (16 remaining) | global 32/48 (16 remaining) | iteration=1 | mode=compare | config=pruned_g4-p0-m3-b1
2026-04-10 15:53:59,463 | INFO | Task: kernel=qkv M=384 K=768 N=768 bucket=large
2026-04-10 15:53:59,463 | INFO | ########################################################################################################################

2026-04-10 15:54:22,680 | ERROR | Task failed for kernel=qkv M=384 with config=pruned_g4-p0-m3-b1
Traceback (most recent call last):
  File "/home/ishan/projects/major_project/apache_tvm_research/research/workloads/bert/metaschedule/metaschedule_8020_tuner.py", line 938, in _run_single_task
    database = _run_tuning(mod=mod, work_dir=work_dir, config=biased_config, tune_seed=tune_seed)
  File "/home/ishan/projects/major_project/apache_tvm_research/research/workloads/bert/metaschedule/metaschedule_8020_tuner.py", line 617, in _run_tuning
    return ms.tir_integration.tune_tir(**supported_kwargs)
  File "/home/ishan/projects/major_project/apache_tvm_research/tvm/python/tvm/meta_schedule/tir_integration.py", line 146, in tune_tir
    return tune_tasks(
  File "/home/ishan/projects/major_project/apache_tvm_research/tvm/python/tvm/meta_schedule/tune.py", line 122, in tune_tasks
    task_scheduler.tune(
  File "/home/ishan/projects/major_project/apache_tvm_research/tvm/python/tvm/meta_schedule/task_scheduler/task_scheduler.py", line 132, in tune
    _ffi_api.TaskSchedulerTune(  # type: ignore # pylint: disable=no-member
  File "tvm/ffi/cython/function.pxi", line 228, in tvm.ffi.core.Function.__call__
  File "tvm/ffi/cython/core.cpp", line 21837, in __pyx_pw_3tvm_3ffi_4core_8Function_1__call__
  File "tvm/ffi/cython/core.cpp", line 21888, in __pyx_pf_3tvm_3ffi_4core_8Function___call__
  File "tvm/ffi/cython/core.cpp", line 21606, in __pyx_f_3tvm_3ffi_4core_FuncCall
  File "tvm/ffi/cython/core.cpp", line 24531, in __pyx_f_3tvm_3ffi_4core_tvm_ffi_callback
  File "tvm/ffi/cython/core.cpp", line 14943, in __pyx_f_3tvm_3ffi_4core_set_last_ffi_error
  File "tvm/ffi/cython/function.pxi", line 383, in tvm.ffi.core.tvm_ffi_callback
  File "/home/ishan/projects/major_project/apache_tvm_research/tvm/python/tvm/meta_schedule/utils.py", line 76, in method
    return getattr(inst, name)(*args, **kwargs)
  File "/home/ishan/projects/major_project/apache_tvm_research/tvm/python/tvm/meta_schedule/cost_model/xgb_model.py", line 550, in update
    self._train(xs=feature_list, ys=cost_ratios)
  File "/home/ishan/projects/major_project/apache_tvm_research/tvm/python/tvm/meta_schedule/cost_model/xgb_model.py", line 594, in _train
    import xgboost as xgb  # type: ignore # pylint: disable=import-outside-toplevel
RuntimeError: No module named 'xgboost'
2026-04-10 15:54:22,681 | INFO | 
########################################################################################################################
2026-04-10 15:54:22,681 | INFO | Run 9/24 (15 remaining) | global 33/48 (15 remaining) | iteration=1 | mode=compare | config=pruned_g4-p0-m3-b1
2026-04-10 15:54:22,681 | INFO | Task: kernel=mlp_expand M=16 K=768 N=3072 bucket=small
2026-04-10 15:54:22,681 | INFO | ########################################################################################################################

2026-04-10 15:54:43,488 | ERROR | Task failed for kernel=mlp_expand M=16 with config=pruned_g4-p0-m3-b1
Traceback (most recent call last):
  File "/home/ishan/projects/major_project/apache_tvm_research/research/workloads/bert/metaschedule/metaschedule_8020_tuner.py", line 938, in _run_single_task
    database = _run_tuning(mod=mod, work_dir=work_dir, config=biased_config, tune_seed=tune_seed)
  File "/home/ishan/projects/major_project/apache_tvm_research/research/workloads/bert/metaschedule/metaschedule_8020_tuner.py", line 617, in _run_tuning
    return ms.tir_integration.tune_tir(**supported_kwargs)
  File "/home/ishan/projects/major_project/apache_tvm_research/tvm/python/tvm/meta_schedule/tir_integration.py", line 146, in tune_tir
    return tune_tasks(
  File "/home/ishan/projects/major_project/apache_tvm_research/tvm/python/tvm/meta_schedule/tune.py", line 122, in tune_tasks
    task_scheduler.tune(
  File "/home/ishan/projects/major_project/apache_tvm_research/tvm/python/tvm/meta_schedule/task_scheduler/task_scheduler.py", line 132, in tune
    _ffi_api.TaskSchedulerTune(  # type: ignore # pylint: disable=no-member
  File "tvm/ffi/cython/function.pxi", line 228, in tvm.ffi.core.Function.__call__
  File "tvm/ffi/cython/core.cpp", line 21837, in __pyx_pw_3tvm_3ffi_4core_8Function_1__call__
  File "tvm/ffi/cython/core.cpp", line 21888, in __pyx_pf_3tvm_3ffi_4core_8Function___call__
  File "tvm/ffi/cython/core.cpp", line 21606, in __pyx_f_3tvm_3ffi_4core_FuncCall
  File "tvm/ffi/cython/core.cpp", line 24531, in __pyx_f_3tvm_3ffi_4core_tvm_ffi_callback
  File "tvm/ffi/cython/core.cpp", line 14943, in __pyx_f_3tvm_3ffi_4core_set_last_ffi_error
  File "tvm/ffi/cython/function.pxi", line 383, in tvm.ffi.core.tvm_ffi_callback
  File "/home/ishan/projects/major_project/apache_tvm_research/tvm/python/tvm/meta_schedule/utils.py", line 76, in method
    return getattr(inst, name)(*args, **kwargs)
  File "/home/ishan/projects/major_project/apache_tvm_research/tvm/python/tvm/meta_schedule/cost_model/xgb_model.py", line 550, in update
    self._train(xs=feature_list, ys=cost_ratios)
  File "/home/ishan/projects/major_project/apache_tvm_research/tvm/python/tvm/meta_schedule/cost_model/xgb_model.py", line 594, in _train
    import xgboost as xgb  # type: ignore # pylint: disable=import-outside-toplevel
RuntimeError: No module named 'xgboost'
2026-04-10 15:54:43,489 | INFO | 
########################################################################################################################
2026-04-10 15:54:43,489 | INFO | Run 10/24 (14 remaining) | global 34/48 (14 remaining) | iteration=1 | mode=compare | config=pruned_g4-p0-m3-b1
2026-04-10 15:54:43,489 | INFO | Task: kernel=mlp_expand M=32 K=768 N=3072 bucket=small
2026-04-10 15:54:43,490 | INFO | ########################################################################################################################

2026-04-10 15:55:07,786 | ERROR | Task failed for kernel=mlp_expand M=32 with config=pruned_g4-p0-m3-b1
Traceback (most recent call last):
  File "/home/ishan/projects/major_project/apache_tvm_research/research/workloads/bert/metaschedule/metaschedule_8020_tuner.py", line 938, in _run_single_task
    database = _run_tuning(mod=mod, work_dir=work_dir, config=biased_config, tune_seed=tune_seed)
  File "/home/ishan/projects/major_project/apache_tvm_research/research/workloads/bert/metaschedule/metaschedule_8020_tuner.py", line 617, in _run_tuning
    return ms.tir_integration.tune_tir(**supported_kwargs)
  File "/home/ishan/projects/major_project/apache_tvm_research/tvm/python/tvm/meta_schedule/tir_integration.py", line 146, in tune_tir
    return tune_tasks(
  File "/home/ishan/projects/major_project/apache_tvm_research/tvm/python/tvm/meta_schedule/tune.py", line 122, in tune_tasks
    task_scheduler.tune(
  File "/home/ishan/projects/major_project/apache_tvm_research/tvm/python/tvm/meta_schedule/task_scheduler/task_scheduler.py", line 132, in tune
    _ffi_api.TaskSchedulerTune(  # type: ignore # pylint: disable=no-member
  File "tvm/ffi/cython/function.pxi", line 228, in tvm.ffi.core.Function.__call__
  File "tvm/ffi/cython/core.cpp", line 21837, in __pyx_pw_3tvm_3ffi_4core_8Function_1__call__
  File "tvm/ffi/cython/core.cpp", line 21888, in __pyx_pf_3tvm_3ffi_4core_8Function___call__
  File "tvm/ffi/cython/core.cpp", line 21606, in __pyx_f_3tvm_3ffi_4core_FuncCall
  File "tvm/ffi/cython/core.cpp", line 24531, in __pyx_f_3tvm_3ffi_4core_tvm_ffi_callback
  File "tvm/ffi/cython/core.cpp", line 14943, in __pyx_f_3tvm_3ffi_4core_set_last_ffi_error
  File "tvm/ffi/cython/function.pxi", line 383, in tvm.ffi.core.tvm_ffi_callback
  File "/home/ishan/projects/major_project/apache_tvm_research/tvm/python/tvm/meta_schedule/utils.py", line 76, in method
    return getattr(inst, name)(*args, **kwargs)
  File "/home/ishan/projects/major_project/apache_tvm_research/tvm/python/tvm/meta_schedule/cost_model/xgb_model.py", line 550, in update
    self._train(xs=feature_list, ys=cost_ratios)
  File "/home/ishan/projects/major_project/apache_tvm_research/tvm/python/tvm/meta_schedule/cost_model/xgb_model.py", line 594, in _train
    import xgboost as xgb  # type: ignore # pylint: disable=import-outside-toplevel
RuntimeError: No module named 'xgboost'
2026-04-10 15:55:07,787 | INFO | 
########################################################################################################################
2026-04-10 15:55:07,787 | INFO | Run 11/24 (13 remaining) | global 35/48 (13 remaining) | iteration=1 | mode=compare | config=pruned_g4-p0-m3-b1
2026-04-10 15:55:07,787 | INFO | Task: kernel=mlp_expand M=64 K=768 N=3072 bucket=small
2026-04-10 15:55:07,787 | INFO | ########################################################################################################################

2026-04-10 15:55:31,139 | ERROR | Task failed for kernel=mlp_expand M=64 with config=pruned_g4-p0-m3-b1
Traceback (most recent call last):
  File "/home/ishan/projects/major_project/apache_tvm_research/research/workloads/bert/metaschedule/metaschedule_8020_tuner.py", line 938, in _run_single_task
    database = _run_tuning(mod=mod, work_dir=work_dir, config=biased_config, tune_seed=tune_seed)
  File "/home/ishan/projects/major_project/apache_tvm_research/research/workloads/bert/metaschedule/metaschedule_8020_tuner.py", line 617, in _run_tuning
    return ms.tir_integration.tune_tir(**supported_kwargs)
  File "/home/ishan/projects/major_project/apache_tvm_research/tvm/python/tvm/meta_schedule/tir_integration.py", line 146, in tune_tir
    return tune_tasks(
  File "/home/ishan/projects/major_project/apache_tvm_research/tvm/python/tvm/meta_schedule/tune.py", line 122, in tune_tasks
    task_scheduler.tune(
  File "/home/ishan/projects/major_project/apache_tvm_research/tvm/python/tvm/meta_schedule/task_scheduler/task_scheduler.py", line 132, in tune
    _ffi_api.TaskSchedulerTune(  # type: ignore # pylint: disable=no-member
  File "tvm/ffi/cython/function.pxi", line 228, in tvm.ffi.core.Function.__call__
  File "tvm/ffi/cython/core.cpp", line 21837, in __pyx_pw_3tvm_3ffi_4core_8Function_1__call__
  File "tvm/ffi/cython/core.cpp", line 21888, in __pyx_pf_3tvm_3ffi_4core_8Function___call__
  File "tvm/ffi/cython/core.cpp", line 21606, in __pyx_f_3tvm_3ffi_4core_FuncCall
  File "tvm/ffi/cython/core.cpp", line 24531, in __pyx_f_3tvm_3ffi_4core_tvm_ffi_callback
  File "tvm/ffi/cython/core.cpp", line 14943, in __pyx_f_3tvm_3ffi_4core_set_last_ffi_error
  File "tvm/ffi/cython/function.pxi", line 383, in tvm.ffi.core.tvm_ffi_callback
  File "/home/ishan/projects/major_project/apache_tvm_research/tvm/python/tvm/meta_schedule/utils.py", line 76, in method
    return getattr(inst, name)(*args, **kwargs)
  File "/home/ishan/projects/major_project/apache_tvm_research/tvm/python/tvm/meta_schedule/cost_model/xgb_model.py", line 550, in update
    self._train(xs=feature_list, ys=cost_ratios)
  File "/home/ishan/projects/major_project/apache_tvm_research/tvm/python/tvm/meta_schedule/cost_model/xgb_model.py", line 594, in _train
    import xgboost as xgb  # type: ignore # pylint: disable=import-outside-toplevel
RuntimeError: No module named 'xgboost'
2026-04-10 15:55:31,139 | INFO | 
########################################################################################################################
2026-04-10 15:55:31,139 | INFO | Run 12/24 (12 remaining) | global 36/48 (12 remaining) | iteration=1 | mode=compare | config=pruned_g4-p0-m3-b1
2026-04-10 15:55:31,139 | INFO | Task: kernel=mlp_expand M=96 K=768 N=3072 bucket=medium
2026-04-10 15:55:31,139 | INFO | ########################################################################################################################

2026-04-10 15:55:51,837 | ERROR | Task failed for kernel=mlp_expand M=96 with config=pruned_g4-p0-m3-b1
Traceback (most recent call last):
  File "/home/ishan/projects/major_project/apache_tvm_research/research/workloads/bert/metaschedule/metaschedule_8020_tuner.py", line 938, in _run_single_task
    database = _run_tuning(mod=mod, work_dir=work_dir, config=biased_config, tune_seed=tune_seed)
  File "/home/ishan/projects/major_project/apache_tvm_research/research/workloads/bert/metaschedule/metaschedule_8020_tuner.py", line 617, in _run_tuning
    return ms.tir_integration.tune_tir(**supported_kwargs)
  File "/home/ishan/projects/major_project/apache_tvm_research/tvm/python/tvm/meta_schedule/tir_integration.py", line 146, in tune_tir
    return tune_tasks(
  File "/home/ishan/projects/major_project/apache_tvm_research/tvm/python/tvm/meta_schedule/tune.py", line 122, in tune_tasks
    task_scheduler.tune(
  File "/home/ishan/projects/major_project/apache_tvm_research/tvm/python/tvm/meta_schedule/task_scheduler/task_scheduler.py", line 132, in tune
    _ffi_api.TaskSchedulerTune(  # type: ignore # pylint: disable=no-member
  File "tvm/ffi/cython/function.pxi", line 228, in tvm.ffi.core.Function.__call__
  File "tvm/ffi/cython/core.cpp", line 21837, in __pyx_pw_3tvm_3ffi_4core_8Function_1__call__
  File "tvm/ffi/cython/core.cpp", line 21888, in __pyx_pf_3tvm_3ffi_4core_8Function___call__
  File "tvm/ffi/cython/core.cpp", line 21606, in __pyx_f_3tvm_3ffi_4core_FuncCall
  File "tvm/ffi/cython/core.cpp", line 24531, in __pyx_f_3tvm_3ffi_4core_tvm_ffi_callback
  File "tvm/ffi/cython/core.cpp", line 14943, in __pyx_f_3tvm_3ffi_4core_set_last_ffi_error
  File "tvm/ffi/cython/function.pxi", line 383, in tvm.ffi.core.tvm_ffi_callback
  File "/home/ishan/projects/major_project/apache_tvm_research/tvm/python/tvm/meta_schedule/utils.py", line 76, in method
    return getattr(inst, name)(*args, **kwargs)
  File "/home/ishan/projects/major_project/apache_tvm_research/tvm/python/tvm/meta_schedule/cost_model/xgb_model.py", line 550, in update
    self._train(xs=feature_list, ys=cost_ratios)
  File "/home/ishan/projects/major_project/apache_tvm_research/tvm/python/tvm/meta_schedule/cost_model/xgb_model.py", line 594, in _train
    import xgboost as xgb  # type: ignore # pylint: disable=import-outside-toplevel
RuntimeError: No module named 'xgboost'
2026-04-10 15:55:51,838 | INFO | 
########################################################################################################################
2026-04-10 15:55:51,838 | INFO | Run 13/24 (11 remaining) | global 37/48 (11 remaining) | iteration=1 | mode=compare | config=pruned_g4-p0-m3-b1
2026-04-10 15:55:51,838 | INFO | Task: kernel=mlp_expand M=128 K=768 N=3072 bucket=medium
2026-04-10 15:55:51,838 | INFO | ########################################################################################################################

2026-04-10 15:56:16,737 | ERROR | Task failed for kernel=mlp_expand M=128 with config=pruned_g4-p0-m3-b1
Traceback (most recent call last):
  File "/home/ishan/projects/major_project/apache_tvm_research/research/workloads/bert/metaschedule/metaschedule_8020_tuner.py", line 938, in _run_single_task
    database = _run_tuning(mod=mod, work_dir=work_dir, config=biased_config, tune_seed=tune_seed)
  File "/home/ishan/projects/major_project/apache_tvm_research/research/workloads/bert/metaschedule/metaschedule_8020_tuner.py", line 617, in _run_tuning
    return ms.tir_integration.tune_tir(**supported_kwargs)
  File "/home/ishan/projects/major_project/apache_tvm_research/tvm/python/tvm/meta_schedule/tir_integration.py", line 146, in tune_tir
    return tune_tasks(
  File "/home/ishan/projects/major_project/apache_tvm_research/tvm/python/tvm/meta_schedule/tune.py", line 122, in tune_tasks
    task_scheduler.tune(
  File "/home/ishan/projects/major_project/apache_tvm_research/tvm/python/tvm/meta_schedule/task_scheduler/task_scheduler.py", line 132, in tune
    _ffi_api.TaskSchedulerTune(  # type: ignore # pylint: disable=no-member
  File "tvm/ffi/cython/function.pxi", line 228, in tvm.ffi.core.Function.__call__
  File "tvm/ffi/cython/core.cpp", line 21837, in __pyx_pw_3tvm_3ffi_4core_8Function_1__call__
  File "tvm/ffi/cython/core.cpp", line 21888, in __pyx_pf_3tvm_3ffi_4core_8Function___call__
  File "tvm/ffi/cython/core.cpp", line 21606, in __pyx_f_3tvm_3ffi_4core_FuncCall
  File "tvm/ffi/cython/core.cpp", line 24531, in __pyx_f_3tvm_3ffi_4core_tvm_ffi_callback
  File "tvm/ffi/cython/core.cpp", line 14943, in __pyx_f_3tvm_3ffi_4core_set_last_ffi_error
  File "tvm/ffi/cython/function.pxi", line 383, in tvm.ffi.core.tvm_ffi_callback
  File "/home/ishan/projects/major_project/apache_tvm_research/tvm/python/tvm/meta_schedule/utils.py", line 76, in method
    return getattr(inst, name)(*args, **kwargs)
  File "/home/ishan/projects/major_project/apache_tvm_research/tvm/python/tvm/meta_schedule/cost_model/xgb_model.py", line 550, in update
    self._train(xs=feature_list, ys=cost_ratios)
  File "/home/ishan/projects/major_project/apache_tvm_research/tvm/python/tvm/meta_schedule/cost_model/xgb_model.py", line 594, in _train
    import xgboost as xgb  # type: ignore # pylint: disable=import-outside-toplevel
RuntimeError: No module named 'xgboost'
2026-04-10 15:56:16,738 | INFO | 
########################################################################################################################
2026-04-10 15:56:16,738 | INFO | Run 14/24 (10 remaining) | global 38/48 (10 remaining) | iteration=1 | mode=compare | config=pruned_g4-p0-m3-b1
2026-04-10 15:56:16,738 | INFO | Task: kernel=mlp_expand M=192 K=768 N=3072 bucket=large
2026-04-10 15:56:16,739 | INFO | ########################################################################################################################

2026-04-10 15:56:41,642 | ERROR | Task failed for kernel=mlp_expand M=192 with config=pruned_g4-p0-m3-b1
Traceback (most recent call last):
  File "/home/ishan/projects/major_project/apache_tvm_research/research/workloads/bert/metaschedule/metaschedule_8020_tuner.py", line 938, in _run_single_task
    database = _run_tuning(mod=mod, work_dir=work_dir, config=biased_config, tune_seed=tune_seed)
  File "/home/ishan/projects/major_project/apache_tvm_research/research/workloads/bert/metaschedule/metaschedule_8020_tuner.py", line 617, in _run_tuning
    return ms.tir_integration.tune_tir(**supported_kwargs)
  File "/home/ishan/projects/major_project/apache_tvm_research/tvm/python/tvm/meta_schedule/tir_integration.py", line 146, in tune_tir
    return tune_tasks(
  File "/home/ishan/projects/major_project/apache_tvm_research/tvm/python/tvm/meta_schedule/tune.py", line 122, in tune_tasks
    task_scheduler.tune(
  File "/home/ishan/projects/major_project/apache_tvm_research/tvm/python/tvm/meta_schedule/task_scheduler/task_scheduler.py", line 132, in tune
    _ffi_api.TaskSchedulerTune(  # type: ignore # pylint: disable=no-member
  File "tvm/ffi/cython/function.pxi", line 228, in tvm.ffi.core.Function.__call__
  File "tvm/ffi/cython/core.cpp", line 21837, in __pyx_pw_3tvm_3ffi_4core_8Function_1__call__
  File "tvm/ffi/cython/core.cpp", line 21888, in __pyx_pf_3tvm_3ffi_4core_8Function___call__
  File "tvm/ffi/cython/core.cpp", line 21606, in __pyx_f_3tvm_3ffi_4core_FuncCall
  File "tvm/ffi/cython/core.cpp", line 24531, in __pyx_f_3tvm_3ffi_4core_tvm_ffi_callback
  File "tvm/ffi/cython/core.cpp", line 14943, in __pyx_f_3tvm_3ffi_4core_set_last_ffi_error
  File "tvm/ffi/cython/function.pxi", line 383, in tvm.ffi.core.tvm_ffi_callback
  File "/home/ishan/projects/major_project/apache_tvm_research/tvm/python/tvm/meta_schedule/utils.py", line 76, in method
    return getattr(inst, name)(*args, **kwargs)
  File "/home/ishan/projects/major_project/apache_tvm_research/tvm/python/tvm/meta_schedule/cost_model/xgb_model.py", line 550, in update
    self._train(xs=feature_list, ys=cost_ratios)
  File "/home/ishan/projects/major_project/apache_tvm_research/tvm/python/tvm/meta_schedule/cost_model/xgb_model.py", line 594, in _train
    import xgboost as xgb  # type: ignore # pylint: disable=import-outside-toplevel
RuntimeError: No module named 'xgboost'
2026-04-10 15:56:41,642 | INFO | 
########################################################################################################################
2026-04-10 15:56:41,642 | INFO | Run 15/24 (9 remaining) | global 39/48 (9 remaining) | iteration=1 | mode=compare | config=pruned_g4-p0-m3-b1
2026-04-10 15:56:41,642 | INFO | Task: kernel=mlp_expand M=256 K=768 N=3072 bucket=large
2026-04-10 15:56:41,642 | INFO | ########################################################################################################################

2026-04-10 15:57:17,461 | ERROR | Task failed for kernel=mlp_expand M=256 with config=pruned_g4-p0-m3-b1
Traceback (most recent call last):
  File "/home/ishan/projects/major_project/apache_tvm_research/research/workloads/bert/metaschedule/metaschedule_8020_tuner.py", line 938, in _run_single_task
    database = _run_tuning(mod=mod, work_dir=work_dir, config=biased_config, tune_seed=tune_seed)
  File "/home/ishan/projects/major_project/apache_tvm_research/research/workloads/bert/metaschedule/metaschedule_8020_tuner.py", line 617, in _run_tuning
    return ms.tir_integration.tune_tir(**supported_kwargs)
  File "/home/ishan/projects/major_project/apache_tvm_research/tvm/python/tvm/meta_schedule/tir_integration.py", line 146, in tune_tir
    return tune_tasks(
  File "/home/ishan/projects/major_project/apache_tvm_research/tvm/python/tvm/meta_schedule/tune.py", line 122, in tune_tasks
    task_scheduler.tune(
  File "/home/ishan/projects/major_project/apache_tvm_research/tvm/python/tvm/meta_schedule/task_scheduler/task_scheduler.py", line 132, in tune
    _ffi_api.TaskSchedulerTune(  # type: ignore # pylint: disable=no-member
  File "tvm/ffi/cython/function.pxi", line 228, in tvm.ffi.core.Function.__call__
  File "tvm/ffi/cython/core.cpp", line 21837, in __pyx_pw_3tvm_3ffi_4core_8Function_1__call__
  File "tvm/ffi/cython/core.cpp", line 21888, in __pyx_pf_3tvm_3ffi_4core_8Function___call__
  File "tvm/ffi/cython/core.cpp", line 21606, in __pyx_f_3tvm_3ffi_4core_FuncCall
  File "tvm/ffi/cython/core.cpp", line 24531, in __pyx_f_3tvm_3ffi_4core_tvm_ffi_callback
  File "tvm/ffi/cython/core.cpp", line 14943, in __pyx_f_3tvm_3ffi_4core_set_last_ffi_error
  File "tvm/ffi/cython/function.pxi", line 383, in tvm.ffi.core.tvm_ffi_callback
  File "/home/ishan/projects/major_project/apache_tvm_research/tvm/python/tvm/meta_schedule/utils.py", line 76, in method
    return getattr(inst, name)(*args, **kwargs)
  File "/home/ishan/projects/major_project/apache_tvm_research/tvm/python/tvm/meta_schedule/cost_model/xgb_model.py", line 550, in update
    self._train(xs=feature_list, ys=cost_ratios)
  File "/home/ishan/projects/major_project/apache_tvm_research/tvm/python/tvm/meta_schedule/cost_model/xgb_model.py", line 594, in _train
    import xgboost as xgb  # type: ignore # pylint: disable=import-outside-toplevel
RuntimeError: No module named 'xgboost'
2026-04-10 15:57:17,462 | INFO | 
########################################################################################################################
2026-04-10 15:57:17,462 | INFO | Run 16/24 (8 remaining) | global 40/48 (8 remaining) | iteration=1 | mode=compare | config=pruned_g4-p0-m3-b1
2026-04-10 15:57:17,462 | INFO | Task: kernel=mlp_expand M=384 K=768 N=3072 bucket=large
2026-04-10 15:57:17,462 | INFO | ########################################################################################################################

2026-04-10 15:57:51,220 | ERROR | Task failed for kernel=mlp_expand M=384 with config=pruned_g4-p0-m3-b1
Traceback (most recent call last):
  File "/home/ishan/projects/major_project/apache_tvm_research/research/workloads/bert/metaschedule/metaschedule_8020_tuner.py", line 938, in _run_single_task
    database = _run_tuning(mod=mod, work_dir=work_dir, config=biased_config, tune_seed=tune_seed)
  File "/home/ishan/projects/major_project/apache_tvm_research/research/workloads/bert/metaschedule/metaschedule_8020_tuner.py", line 617, in _run_tuning
    return ms.tir_integration.tune_tir(**supported_kwargs)
  File "/home/ishan/projects/major_project/apache_tvm_research/tvm/python/tvm/meta_schedule/tir_integration.py", line 146, in tune_tir
    return tune_tasks(
  File "/home/ishan/projects/major_project/apache_tvm_research/tvm/python/tvm/meta_schedule/tune.py", line 122, in tune_tasks
    task_scheduler.tune(
  File "/home/ishan/projects/major_project/apache_tvm_research/tvm/python/tvm/meta_schedule/task_scheduler/task_scheduler.py", line 132, in tune
    _ffi_api.TaskSchedulerTune(  # type: ignore # pylint: disable=no-member
  File "tvm/ffi/cython/function.pxi", line 228, in tvm.ffi.core.Function.__call__
  File "tvm/ffi/cython/core.cpp", line 21837, in __pyx_pw_3tvm_3ffi_4core_8Function_1__call__
  File "tvm/ffi/cython/core.cpp", line 21888, in __pyx_pf_3tvm_3ffi_4core_8Function___call__
  File "tvm/ffi/cython/core.cpp", line 21606, in __pyx_f_3tvm_3ffi_4core_FuncCall
  File "tvm/ffi/cython/core.cpp", line 24531, in __pyx_f_3tvm_3ffi_4core_tvm_ffi_callback
  File "tvm/ffi/cython/core.cpp", line 14943, in __pyx_f_3tvm_3ffi_4core_set_last_ffi_error
  File "tvm/ffi/cython/function.pxi", line 383, in tvm.ffi.core.tvm_ffi_callback
  File "/home/ishan/projects/major_project/apache_tvm_research/tvm/python/tvm/meta_schedule/utils.py", line 76, in method
    return getattr(inst, name)(*args, **kwargs)
  File "/home/ishan/projects/major_project/apache_tvm_research/tvm/python/tvm/meta_schedule/cost_model/xgb_model.py", line 550, in update
    self._train(xs=feature_list, ys=cost_ratios)
  File "/home/ishan/projects/major_project/apache_tvm_research/tvm/python/tvm/meta_schedule/cost_model/xgb_model.py", line 594, in _train
    import xgboost as xgb  # type: ignore # pylint: disable=import-outside-toplevel
RuntimeError: No module named 'xgboost'
2026-04-10 15:57:51,220 | INFO | 
########################################################################################################################
2026-04-10 15:57:51,220 | INFO | Run 17/24 (7 remaining) | global 41/48 (7 remaining) | iteration=1 | mode=compare | config=pruned_g4-p0-m3-b1
2026-04-10 15:57:51,220 | INFO | Task: kernel=mlp_reduce M=16 K=3072 N=768 bucket=small
2026-04-10 15:57:51,220 | INFO | ########################################################################################################################

2026-04-10 15:58:15,030 | ERROR | Task failed for kernel=mlp_reduce M=16 with config=pruned_g4-p0-m3-b1
Traceback (most recent call last):
  File "/home/ishan/projects/major_project/apache_tvm_research/research/workloads/bert/metaschedule/metaschedule_8020_tuner.py", line 938, in _run_single_task
    database = _run_tuning(mod=mod, work_dir=work_dir, config=biased_config, tune_seed=tune_seed)
  File "/home/ishan/projects/major_project/apache_tvm_research/research/workloads/bert/metaschedule/metaschedule_8020_tuner.py", line 617, in _run_tuning
    return ms.tir_integration.tune_tir(**supported_kwargs)
  File "/home/ishan/projects/major_project/apache_tvm_research/tvm/python/tvm/meta_schedule/tir_integration.py", line 146, in tune_tir
    return tune_tasks(
  File "/home/ishan/projects/major_project/apache_tvm_research/tvm/python/tvm/meta_schedule/tune.py", line 122, in tune_tasks
    task_scheduler.tune(
  File "/home/ishan/projects/major_project/apache_tvm_research/tvm/python/tvm/meta_schedule/task_scheduler/task_scheduler.py", line 132, in tune
    _ffi_api.TaskSchedulerTune(  # type: ignore # pylint: disable=no-member
  File "tvm/ffi/cython/function.pxi", line 228, in tvm.ffi.core.Function.__call__
  File "tvm/ffi/cython/core.cpp", line 21837, in __pyx_pw_3tvm_3ffi_4core_8Function_1__call__
  File "tvm/ffi/cython/core.cpp", line 21888, in __pyx_pf_3tvm_3ffi_4core_8Function___call__
  File "tvm/ffi/cython/core.cpp", line 21606, in __pyx_f_3tvm_3ffi_4core_FuncCall
  File "tvm/ffi/cython/core.cpp", line 24531, in __pyx_f_3tvm_3ffi_4core_tvm_ffi_callback
  File "tvm/ffi/cython/core.cpp", line 14943, in __pyx_f_3tvm_3ffi_4core_set_last_ffi_error
  File "tvm/ffi/cython/function.pxi", line 383, in tvm.ffi.core.tvm_ffi_callback
  File "/home/ishan/projects/major_project/apache_tvm_research/tvm/python/tvm/meta_schedule/utils.py", line 76, in method
    return getattr(inst, name)(*args, **kwargs)
  File "/home/ishan/projects/major_project/apache_tvm_research/tvm/python/tvm/meta_schedule/cost_model/xgb_model.py", line 550, in update
    self._train(xs=feature_list, ys=cost_ratios)
  File "/home/ishan/projects/major_project/apache_tvm_research/tvm/python/tvm/meta_schedule/cost_model/xgb_model.py", line 594, in _train
    import xgboost as xgb  # type: ignore # pylint: disable=import-outside-toplevel
RuntimeError: No module named 'xgboost'
2026-04-10 15:58:15,031 | INFO | 
########################################################################################################################
2026-04-10 15:58:15,031 | INFO | Run 18/24 (6 remaining) | global 42/48 (6 remaining) | iteration=1 | mode=compare | config=pruned_g4-p0-m3-b1
2026-04-10 15:58:15,031 | INFO | Task: kernel=mlp_reduce M=32 K=3072 N=768 bucket=small
2026-04-10 15:58:15,031 | INFO | ########################################################################################################################

2026-04-10 15:58:37,591 | ERROR | Task failed for kernel=mlp_reduce M=32 with config=pruned_g4-p0-m3-b1
Traceback (most recent call last):
  File "/home/ishan/projects/major_project/apache_tvm_research/research/workloads/bert/metaschedule/metaschedule_8020_tuner.py", line 938, in _run_single_task
    database = _run_tuning(mod=mod, work_dir=work_dir, config=biased_config, tune_seed=tune_seed)
  File "/home/ishan/projects/major_project/apache_tvm_research/research/workloads/bert/metaschedule/metaschedule_8020_tuner.py", line 617, in _run_tuning
    return ms.tir_integration.tune_tir(**supported_kwargs)
  File "/home/ishan/projects/major_project/apache_tvm_research/tvm/python/tvm/meta_schedule/tir_integration.py", line 146, in tune_tir
    return tune_tasks(
  File "/home/ishan/projects/major_project/apache_tvm_research/tvm/python/tvm/meta_schedule/tune.py", line 122, in tune_tasks
    task_scheduler.tune(
  File "/home/ishan/projects/major_project/apache_tvm_research/tvm/python/tvm/meta_schedule/task_scheduler/task_scheduler.py", line 132, in tune
    _ffi_api.TaskSchedulerTune(  # type: ignore # pylint: disable=no-member
  File "tvm/ffi/cython/function.pxi", line 228, in tvm.ffi.core.Function.__call__
  File "tvm/ffi/cython/core.cpp", line 21837, in __pyx_pw_3tvm_3ffi_4core_8Function_1__call__
  File "tvm/ffi/cython/core.cpp", line 21888, in __pyx_pf_3tvm_3ffi_4core_8Function___call__
  File "tvm/ffi/cython/core.cpp", line 21606, in __pyx_f_3tvm_3ffi_4core_FuncCall
  File "tvm/ffi/cython/core.cpp", line 24531, in __pyx_f_3tvm_3ffi_4core_tvm_ffi_callback
  File "tvm/ffi/cython/core.cpp", line 14943, in __pyx_f_3tvm_3ffi_4core_set_last_ffi_error
  File "tvm/ffi/cython/function.pxi", line 383, in tvm.ffi.core.tvm_ffi_callback
  File "/home/ishan/projects/major_project/apache_tvm_research/tvm/python/tvm/meta_schedule/utils.py", line 76, in method
    return getattr(inst, name)(*args, **kwargs)
  File "/home/ishan/projects/major_project/apache_tvm_research/tvm/python/tvm/meta_schedule/cost_model/xgb_model.py", line 550, in update
    self._train(xs=feature_list, ys=cost_ratios)
  File "/home/ishan/projects/major_project/apache_tvm_research/tvm/python/tvm/meta_schedule/cost_model/xgb_model.py", line 594, in _train
    import xgboost as xgb  # type: ignore # pylint: disable=import-outside-toplevel
RuntimeError: No module named 'xgboost'
2026-04-10 15:58:37,592 | INFO | 
########################################################################################################################
2026-04-10 15:58:37,592 | INFO | Run 19/24 (5 remaining) | global 43/48 (5 remaining) | iteration=1 | mode=compare | config=pruned_g4-p0-m3-b1
2026-04-10 15:58:37,592 | INFO | Task: kernel=mlp_reduce M=64 K=3072 N=768 bucket=small
2026-04-10 15:58:37,592 | INFO | ########################################################################################################################

2026-04-10 15:59:07,762 | ERROR | Task failed for kernel=mlp_reduce M=64 with config=pruned_g4-p0-m3-b1
Traceback (most recent call last):
  File "/home/ishan/projects/major_project/apache_tvm_research/research/workloads/bert/metaschedule/metaschedule_8020_tuner.py", line 938, in _run_single_task
    database = _run_tuning(mod=mod, work_dir=work_dir, config=biased_config, tune_seed=tune_seed)
  File "/home/ishan/projects/major_project/apache_tvm_research/research/workloads/bert/metaschedule/metaschedule_8020_tuner.py", line 617, in _run_tuning
    return ms.tir_integration.tune_tir(**supported_kwargs)
  File "/home/ishan/projects/major_project/apache_tvm_research/tvm/python/tvm/meta_schedule/tir_integration.py", line 146, in tune_tir
    return tune_tasks(
  File "/home/ishan/projects/major_project/apache_tvm_research/tvm/python/tvm/meta_schedule/tune.py", line 122, in tune_tasks
    task_scheduler.tune(
  File "/home/ishan/projects/major_project/apache_tvm_research/tvm/python/tvm/meta_schedule/task_scheduler/task_scheduler.py", line 132, in tune
    _ffi_api.TaskSchedulerTune(  # type: ignore # pylint: disable=no-member
  File "tvm/ffi/cython/function.pxi", line 228, in tvm.ffi.core.Function.__call__
  File "tvm/ffi/cython/core.cpp", line 21837, in __pyx_pw_3tvm_3ffi_4core_8Function_1__call__
  File "tvm/ffi/cython/core.cpp", line 21888, in __pyx_pf_3tvm_3ffi_4core_8Function___call__
  File "tvm/ffi/cython/core.cpp", line 21606, in __pyx_f_3tvm_3ffi_4core_FuncCall
  File "tvm/ffi/cython/core.cpp", line 24531, in __pyx_f_3tvm_3ffi_4core_tvm_ffi_callback
  File "tvm/ffi/cython/core.cpp", line 14943, in __pyx_f_3tvm_3ffi_4core_set_last_ffi_error
  File "tvm/ffi/cython/function.pxi", line 383, in tvm.ffi.core.tvm_ffi_callback
  File "/home/ishan/projects/major_project/apache_tvm_research/tvm/python/tvm/meta_schedule/utils.py", line 76, in method
    return getattr(inst, name)(*args, **kwargs)
  File "/home/ishan/projects/major_project/apache_tvm_research/tvm/python/tvm/meta_schedule/cost_model/xgb_model.py", line 550, in update
    self._train(xs=feature_list, ys=cost_ratios)
  File "/home/ishan/projects/major_project/apache_tvm_research/tvm/python/tvm/meta_schedule/cost_model/xgb_model.py", line 594, in _train
    import xgboost as xgb  # type: ignore # pylint: disable=import-outside-toplevel
RuntimeError: No module named 'xgboost'
2026-04-10 15:59:07,762 | INFO | 
########################################################################################################################
2026-04-10 15:59:07,762 | INFO | Run 20/24 (4 remaining) | global 44/48 (4 remaining) | iteration=1 | mode=compare | config=pruned_g4-p0-m3-b1
2026-04-10 15:59:07,762 | INFO | Task: kernel=mlp_reduce M=96 K=3072 N=768 bucket=medium
2026-04-10 15:59:07,763 | INFO | ########################################################################################################################

2026-04-10 15:59:28,370 | ERROR | Task failed for kernel=mlp_reduce M=96 with config=pruned_g4-p0-m3-b1
Traceback (most recent call last):
  File "/home/ishan/projects/major_project/apache_tvm_research/research/workloads/bert/metaschedule/metaschedule_8020_tuner.py", line 938, in _run_single_task
    database = _run_tuning(mod=mod, work_dir=work_dir, config=biased_config, tune_seed=tune_seed)
  File "/home/ishan/projects/major_project/apache_tvm_research/research/workloads/bert/metaschedule/metaschedule_8020_tuner.py", line 617, in _run_tuning
    return ms.tir_integration.tune_tir(**supported_kwargs)
  File "/home/ishan/projects/major_project/apache_tvm_research/tvm/python/tvm/meta_schedule/tir_integration.py", line 146, in tune_tir
    return tune_tasks(
  File "/home/ishan/projects/major_project/apache_tvm_research/tvm/python/tvm/meta_schedule/tune.py", line 122, in tune_tasks
    task_scheduler.tune(
  File "/home/ishan/projects/major_project/apache_tvm_research/tvm/python/tvm/meta_schedule/task_scheduler/task_scheduler.py", line 132, in tune
    _ffi_api.TaskSchedulerTune(  # type: ignore # pylint: disable=no-member
  File "tvm/ffi/cython/function.pxi", line 228, in tvm.ffi.core.Function.__call__
  File "tvm/ffi/cython/core.cpp", line 21837, in __pyx_pw_3tvm_3ffi_4core_8Function_1__call__
  File "tvm/ffi/cython/core.cpp", line 21888, in __pyx_pf_3tvm_3ffi_4core_8Function___call__
  File "tvm/ffi/cython/core.cpp", line 21606, in __pyx_f_3tvm_3ffi_4core_FuncCall
  File "tvm/ffi/cython/core.cpp", line 24531, in __pyx_f_3tvm_3ffi_4core_tvm_ffi_callback
  File "tvm/ffi/cython/core.cpp", line 14943, in __pyx_f_3tvm_3ffi_4core_set_last_ffi_error
  File "tvm/ffi/cython/function.pxi", line 383, in tvm.ffi.core.tvm_ffi_callback
  File "/home/ishan/projects/major_project/apache_tvm_research/tvm/python/tvm/meta_schedule/utils.py", line 76, in method
    return getattr(inst, name)(*args, **kwargs)
  File "/home/ishan/projects/major_project/apache_tvm_research/tvm/python/tvm/meta_schedule/cost_model/xgb_model.py", line 550, in update
    self._train(xs=feature_list, ys=cost_ratios)
  File "/home/ishan/projects/major_project/apache_tvm_research/tvm/python/tvm/meta_schedule/cost_model/xgb_model.py", line 594, in _train
    import xgboost as xgb  # type: ignore # pylint: disable=import-outside-toplevel
RuntimeError: No module named 'xgboost'
2026-04-10 15:59:28,371 | INFO | 
########################################################################################################################
2026-04-10 15:59:28,371 | INFO | Run 21/24 (3 remaining) | global 45/48 (3 remaining) | iteration=1 | mode=compare | config=pruned_g4-p0-m3-b1
2026-04-10 15:59:28,371 | INFO | Task: kernel=mlp_reduce M=128 K=3072 N=768 bucket=medium
2026-04-10 15:59:28,371 | INFO | ########################################################################################################################

2026-04-10 15:59:58,380 | ERROR | Task failed for kernel=mlp_reduce M=128 with config=pruned_g4-p0-m3-b1
Traceback (most recent call last):
  File "/home/ishan/projects/major_project/apache_tvm_research/research/workloads/bert/metaschedule/metaschedule_8020_tuner.py", line 938, in _run_single_task
    database = _run_tuning(mod=mod, work_dir=work_dir, config=biased_config, tune_seed=tune_seed)
  File "/home/ishan/projects/major_project/apache_tvm_research/research/workloads/bert/metaschedule/metaschedule_8020_tuner.py", line 617, in _run_tuning
    return ms.tir_integration.tune_tir(**supported_kwargs)
  File "/home/ishan/projects/major_project/apache_tvm_research/tvm/python/tvm/meta_schedule/tir_integration.py", line 146, in tune_tir
    return tune_tasks(
  File "/home/ishan/projects/major_project/apache_tvm_research/tvm/python/tvm/meta_schedule/tune.py", line 122, in tune_tasks
    task_scheduler.tune(
  File "/home/ishan/projects/major_project/apache_tvm_research/tvm/python/tvm/meta_schedule/task_scheduler/task_scheduler.py", line 132, in tune
    _ffi_api.TaskSchedulerTune(  # type: ignore # pylint: disable=no-member
  File "tvm/ffi/cython/function.pxi", line 228, in tvm.ffi.core.Function.__call__
  File "tvm/ffi/cython/core.cpp", line 21837, in __pyx_pw_3tvm_3ffi_4core_8Function_1__call__
  File "tvm/ffi/cython/core.cpp", line 21888, in __pyx_pf_3tvm_3ffi_4core_8Function___call__
  File "tvm/ffi/cython/core.cpp", line 21606, in __pyx_f_3tvm_3ffi_4core_FuncCall
  File "tvm/ffi/cython/core.cpp", line 24531, in __pyx_f_3tvm_3ffi_4core_tvm_ffi_callback
  File "tvm/ffi/cython/core.cpp", line 14943, in __pyx_f_3tvm_3ffi_4core_set_last_ffi_error
  File "tvm/ffi/cython/function.pxi", line 383, in tvm.ffi.core.tvm_ffi_callback
  File "/home/ishan/projects/major_project/apache_tvm_research/tvm/python/tvm/meta_schedule/utils.py", line 76, in method
    return getattr(inst, name)(*args, **kwargs)
  File "/home/ishan/projects/major_project/apache_tvm_research/tvm/python/tvm/meta_schedule/cost_model/xgb_model.py", line 550, in update
    self._train(xs=feature_list, ys=cost_ratios)
  File "/home/ishan/projects/major_project/apache_tvm_research/tvm/python/tvm/meta_schedule/cost_model/xgb_model.py", line 594, in _train
    import xgboost as xgb  # type: ignore # pylint: disable=import-outside-toplevel
RuntimeError: No module named 'xgboost'
2026-04-10 15:59:58,380 | INFO | 
########################################################################################################################
2026-04-10 15:59:58,380 | INFO | Run 22/24 (2 remaining) | global 46/48 (2 remaining) | iteration=1 | mode=compare | config=pruned_g4-p0-m3-b1
2026-04-10 15:59:58,381 | INFO | Task: kernel=mlp_reduce M=192 K=3072 N=768 bucket=large
2026-04-10 15:59:58,381 | INFO | ########################################################################################################################

2026-04-10 16:00:25,345 | ERROR | Task failed for kernel=mlp_reduce M=192 with config=pruned_g4-p0-m3-b1
Traceback (most recent call last):
  File "/home/ishan/projects/major_project/apache_tvm_research/research/workloads/bert/metaschedule/metaschedule_8020_tuner.py", line 938, in _run_single_task
    database = _run_tuning(mod=mod, work_dir=work_dir, config=biased_config, tune_seed=tune_seed)
  File "/home/ishan/projects/major_project/apache_tvm_research/research/workloads/bert/metaschedule/metaschedule_8020_tuner.py", line 617, in _run_tuning
    return ms.tir_integration.tune_tir(**supported_kwargs)
  File "/home/ishan/projects/major_project/apache_tvm_research/tvm/python/tvm/meta_schedule/tir_integration.py", line 146, in tune_tir
    return tune_tasks(
  File "/home/ishan/projects/major_project/apache_tvm_research/tvm/python/tvm/meta_schedule/tune.py", line 122, in tune_tasks
    task_scheduler.tune(
  File "/home/ishan/projects/major_project/apache_tvm_research/tvm/python/tvm/meta_schedule/task_scheduler/task_scheduler.py", line 132, in tune
    _ffi_api.TaskSchedulerTune(  # type: ignore # pylint: disable=no-member
  File "tvm/ffi/cython/function.pxi", line 228, in tvm.ffi.core.Function.__call__
  File "tvm/ffi/cython/core.cpp", line 21837, in __pyx_pw_3tvm_3ffi_4core_8Function_1__call__
  File "tvm/ffi/cython/core.cpp", line 21888, in __pyx_pf_3tvm_3ffi_4core_8Function___call__
  File "tvm/ffi/cython/core.cpp", line 21606, in __pyx_f_3tvm_3ffi_4core_FuncCall
  File "tvm/ffi/cython/core.cpp", line 24531, in __pyx_f_3tvm_3ffi_4core_tvm_ffi_callback
  File "tvm/ffi/cython/core.cpp", line 14943, in __pyx_f_3tvm_3ffi_4core_set_last_ffi_error
  File "tvm/ffi/cython/function.pxi", line 383, in tvm.ffi.core.tvm_ffi_callback
  File "/home/ishan/projects/major_project/apache_tvm_research/tvm/python/tvm/meta_schedule/utils.py", line 76, in method
    return getattr(inst, name)(*args, **kwargs)
  File "/home/ishan/projects/major_project/apache_tvm_research/tvm/python/tvm/meta_schedule/cost_model/xgb_model.py", line 550, in update
    self._train(xs=feature_list, ys=cost_ratios)
  File "/home/ishan/projects/major_project/apache_tvm_research/tvm/python/tvm/meta_schedule/cost_model/xgb_model.py", line 594, in _train
    import xgboost as xgb  # type: ignore # pylint: disable=import-outside-toplevel
RuntimeError: No module named 'xgboost'
2026-04-10 16:00:25,345 | INFO | 
########################################################################################################################
2026-04-10 16:00:25,346 | INFO | Run 23/24 (1 remaining) | global 47/48 (1 remaining) | iteration=1 | mode=compare | config=pruned_g4-p0-m3-b1
2026-04-10 16:00:25,346 | INFO | Task: kernel=mlp_reduce M=256 K=3072 N=768 bucket=large
2026-04-10 16:00:25,346 | INFO | ########################################################################################################################

2026-04-10 16:00:57,808 | ERROR | Task failed for kernel=mlp_reduce M=256 with config=pruned_g4-p0-m3-b1
Traceback (most recent call last):
  File "/home/ishan/projects/major_project/apache_tvm_research/research/workloads/bert/metaschedule/metaschedule_8020_tuner.py", line 938, in _run_single_task
    database = _run_tuning(mod=mod, work_dir=work_dir, config=biased_config, tune_seed=tune_seed)
  File "/home/ishan/projects/major_project/apache_tvm_research/research/workloads/bert/metaschedule/metaschedule_8020_tuner.py", line 617, in _run_tuning
    return ms.tir_integration.tune_tir(**supported_kwargs)
  File "/home/ishan/projects/major_project/apache_tvm_research/tvm/python/tvm/meta_schedule/tir_integration.py", line 146, in tune_tir
    return tune_tasks(
  File "/home/ishan/projects/major_project/apache_tvm_research/tvm/python/tvm/meta_schedule/tune.py", line 122, in tune_tasks
    task_scheduler.tune(
  File "/home/ishan/projects/major_project/apache_tvm_research/tvm/python/tvm/meta_schedule/task_scheduler/task_scheduler.py", line 132, in tune
    _ffi_api.TaskSchedulerTune(  # type: ignore # pylint: disable=no-member
  File "tvm/ffi/cython/function.pxi", line 228, in tvm.ffi.core.Function.__call__
  File "tvm/ffi/cython/core.cpp", line 21837, in __pyx_pw_3tvm_3ffi_4core_8Function_1__call__
  File "tvm/ffi/cython/core.cpp", line 21888, in __pyx_pf_3tvm_3ffi_4core_8Function___call__
  File "tvm/ffi/cython/core.cpp", line 21606, in __pyx_f_3tvm_3ffi_4core_FuncCall
  File "tvm/ffi/cython/core.cpp", line 24531, in __pyx_f_3tvm_3ffi_4core_tvm_ffi_callback
  File "tvm/ffi/cython/core.cpp", line 14943, in __pyx_f_3tvm_3ffi_4core_set_last_ffi_error
  File "tvm/ffi/cython/function.pxi", line 383, in tvm.ffi.core.tvm_ffi_callback
  File "/home/ishan/projects/major_project/apache_tvm_research/tvm/python/tvm/meta_schedule/utils.py", line 76, in method
    return getattr(inst, name)(*args, **kwargs)
  File "/home/ishan/projects/major_project/apache_tvm_research/tvm/python/tvm/meta_schedule/cost_model/xgb_model.py", line 550, in update
    self._train(xs=feature_list, ys=cost_ratios)
  File "/home/ishan/projects/major_project/apache_tvm_research/tvm/python/tvm/meta_schedule/cost_model/xgb_model.py", line 594, in _train
    import xgboost as xgb  # type: ignore # pylint: disable=import-outside-toplevel
RuntimeError: No module named 'xgboost'
2026-04-10 16:00:57,809 | INFO | 
########################################################################################################################
2026-04-10 16:00:57,809 | INFO | Run 24/24 (0 remaining) | global 48/48 (0 remaining) | iteration=1 | mode=compare | config=pruned_g4-p0-m3-b1
2026-04-10 16:00:57,809 | INFO | Task: kernel=mlp_reduce M=384 K=3072 N=768 bucket=large
2026-04-10 16:00:57,809 | INFO | ########################################################################################################################

2026-04-10 16:01:36,930 | ERROR | Task failed for kernel=mlp_reduce M=384 with config=pruned_g4-p0-m3-b1
Traceback (most recent call last):
  File "/home/ishan/projects/major_project/apache_tvm_research/research/workloads/bert/metaschedule/metaschedule_8020_tuner.py", line 938, in _run_single_task
    database = _run_tuning(mod=mod, work_dir=work_dir, config=biased_config, tune_seed=tune_seed)
  File "/home/ishan/projects/major_project/apache_tvm_research/research/workloads/bert/metaschedule/metaschedule_8020_tuner.py", line 617, in _run_tuning
    return ms.tir_integration.tune_tir(**supported_kwargs)
  File "/home/ishan/projects/major_project/apache_tvm_research/tvm/python/tvm/meta_schedule/tir_integration.py", line 146, in tune_tir
    return tune_tasks(
  File "/home/ishan/projects/major_project/apache_tvm_research/tvm/python/tvm/meta_schedule/tune.py", line 122, in tune_tasks
    task_scheduler.tune(
  File "/home/ishan/projects/major_project/apache_tvm_research/tvm/python/tvm/meta_schedule/task_scheduler/task_scheduler.py", line 132, in tune
    _ffi_api.TaskSchedulerTune(  # type: ignore # pylint: disable=no-member
  File "tvm/ffi/cython/function.pxi", line 228, in tvm.ffi.core.Function.__call__
  File "tvm/ffi/cython/core.cpp", line 21837, in __pyx_pw_3tvm_3ffi_4core_8Function_1__call__
  File "tvm/ffi/cython/core.cpp", line 21888, in __pyx_pf_3tvm_3ffi_4core_8Function___call__
  File "tvm/ffi/cython/core.cpp", line 21606, in __pyx_f_3tvm_3ffi_4core_FuncCall
  File "tvm/ffi/cython/core.cpp", line 24531, in __pyx_f_3tvm_3ffi_4core_tvm_ffi_callback
  File "tvm/ffi/cython/core.cpp", line 14943, in __pyx_f_3tvm_3ffi_4core_set_last_ffi_error
  File "tvm/ffi/cython/function.pxi", line 383, in tvm.ffi.core.tvm_ffi_callback
  File "/home/ishan/projects/major_project/apache_tvm_research/tvm/python/tvm/meta_schedule/utils.py", line 76, in method
    return getattr(inst, name)(*args, **kwargs)
  File "/home/ishan/projects/major_project/apache_tvm_research/tvm/python/tvm/meta_schedule/cost_model/xgb_model.py", line 550, in update
    self._train(xs=feature_list, ys=cost_ratios)
  File "/home/ishan/projects/major_project/apache_tvm_research/tvm/python/tvm/meta_schedule/cost_model/xgb_model.py", line 594, in _train
    import xgboost as xgb  # type: ignore # pylint: disable=import-outside-toplevel
RuntimeError: No module named 'xgboost'
2026-04-10 16:01:36,931 | INFO | Per-task latency comparison table:
shape             | baseline_latency_us | candidate_latency_us | baseline_task_tune_time | candidate_task_tune_time | latency_retention | exec_time_reduction
------------------+---------------------+----------------------+-------------------------+--------------------------+-------------------+--------------------
mlp_expand[M=16]  | n/a                 | n/a                  | n/a                     | n/a                      | → n/a             | → n/a              
mlp_expand[M=32]  | n/a                 | n/a                  | n/a                     | n/a                      | → n/a             | → n/a              
mlp_expand[M=64]  | n/a                 | n/a                  | n/a                     | n/a                      | → n/a             | → n/a              
mlp_expand[M=96]  | n/a                 | n/a                  | n/a                     | n/a                      | → n/a             | → n/a              
mlp_expand[M=128] | n/a                 | n/a                  | n/a                     | n/a                      | → n/a             | → n/a              
mlp_expand[M=192] | n/a                 | n/a                  | n/a                     | n/a                      | → n/a             | → n/a              
mlp_expand[M=256] | n/a                 | n/a                  | n/a                     | n/a                      | → n/a             | → n/a              
mlp_expand[M=384] | n/a                 | n/a                  | n/a                     | n/a                      | → n/a             | → n/a              
mlp_reduce[M=16]  | n/a                 | n/a                  | n/a                     | n/a                      | → n/a             | → n/a              
mlp_reduce[M=32]  | n/a                 | n/a                  | n/a                     | n/a                      | → n/a             | → n/a              
mlp_reduce[M=64]  | n/a                 | n/a                  | n/a                     | n/a                      | → n/a             | → n/a              
mlp_reduce[M=96]  | n/a                 | n/a                  | n/a                     | n/a                      | → n/a             | → n/a              
mlp_reduce[M=128] | n/a                 | n/a                  | n/a                     | n/a                      | → n/a             | → n/a              
mlp_reduce[M=192] | n/a                 | n/a                  | n/a                     | n/a                      | → n/a             | → n/a              
mlp_reduce[M=256] | n/a                 | n/a                  | n/a                     | n/a                      | → n/a             | → n/a              
mlp_reduce[M=384] | n/a                 | n/a                  | n/a                     | n/a                      | → n/a             | → n/a              
qkv[M=16]         | n/a                 | n/a                  | n/a                     | n/a                      | → n/a             | → n/a              
qkv[M=32]         | n/a                 | n/a                  | n/a                     | n/a                      | → n/a             | → n/a              
qkv[M=64]         | n/a                 | n/a                  | n/a                     | n/a                      | → n/a             | → n/a              
qkv[M=96]         | n/a                 | n/a                  | n/a                     | n/a                      | → n/a             | → n/a              
qkv[M=128]        | n/a                 | n/a                  | n/a                     | n/a                      | → n/a             | → n/a              
qkv[M=192]        | n/a                 | n/a                  | n/a                     | n/a                      | → n/a             | → n/a              
qkv[M=256]        | n/a                 | n/a                  | n/a                     | n/a                      | → n/a             | → n/a              
qkv[M=384]        | n/a                 | n/a                  | n/a                     | n/a                      | → n/a             | → n/a              
2026-04-10 16:01:36,931 | INFO | Per-kernel geomean comparison table:
No kernel-level summary rows were available for comparison.
2026-04-10 16:01:36,931 | INFO | Full tune_tir series time | baseline=0m 0.000s (0.000s) | candidate=0m 0.000s (0.000s)
2026-04-10 16:01:36,931 | INFO | Overall comparison summary:
num_shapes | base_lat_gm_us | cand_lat_gm_us | base_total_tune_tir | cand_total_tune_tir | base_total_tune_s | cand_total_tune_s | latency_retention | exec_time_reduction
-----------+----------------+----------------+---------------------+---------------------+-------------------+-------------------+-------------------+--------------------
24         | n/a            | n/a            | 0m 0.000s           | 0m 0.000s           | 0.000             | 0.000             | → n/a             | → n/a              
2026-04-10 16:01:37,054 | INFO | Comparison completed
2026-04-10 16:01:37,054 | INFO | Comparison details written to research/results/metaschedule/comparison_results.json (id=c39b8ff2319e7d56)
2026-04-10 16:01:37,054 | INFO | Comparison retention= → 0.0000 total_tune_tir_time_reduction= → 0.0000
2026-04-10 16:07:15,173 | INFO | Starting 80/20 MetaSchedule tuner
2026-04-10 16:07:15,173 | INFO | Target: llvm -keys=cpu -mtriple=x86_64-pc-linux-gnu -num-cores=8
2026-04-10 16:07:15,174 | INFO | Work dir base: research/results/metaschedule/8020
2026-04-10 16:07:15,177 | INFO | Profile: i5-1235u
2026-04-10 16:07:15,180 | ERROR | Missing MetaSchedule runtime dependencies: xgboost. Install with: python3 -m pip install xgboost
